-- Dumping data for User table
insert into User (UserID, CoachID, FirstName, LastName, Email, Password, PhoneNum, Street, City, State, Role, Gender, DOB, Weight, Height, ActivityLevel, Created, LastUpdate) values (1, NULL, 'Admin', 'Admin', 'admin@fitfusion.com', '$2a$04$eAfFmHlzVc4He97tXcyAPuDMCGbHeAPC8bHYuuqRhcE36JmrC.IMi', '000-000-0000', '323 MLK Blvd', 'Newark', 'New Jersey', 'Admin', 'Male', '2000-01-01', 150, 70, 'Moderate', CURRENT_TIMESTAMP, CURRENT_TIMESTAMP);
insert into User (UserID, CoachID, FirstName, LastName, Email, Password, PhoneNum, Street, City, State, Role, Gender, DOB, Weight, Height, ActivityLevel, Created, LastUpdate) values (2, NULL, 'Moselle', 'Penn', 'mpenn1@diigo.com', '$2a$04$y/ueG394hADKKFUyTjLRP.4vFjWqdJUfyiHZIDszAe9tE8QJtgmHq', '904-267-8144', '38406 Springs Alley', 'Jacksonville', 'Florida', 'Client', 'Female', '1981-05-04', 261, 71, 'Low', CURRENT_TIMESTAMP, CURRENT_TIMESTAMP);
insert into User (UserID, CoachID, FirstName, LastName, Email, Password, PhoneNum, Street, City, State, Role, Gender, DOB, Weight, Height, ActivityLevel, Created, LastUpdate) values (3, NULL, 'Rawley', 'Comins', 'rcomins2@reverbnation.com', '$2a$04$Q6EwlkIk.Sq8W.Zf1lnlDOFBsZ3jfZ0osep5DRnGXvouNmQcdHE5m', '785-151-5411', '593 Grim Park', 'Topeka', 'Kansas', 'Client', 'Male', '1989-11-08', 124, 71, 'Moderate', CURRENT_TIMESTAMP, CURRENT_TIMESTAMP);
insert into User (UserID, CoachID, FirstName, LastName, Email, Password, PhoneNum, Street, City, State, Role, Gender, DOB, Weight, Height, ActivityLevel, Created, LastUpdate) values (4, NULL, 'Elena', 'Dilleston', 'edilleston3@soup.io', '$2a$04$60QSRFHX1mkVJDeMa5HmueCJSu3N87gnryKNfgtPs.mgfugO0Vk3m', '865-947-9494', '2308 Chinook Trail', 'Knoxville', 'Tennessee', 'Coach', 'Female', '1982-04-17', 178, 68, 'High', CURRENT_TIMESTAMP, CURRENT_TIMESTAMP);
insert into User (UserID, CoachID, FirstName, LastName, Email, Password, PhoneNum, Street, City, State, Role, Gender, DOB, Weight, Height, ActivityLevel, Created, LastUpdate) values (5, NULL, 'Berkie', 'Tarbert', 'btarbert4@ocn.ne.jp', '$2a$04$5UdxTgV9RTzajUwj7KPg0ulHIEEjFiva1QMrCeMFqQQFYJnxmH2ZO', '540-469-9501', '5 Alpine Park', 'Roanoke', 'Virginia', 'Client', 'Male', '1978-07-24', 174, 71, 'Moderate', CURRENT_TIMESTAMP, CURRENT_TIMESTAMP);
insert into User (UserID, CoachID, FirstName, LastName, Email, Password, PhoneNum, Street, City, State, Role, Gender, DOB, Weight, Height, ActivityLevel, Created, LastUpdate) values (6, NULL, 'Derk', 'Walthall', 'dwalthall5@salon.com', '$2a$04$QF24PgdXIcjwgjk96EueQ.43pbsxxSCKcyuXEsfN4Fn.iJwnXAbou', '559-154-4689', '50 Longview Road', 'Fresno', 'California', 'Client', 'Male', '1990-02-19', 214, 79, 'Low', CURRENT_TIMESTAMP, CURRENT_TIMESTAMP);
insert into User (UserID, CoachID, FirstName, LastName, Email, Password, PhoneNum, Street, City, State, Role, Gender, DOB, Weight, Height, ActivityLevel, Created, LastUpdate) values (7, NULL, 'Lynde', 'Vigars', 'lvigars6@geocities.jp', '$2a$04$C0Immdl7LAV7Qv9ZtMIabu/nIVCmhol/FMRPNbcLiJeaPWfQC5pG6', '479-725-7041', '8 Mesta Park', 'Fort Smith', 'Arkansas', 'Client', 'Female', '1972-08-17', 236, 72, 'Moderate', CURRENT_TIMESTAMP, CURRENT_TIMESTAMP);
insert into User (UserID, CoachID, FirstName, LastName, Email, Password, PhoneNum, Street, City, State, Role, Gender, DOB, Weight, Height, ActivityLevel, Created, LastUpdate) values (8, NULL, 'Con', 'Shakesbye', 'cshakesbye7@imdb.com', '$2a$04$REHbcvWLOTfXVHNkLB2Je.CEDBXpbhoPBymqTzBi45xS2lELHSP5S', '512-675-2461', '6 Holmberg Center', 'Round Rock', 'Texas', 'Coach', 'Female', '1991-01-01', 193, 70, 'High', CURRENT_TIMESTAMP, CURRENT_TIMESTAMP);
insert into User (UserID, CoachID, FirstName, LastName, Email, Password, PhoneNum, Street, City, State, Role, Gender, DOB, Weight, Height, ActivityLevel, Created, LastUpdate) values (9, NULL, 'Nickie', 'Tyrie', 'ntyrie8@blogspot.com', '$2a$04$kFkwCfcHpj/x6.KPDM.gaus1ZHZMFtOHoN2UVTgSqDNZ638tF0zrW', '317-132-2693', '9 Graedel Point', 'Indianapolis', 'Indiana', 'Client', 'Male', '1987-07-20', 163, 71, 'Moderate', CURRENT_TIMESTAMP, CURRENT_TIMESTAMP);
insert into User (UserID, CoachID, FirstName, LastName, Email, Password, PhoneNum, Street, City, State, Role, Gender, DOB, Weight, Height, ActivityLevel, Created, LastUpdate) values (10, NULL, 'Alden', 'Wolfit', 'awolfit9@intel.com', '$2a$04$xMRE69.I.YdbP.IR25ulk.D3zOgPPBYCVMeXjmh0Egf4zyFqibJi.', '954-707-8871', '65646 Gina Court', 'Fort Lauderdale', 'Florida', 'Client', 'Male', '1969-11-23', 102, 77, 'Low', CURRENT_TIMESTAMP, CURRENT_TIMESTAMP);
insert into User (UserID, CoachID, FirstName, LastName, Email, Password, PhoneNum, Street, City, State, Role, Gender, DOB, Weight, Height, ActivityLevel, Created, LastUpdate) values (11, NULL, 'Rica', 'Birden', 'rbirdena@wisc.edu', '$2a$04$RkgKAcEf3zmKPUVG8c8Br.uZvs5AWc3d2x/2AxRoYJ29ApBLZjuqe', '404-240-3584', '024 Eastwood Park', 'Atlanta', 'Georgia', 'Client', 'Female', '1998-01-18', 226, 77, 'Moderate', CURRENT_TIMESTAMP, CURRENT_TIMESTAMP);
insert into User (UserID, CoachID, FirstName, LastName, Email, Password, PhoneNum, Street, City, State, Role, Gender, DOB, Weight, Height, ActivityLevel, Created, LastUpdate) values (12, NULL, 'Benoit', 'Heggman', 'bheggmanb@hp.com', '$2a$04$6pupOH8XeYvDwvcqMt/dTOkNW9dX1fHoXcomC65q7gafIq3eAJu0O', '605-282-7121', '440 Dapin Trail', 'Sioux Falls', 'South Dakota', 'Coach', 'Male', '1986-12-11', 228, 73, 'High', CURRENT_TIMESTAMP, CURRENT_TIMESTAMP);
insert into User (UserID, CoachID, FirstName, LastName, Email, Password, PhoneNum, Street, City, State, Role, Gender, DOB, Weight, Height, ActivityLevel, Created, LastUpdate) values (13, NULL, 'Yorgo', 'Letessier', 'yletessierc@posterous.com', '$2a$04$BkNp/YVIvqkxYAYHPPpUBOdAP4EQ7jgidcL4JcE/Ko7yjG8zG0S2O', '202-597-4303', '4 Parkside Street', 'Washington', 'District of Columbia', 'Client', 'Male', '2004-01-21', 262, 76, 'Moderate', CURRENT_TIMESTAMP, CURRENT_TIMESTAMP);
insert into User (UserID, CoachID, FirstName, LastName, Email, Password, PhoneNum, Street, City, State, Role, Gender, DOB, Weight, Height, ActivityLevel, Created, LastUpdate) values (14, NULL, 'Loleta', 'Ezzy', 'lezzyd@booking.com', '$2a$04$befj71KQ0R6pGp6KVkjL9.URQpAYIy74aV4yOTFXsx3lnb.sBml0.', '937-275-0303', '5 Kedzie Circle', 'Dayton', 'Ohio', 'Client', 'Female', '1972-03-06', 204, 77, 'Low', CURRENT_TIMESTAMP, CURRENT_TIMESTAMP);
insert into User (UserID, CoachID, FirstName, LastName, Email, Password, PhoneNum, Street, City, State, Role, Gender, DOB, Weight, Height, ActivityLevel, Created, LastUpdate) values (15, NULL, 'Laverna', 'Tranter', 'ltrantere@elegantthemes.com', '$2a$04$d6tmNQr1nv.Z5Ni/rQcv3.PeEsd7nRrN10vjuS87nVpUdMiHfHE7C', '661-193-8551', '31 Everett Plaza', 'Bakersfield', 'California', 'Client', 'Female', '2002-02-23', 202, 62, 'Moderate', CURRENT_TIMESTAMP, CURRENT_TIMESTAMP);
insert into User (UserID, CoachID, FirstName, LastName, Email, Password, PhoneNum, Street, City, State, Role, Gender, DOB, Weight, Height, ActivityLevel, Created, LastUpdate) values (16, NULL, 'Anabella', 'Gartery', 'agarteryf@plala.or.jp', '$2a$04$UHDGYts/R02FV6w0ilMTnOnzxruaA9EP82votq3Y5fW5lYT5szHgu', '651-732-7282', '96870 Prairieview Park', 'Saint Paul', 'Minnesota', 'Coach', 'Female', '1999-08-25', 224, 77, 'High', CURRENT_TIMESTAMP, CURRENT_TIMESTAMP);
insert into User (UserID, CoachID, FirstName, LastName, Email, Password, PhoneNum, Street, City, State, Role, Gender, DOB, Weight, Height, ActivityLevel, Created, LastUpdate) values (17, NULL, 'Ode', 'Theodoris', 'otheodorisg@icq.com', '$2a$04$x53YicdSVgcZNDSFQq6pIuffVecELr/sR9tNtdfaAXvEJy3mpKXSW', '818-455-4007', '293 Crescent Oaks Place', 'Glendale', 'California', 'Client', 'Male', '1965-03-28', 218, 76, 'Moderate', CURRENT_TIMESTAMP, CURRENT_TIMESTAMP);
insert into User (UserID, CoachID, FirstName, LastName, Email, Password, PhoneNum, Street, City, State, Role, Gender, DOB, Weight, Height, ActivityLevel, Created, LastUpdate) values (18, NULL, 'Alano', 'Noblet', 'anobleth@wix.com', '$2a$04$5ZWKNDTFr.GpVutvkeTAluTZzIgQjaLG7nTtINltCdiplkhm44PG2', '412-122-3022', '0 Quincy Hill', 'Pittsburgh', 'Pennsylvania', 'Client', 'Male', '1987-09-18', 172, 69, 'Low', CURRENT_TIMESTAMP, CURRENT_TIMESTAMP);
insert into User (UserID, CoachID, FirstName, LastName, Email, Password, PhoneNum, Street, City, State, Role, Gender, DOB, Weight, Height, ActivityLevel, Created, LastUpdate) values (19, NULL, 'Aryn', 'Simm', 'asimmi@buzzfeed.com', '$2a$04$CKkgLDkgdwNCa2NveEzLC.OXF0TWN0zH7mjAOuDZ8Zu.jCma9rMb2', '503-948-4278', '694 Sage Alley', 'Portland', 'Oregon', 'Client', 'Female', '2005-09-30', 219, 73, 'Moderate', CURRENT_TIMESTAMP, CURRENT_TIMESTAMP);
insert into User (UserID, CoachID, FirstName, LastName, Email, Password, PhoneNum, Street, City, State, Role, Gender, DOB, Weight, Height, ActivityLevel, Created, LastUpdate) values (20, NULL, 'Erny', 'Wemes', 'ewemesj@indiatimes.com', '$2a$04$ehu2ziNlvBMVH7pu1rBPhekRoPtT0nCDy0x.tN2knw5acV.NuuTMq', '904-243-4386', '52609 Westend Lane', 'Jacksonville', 'Florida', 'Coach', 'Male', '1987-05-07', 273, 63, 'High', CURRENT_TIMESTAMP, CURRENT_TIMESTAMP);
insert into User (UserID, CoachID, FirstName, LastName, Email, Password, PhoneNum, Street, City, State, Role, Gender, DOB, Weight, Height, ActivityLevel, Created, LastUpdate) values (21, NULL, 'Calida', 'Spikings', 'cspikingsk@narod.ru', '$2a$04$ZjUlFUuiJAkYtwy.VRwOie58EJV5//39bTlaBqSutgN6vpPqMbyHS', '212-942-9956', '3702 Bobwhite Point', 'New York City', 'New York', 'Client', 'Female', '1965-10-14', 190, 65, 'Moderate', CURRENT_TIMESTAMP, CURRENT_TIMESTAMP);
insert into User (UserID, CoachID, FirstName, LastName, Email, Password, PhoneNum, Street, City, State, Role, Gender, DOB, Weight, Height, ActivityLevel, Created, LastUpdate) values (22, NULL, 'Karly', 'Dryburgh', 'kdryburghl@aboutads.info', '$2a$04$aq98CXDfyggQHow4qgbhOeoyCk6pDCtppknlAhHUc9L6p3PmmH9Aa', '281-272-1698', '24 Autumn Leaf Junction', 'Houston', 'Texas', 'Client', 'Female', '1981-07-20', 209, 76, 'Low', CURRENT_TIMESTAMP, CURRENT_TIMESTAMP);
insert into User (UserID, CoachID, FirstName, LastName, Email, Password, PhoneNum, Street, City, State, Role, Gender, DOB, Weight, Height, ActivityLevel, Created, LastUpdate) values (23, NULL, 'Kincaid', 'Karp', 'kkarpm@theatlantic.com', '$2a$04$F4rK8rKCXM70.DWx3XyIguDqY8wje1GnPcPn415HtPvTPi3ilJ7eK', '570-120-3035', '89 Monica Junction', 'Wilkes Barre', 'Pennsylvania', 'Client', 'Male', '1994-11-15', 233, 63, 'Moderate', CURRENT_TIMESTAMP, CURRENT_TIMESTAMP);
insert into User (UserID, CoachID, FirstName, LastName, Email, Password, PhoneNum, Street, City, State, Role, Gender, DOB, Weight, Height, ActivityLevel, Created, LastUpdate) values (24, NULL, 'Janina', 'Mellody', 'jmellodyn@sciencedirect.com', '$2a$04$0NCd/5SD.LligJteEL1iTuE/BgTkodov3L/ywUzfzTGLS4/yVeYv2', '518-467-7994', '18 Cambridge Point', 'Albany', 'New York', 'Coach', 'Female', '1969-01-27', 219, 62, 'High', CURRENT_TIMESTAMP, CURRENT_TIMESTAMP);
insert into User (UserID, CoachID, FirstName, LastName, Email, Password, PhoneNum, Street, City, State, Role, Gender, DOB, Weight, Height, ActivityLevel, Created, LastUpdate) values (25, NULL, 'Cherie', 'Lacheze', 'clachezeo@ezinearticles.com', '$2a$04$qxVvodDpX7YkGIrTCjsoIeRRpuyHvuQaY95oGW0hi/RaTnEuLFSPO', '609-682-6472', '561 Utah Street', 'Trenton', 'New Jersey', 'Client', 'Female', '1981-07-26', 274, 72, 'Moderate', CURRENT_TIMESTAMP, CURRENT_TIMESTAMP);
insert into User (UserID, CoachID, FirstName, LastName, Email, Password, PhoneNum, Street, City, State, Role, Gender, DOB, Weight, Height, ActivityLevel, Created, LastUpdate) values (26, NULL, 'Leighton', 'Maffioni', 'lmaffionip@house.gov', '$2a$04$yszArArBYucSkJrnASAn5ONbcMZoB1EZ.AbNFWSj1j0kymvllcv4W', '352-508-7688', '9 Service Street', 'Brooksville', 'Florida', 'Client', 'Male', '1998-01-24', 106, 68, 'Low', CURRENT_TIMESTAMP, CURRENT_TIMESTAMP);
insert into User (UserID, CoachID, FirstName, LastName, Email, Password, PhoneNum, Street, City, State, Role, Gender, DOB, Weight, Height, ActivityLevel, Created, LastUpdate) values (27, NULL, 'Hercules', 'Ofer', 'hoferq@state.tx.us', '$2a$04$4UxBR8mbLwutegTMpMjxLu5YHtLgVE2gI9alXrJEmXnaBMn94mLLa', '952-495-0980', '53947 Summerview Alley', 'Young America', 'Minnesota', 'Client', 'Male', '1981-12-28', 228, 72, 'Moderate', CURRENT_TIMESTAMP, CURRENT_TIMESTAMP);
insert into User (UserID, CoachID, FirstName, LastName, Email, Password, PhoneNum, Street, City, State, Role, Gender, DOB, Weight, Height, ActivityLevel, Created, LastUpdate) values (28, NULL, 'Matty', 'Elener', 'melenerr@ycombinator.com', '$2a$04$txm.Z3wld/sFHlTBVCcyMOSoOo8QlvJDw4iBHSVvp/gN.4XG82yru', '702-864-1559', '0183 Veith Lane', 'Las Vegas', 'Nevada', 'Coach', 'Female', '1998-11-04', 214, 71, 'High', CURRENT_TIMESTAMP, CURRENT_TIMESTAMP);
insert into User (UserID, CoachID, FirstName, LastName, Email, Password, PhoneNum, Street, City, State, Role, Gender, DOB, Weight, Height, ActivityLevel, Created, LastUpdate) values (29, NULL, 'Belva', 'Matushevitz', 'bmatushevitzs@mapquest.com', '$2a$04$xYh7GDvEwS0zwqSWA.Z4veNWefLoKwfFE9vCAKmlRjxoepKKuovuC', '704-733-8633', '1295 Duke Lane', 'Charlotte', 'North Carolina', 'Client', 'Female', '1989-05-04', 95, 75, 'Moderate', CURRENT_TIMESTAMP, CURRENT_TIMESTAMP);
insert into User (UserID, CoachID, FirstName, LastName, Email, Password, PhoneNum, Street, City, State, Role, Gender, DOB, Weight, Height, ActivityLevel, Created, LastUpdate) values (30, NULL, 'Vanya', 'Stanbridge', 'vstanbridget@desdev.cn', '$2a$04$B0vkZ0YtH3bhF7pqFeUfPuSusUjgzliRbEdpkCZVo26b5ZUrDkSQO', '678-713-6415', '5 Gulseth Trail', 'Atlanta', 'Georgia', 'Client', 'Male', '2004-02-08', 102, 67, 'Low', CURRENT_TIMESTAMP, CURRENT_TIMESTAMP);
insert into User (UserID, CoachID, FirstName, LastName, Email, Password, PhoneNum, Street, City, State, Role, Gender, DOB, Weight, Height, ActivityLevel, Created, LastUpdate) values (31, NULL, 'Artemus', 'Egger', 'aeggeru@illinois.edu', '$2a$04$hg95yTidhdGY//81lfSVzOgzA7a5/N4wJLXRgHLFZFiE3GDFYwQFa', '909-319-5168', '72 Roth Lane', 'San Bernardino', 'California', 'Client', 'Male', '1972-06-07', 163, 67, 'Moderate', CURRENT_TIMESTAMP, CURRENT_TIMESTAMP);
insert into User (UserID, CoachID, FirstName, LastName, Email, Password, PhoneNum, Street, City, State, Role, Gender, DOB, Weight, Height, ActivityLevel, Created, LastUpdate) values (32, NULL, 'Olivero', 'Casol', 'ocasolv@acquirethisname.com', '$2a$04$eW778x.ROtC54H5NB6BRKOfRxZQ4Dtv/u2ya9vtxfV2SNbQyt6xTC', '619-649-8104', '173 Moulton Road', 'San Diego', 'California', 'Coach', 'Male', '1970-11-12', 278, 65, 'High', CURRENT_TIMESTAMP, CURRENT_TIMESTAMP);
insert into User (UserID, CoachID, FirstName, LastName, Email, Password, PhoneNum, Street, City, State, Role, Gender, DOB, Weight, Height, ActivityLevel, Created, LastUpdate) values (33, NULL, 'Hartwell', 'Ploughwright', 'hploughwrightw@scribd.com', '$2a$04$UeNWvQR/GzldNKeMREj9V.734y/Xq0yqDXm8YS8OBTtgSMfkYC3.C', '210-324-4509', '5 Luster Terrace', 'San Antonio', 'Texas', 'Client', 'Male', '1987-02-25', 219, 75, 'Moderate', CURRENT_TIMESTAMP, CURRENT_TIMESTAMP);
insert into User (UserID, CoachID, FirstName, LastName, Email, Password, PhoneNum, Street, City, State, Role, Gender, DOB, Weight, Height, ActivityLevel, Created, LastUpdate) values (34, NULL, 'Vannie', 'Boggers', 'vboggersx@acquirethisname.com', '$2a$04$eXKrpBXzYXdG1xyaXAvll.b6U9guvkth3tqT9/vBzJirLFuqJLJd2', '610-922-3303', '32 Gerald Plaza', 'Allentown', 'Pennsylvania', 'Client', 'Female', '1972-05-11', 141, 73, 'Low', CURRENT_TIMESTAMP, CURRENT_TIMESTAMP);
insert into User (UserID, CoachID, FirstName, LastName, Email, Password, PhoneNum, Street, City, State, Role, Gender, DOB, Weight, Height, ActivityLevel, Created, LastUpdate) values (35, NULL, 'Darlene', 'Girkins', 'dgirkinsy@zdnet.com', '$2a$04$sGGLqGqSW/QQ0avHTDeXR.q/QGs50rPpHfwNh7cAVcmt18n8/4yLi', '646-279-5480', '1993 Oak Crossing', 'New York City', 'New York', 'Client', 'Female', '1966-05-31', 274, 62, 'Moderate', CURRENT_TIMESTAMP, CURRENT_TIMESTAMP);
insert into User (UserID, CoachID, FirstName, LastName, Email, Password, PhoneNum, Street, City, State, Role, Gender, DOB, Weight, Height, ActivityLevel, Created, LastUpdate) values (36, NULL, 'Lilias', 'Banbridge', 'lbanbridgez@ustream.tv', '$2a$04$XtD6f.Ne4HTJQEVyi8Mgm.3DLozytVoObz/e.vnU4L4XQ24rvpBGq', '940-723-2656', '9720 Packers Street', 'Wichita Falls', 'Texas', 'Coach', 'Female', '1972-11-02', 248, 63, 'High', CURRENT_TIMESTAMP, CURRENT_TIMESTAMP);
insert into User (UserID, CoachID, FirstName, LastName, Email, Password, PhoneNum, Street, City, State, Role, Gender, DOB, Weight, Height, ActivityLevel, Created, LastUpdate) values (37, NULL, 'Patrica', 'Greensides', 'pgreensides10@behance.net', '$2a$04$lDnurlogpjfgmzJkdRJW0eOv2pt57tW/R9zIFNhd0H2K615oHiSVe', '573-933-4132', '828 Carberry Avenue', 'Jefferson City', 'Missouri', 'Client', 'Female', '2001-03-16', 120, 79, 'Moderate', CURRENT_TIMESTAMP, CURRENT_TIMESTAMP);
insert into User (UserID, CoachID, FirstName, LastName, Email, Password, PhoneNum, Street, City, State, Role, Gender, DOB, Weight, Height, ActivityLevel, Created, LastUpdate) values (38, NULL, 'Odelle', 'Ebhardt', 'oebhardt11@boston.com', '$2a$04$AOA90SGTbQvHWwqANwoQgeS3m3yM8jrlNhnj9zgF8uMY8SQyXE2rO', '215-142-9984', '5 Tomscot Park', 'Philadelphia', 'Pennsylvania', 'Client', 'Female', '1971-06-27', 208, 70, 'Low', CURRENT_TIMESTAMP, CURRENT_TIMESTAMP);
insert into User (UserID, CoachID, FirstName, LastName, Email, Password, PhoneNum, Street, City, State, Role, Gender, DOB, Weight, Height, ActivityLevel, Created, LastUpdate) values (39, NULL, 'Roderic', 'Gilstoun', 'rgilstoun12@un.org', '$2a$04$5h30znqXZN6CKSSPpywGH.94vVz13OOmVK7jyJnhAgGKMIrnOa4Ku', '215-668-2460', '49950 Waxwing Terrace', 'Philadelphia', 'Pennsylvania', 'Client', 'Male', '1967-07-11', 132, 63, 'Moderate', CURRENT_TIMESTAMP, CURRENT_TIMESTAMP);
insert into User (UserID, CoachID, FirstName, LastName, Email, Password, PhoneNum, Street, City, State, Role, Gender, DOB, Weight, Height, ActivityLevel, Created, LastUpdate) values (40, NULL, 'Gabe', 'Marling', 'gmarling13@newsvine.com', '$2a$04$3EAyg/lXEZplOxIrf7rsAOCbkCA3TtPG3OHBiYkLKCx3dKbAVKRey', '651-891-8111', '353 West Hill', 'Saint Paul', 'Minnesota', 'Coach', 'Male', '2001-02-08', 233, 70, 'High', CURRENT_TIMESTAMP, CURRENT_TIMESTAMP);
insert into User (UserID, CoachID, FirstName, LastName, Email, Password, PhoneNum, Street, City, State, Role, Gender, DOB, Weight, Height, ActivityLevel, Created, LastUpdate) values (41, NULL, 'Roanne', 'Lenahan', 'rlenahan14@mediafire.com', '$2a$04$cq9LYHH15J09v5iKdQvrHeLeQMWzYNMKx/LJ3qEq4oIe9nFAwy6yu', '706-107-6499', '8 Thierer Center', 'Columbus', 'Georgia', 'Client', 'Female', '1974-07-17', 243, 64, 'Moderate', CURRENT_TIMESTAMP, CURRENT_TIMESTAMP);
insert into User (UserID, CoachID, FirstName, LastName, Email, Password, PhoneNum, Street, City, State, Role, Gender, DOB, Weight, Height, ActivityLevel, Created, LastUpdate) values (42, NULL, 'Rochette', 'Corse', 'rcorse15@flavors.me', '$2a$04$msry3d5jPi6Uj/btiN9KaO0.AIZLBRaFpYGD.8MKNrkXryyNJ6/va', '786-141-8450', '7 Victoria Road', 'Miami', 'Florida', 'Client', 'Female', '1995-02-06', 216, 71, 'Low', CURRENT_TIMESTAMP, CURRENT_TIMESTAMP);
insert into User (UserID, CoachID, FirstName, LastName, Email, Password, PhoneNum, Street, City, State, Role, Gender, DOB, Weight, Height, ActivityLevel, Created, LastUpdate) values (43, NULL, 'Tremayne', 'Cumine', 'tcumine16@posterous.com', '$2a$04$G3IappBsVlbutsNOozZJu.fEGoIrauumpkMh.5oAiBYDcwkVr35Q2', '989-718-2827', '6 Canary Place', 'Saginaw', 'Michigan', 'Client', 'Male', '1971-06-06', 159, 68, 'Moderate', CURRENT_TIMESTAMP, CURRENT_TIMESTAMP);
insert into User (UserID, CoachID, FirstName, LastName, Email, Password, PhoneNum, Street, City, State, Role, Gender, DOB, Weight, Height, ActivityLevel, Created, LastUpdate) values (44, NULL, 'Estevan', 'Petrillo', 'epetrillo17@unblog.fr', '$2a$04$wp.PINIg0uqH4r0z2EN4hORbucduZGQBdk/6mrXEdl01aXKVe4vX2', '405-288-5382', '0 Lunder Alley', 'Oklahoma City', 'Oklahoma', 'Coach', 'Male', '1970-09-22', 257, 63, 'High', CURRENT_TIMESTAMP, CURRENT_TIMESTAMP);
insert into User (UserID, CoachID, FirstName, LastName, Email, Password, PhoneNum, Street, City, State, Role, Gender, DOB, Weight, Height, ActivityLevel, Created, LastUpdate) values (45, NULL, 'Letti', 'Goodding', 'lgoodding18@blogspot.com', '$2a$04$KRFP8wAjSxFLNpcC4b46SONfX3.SRMJqq8cLBrVppTf4LQGXp8jpG', '713-895-0586', '046 Knutson Trail', 'Houston', 'Texas', 'Client', 'Female', '1982-05-31', 181, 64, 'Moderate', CURRENT_TIMESTAMP, CURRENT_TIMESTAMP);
insert into User (UserID, CoachID, FirstName, LastName, Email, Password, PhoneNum, Street, City, State, Role, Gender, DOB, Weight, Height, ActivityLevel, Created, LastUpdate) values (46, NULL, 'Carroll', 'Hebblewaite', 'chebblewaite19@msn.com', '$2a$04$bIXkrL/YjTEvDqQufSRTneBcYeWv7zROs/OZUl682cHP8ibC1JQba', '813-346-4231', '825 Carpenter Plaza', 'Tampa', 'Florida', 'Client', 'Female', '1995-10-28', 252, 80, 'Low', CURRENT_TIMESTAMP, CURRENT_TIMESTAMP);
insert into User (UserID, CoachID, FirstName, LastName, Email, Password, PhoneNum, Street, City, State, Role, Gender, DOB, Weight, Height, ActivityLevel, Created, LastUpdate) values (47, NULL, 'Nedi', 'Pietruschka', 'npietruschka1a@ebay.co.uk', '$2a$04$oKOaJzZUeoOLCPnxVB9rwuWbjHs0rknaDdTR/.Y5BQ3ZM9EcGIzMK', '302-695-3673', '73741 Brickson Park Place', 'Wilmington', 'Delaware', 'Client', 'Female', '1995-07-05', 162, 68, 'Moderate', CURRENT_TIMESTAMP, CURRENT_TIMESTAMP);
insert into User (UserID, CoachID, FirstName, LastName, Email, Password, PhoneNum, Street, City, State, Role, Gender, DOB, Weight, Height, ActivityLevel, Created, LastUpdate) values (48, NULL, 'Beverlie', 'Lotze', 'blotze1b@independent.co.uk', '$2a$04$lw90K/hLm90NYfcPox/SKOMpUzyKjfujDUVbxrznilv/ZObMJ1MFK', '814-562-1455', '5320 Sauthoff Junction', 'Erie', 'Pennsylvania', 'Coach', 'Female', '1982-12-24', 110, 71, 'High', CURRENT_TIMESTAMP, CURRENT_TIMESTAMP);
insert into User (UserID, CoachID, FirstName, LastName, Email, Password, PhoneNum, Street, City, State, Role, Gender, DOB, Weight, Height, ActivityLevel, Created, LastUpdate) values (49, NULL, 'Krishnah', 'Ruck', 'kruck1c@pcworld.com', '$2a$04$yS2cceRvKtl.z04laBbAJeTPslU2QKCTK66Ywc1anVM6mzBYmm5yS', '408-272-6980', '54975 Dovetail Circle', 'San Jose', 'California', 'Client', 'Male', '1974-02-09', 116, 69, 'Moderate', CURRENT_TIMESTAMP, CURRENT_TIMESTAMP);
insert into User (UserID, CoachID, FirstName, LastName, Email, Password, PhoneNum, Street, City, State, Role, Gender, DOB, Weight, Height, ActivityLevel, Created, LastUpdate) values (50, NULL, 'Nettle', 'Zanicchelli', 'nzanicchelli1d@bravesites.com', '$2a$04$lPPQ93WHl4yYtaxkXBBetuosxRFk8oXxZFLUgOhJrzGsP2GWQWtt.', '240-191-7079', '606 Anthes Road', 'Silver Spring', 'Maryland', 'Client', 'Female', '1991-03-07', 107, 72, 'Low', CURRENT_TIMESTAMP, CURRENT_TIMESTAMP);
insert into User (UserID, CoachID, FirstName, LastName, Email, Password, PhoneNum, Street, City, State, Role, Gender, DOB, Weight, Height, ActivityLevel, Created, LastUpdate) values (51, NULL, 'Melisent', 'Chalk', 'mchalk1e@netvibes.com', '$2a$04$QLCjzQw5LxQ8hRSUQO1RqeNJa1XDdPQKzQAgD0LW0BVFwloUg4VC6', '415-325-6744', '268 Dixon Junction', 'San Francisco', 'California', 'Client', 'Female', '2002-06-23', 101, 80, 'Moderate', CURRENT_TIMESTAMP, CURRENT_TIMESTAMP);
insert into User (UserID, CoachID, FirstName, LastName, Email, Password, PhoneNum, Street, City, State, Role, Gender, DOB, Weight, Height, ActivityLevel, Created, LastUpdate) values (52, NULL, 'Leopold', 'Munnings', 'lmunnings1f@usatoday.com', '$2a$04$xANLfH39drjMRncAIgYzLebF4wAwhsknZeZt/5Ua76YVsaEatGLe.', '571-998-4255', '49 Sachtjen Street', 'Fairfax', 'Virginia', 'Coach', 'Male', '1984-12-11', 149, 79, 'High', CURRENT_TIMESTAMP, CURRENT_TIMESTAMP);
insert into User (UserID, CoachID, FirstName, LastName, Email, Password, PhoneNum, Street, City, State, Role, Gender, DOB, Weight, Height, ActivityLevel, Created, LastUpdate) values (53, NULL, 'Ruddy', 'Pickover', 'rpickover1g@cocolog-nifty.com', '$2a$04$y9FiZJNc4EAmJWGtKltTlutPvxn2hU/RS85Pvhm4U1lWKBLN0Aak2', '269-898-9274', '93 Dwight Parkway', 'Kalamazoo', 'Michigan', 'Client', 'Male', '1976-04-06', 198, 72, 'Moderate', CURRENT_TIMESTAMP, CURRENT_TIMESTAMP);
insert into User (UserID, CoachID, FirstName, LastName, Email, Password, PhoneNum, Street, City, State, Role, Gender, DOB, Weight, Height, ActivityLevel, Created, LastUpdate) values (54, NULL, 'Emmett', 'Brosetti', 'ebrosetti1h@wufoo.com', '$2a$04$Le.ahftzmu8ulGKKWwXGLu4zjUt.rggSXTDMK9gJ2kzndjCzH9hw6', '213-142-5721', '3 Havey Avenue', 'Los Angeles', 'California', 'Client', 'Male', '1995-09-30', 118, 73, 'Low', CURRENT_TIMESTAMP, CURRENT_TIMESTAMP);
insert into User (UserID, CoachID, FirstName, LastName, Email, Password, PhoneNum, Street, City, State, Role, Gender, DOB, Weight, Height, ActivityLevel, Created, LastUpdate) values (55, NULL, 'Harwell', 'Lewinton', 'hlewinton1i@foxnews.com', '$2a$04$UJemiGDa7JWpNP/GNdO7FOLlP4kVb/CK2583UkRpUPyhm0vSUbymW', '785-492-3349', '3 Carberry Place', 'Topeka', 'Kansas', 'Client', 'Male', '1964-06-08', 225, 66, 'Moderate', CURRENT_TIMESTAMP, CURRENT_TIMESTAMP);
insert into User (UserID, CoachID, FirstName, LastName, Email, Password, PhoneNum, Street, City, State, Role, Gender, DOB, Weight, Height, ActivityLevel, Created, LastUpdate) values (56, NULL, 'Adrienne', 'Muat', 'amuat1j@wikipedia.org', '$2a$04$2mKc8YWUoCboi8HHF98ceOzIiuRBvbt6QN1YjjwHiVUHwoc9JmrjK', '909-851-8628', '3187 Service Lane', 'San Bernardino', 'California', 'Coach', 'Female', '1990-08-04', 228, 79, 'High', CURRENT_TIMESTAMP, CURRENT_TIMESTAMP);
insert into User (UserID, CoachID, FirstName, LastName, Email, Password, PhoneNum, Street, City, State, Role, Gender, DOB, Weight, Height, ActivityLevel, Created, LastUpdate) values (57, NULL, 'Cristi', 'Stuckford', 'cstuckford1k@alibaba.com', '$2a$04$KnxIC26Oe3sJXfEW0kwRwev3nydyHXJk21Lf/ucAZk8BXPVWC3yqa', '407-687-1899', '48 Logan Hill', 'Orlando', 'Florida', 'Client', 'Female', '1989-05-20', 128, 73, 'Moderate', CURRENT_TIMESTAMP, CURRENT_TIMESTAMP);
insert into User (UserID, CoachID, FirstName, LastName, Email, Password, PhoneNum, Street, City, State, Role, Gender, DOB, Weight, Height, ActivityLevel, Created, LastUpdate) values (58, NULL, 'Rickard', 'Gauford', 'rgauford1l@unesco.org', '$2a$04$X5HKQtstKWnhcjC4kvZHzexvuljOkaDYoPioXxSZGEEAhidPYqZH2', '469-202-1736', '8369 Anthes Hill', 'Irving', 'Texas', 'Client', 'Male', '1989-09-17', 123, 74, 'Low', CURRENT_TIMESTAMP, CURRENT_TIMESTAMP);
insert into User (UserID, CoachID, FirstName, LastName, Email, Password, PhoneNum, Street, City, State, Role, Gender, DOB, Weight, Height, ActivityLevel, Created, LastUpdate) values (59, NULL, 'Rozele', 'Geeves', 'rgeeves1m@mlb.com', '$2a$04$TKZV2CQhZCbn6xPIZTTRoe1HnILUJakg7SODSWJJvftK00wOA0f2.', '901-877-3900', '8 Hanson Point', 'Memphis', 'Tennessee', 'Client', 'Female', '1995-05-25', 239, 65, 'Moderate', CURRENT_TIMESTAMP, CURRENT_TIMESTAMP);
insert into User (UserID, CoachID, FirstName, LastName, Email, Password, PhoneNum, Street, City, State, Role, Gender, DOB, Weight, Height, ActivityLevel, Created, LastUpdate) values (60, NULL, 'Danila', 'Yitzhak', 'dyitzhak1n@phpbb.com', '$2a$04$rHga0aylKKSLJIDpu07.KO9y2YgCpyVJmUQRYGEpOZc9VovLw4Rku', '360-533-0279', '04 Lyons Way', 'Vancouver', 'Washington', 'Coach', 'Female', '1976-10-28', 236, 64, 'High', CURRENT_TIMESTAMP, CURRENT_TIMESTAMP);
insert into User (UserID, CoachID, FirstName, LastName, Email, Password, PhoneNum, Street, City, State, Role, Gender, DOB, Weight, Height, ActivityLevel, Created, LastUpdate) values (61, NULL, 'Carroll', 'Goodall', 'cgoodall1o@dedecms.com', '$2a$04$ompbz6apWjpeahN9JeuseO.mQE7q5pqJ.Yi/I4TyZE5VnRTzKCpwm', '850-542-1157', '444 Bluestem Avenue', 'Pensacola', 'Florida', 'Client', 'Female', '1981-12-07', 233, 77, 'Moderate', CURRENT_TIMESTAMP, CURRENT_TIMESTAMP);
insert into User (UserID, CoachID, FirstName, LastName, Email, Password, PhoneNum, Street, City, State, Role, Gender, DOB, Weight, Height, ActivityLevel, Created, LastUpdate) values (62, NULL, 'Maxy', 'Collett', 'mcollett1p@w3.org', '$2a$04$Y4jkS0SLrd/JhOelebqjVu4Xlck8MqxKxrcmjbj4.t4k8.XeV..nS', '217-280-3177', '5 Del Mar Place', 'Springfield', 'Illinois', 'Client', 'Male', '1982-03-15', 269, 70, 'Low', CURRENT_TIMESTAMP, CURRENT_TIMESTAMP);
insert into User (UserID, CoachID, FirstName, LastName, Email, Password, PhoneNum, Street, City, State, Role, Gender, DOB, Weight, Height, ActivityLevel, Created, LastUpdate) values (63, NULL, 'Lezley', 'Salandino', 'lsalandino1q@examiner.com', '$2a$04$LVYM6v8HWWs3vqZ33v9O9uhXM4I4cOoDtdLw.jEeFQmlCcWintDS.', '502-227-8073', '2121 Valley Edge Hill', 'Louisville', 'Kentucky', 'Client', 'Male', '2005-06-26', 121, 67, 'Moderate', CURRENT_TIMESTAMP, CURRENT_TIMESTAMP);
insert into User (UserID, CoachID, FirstName, LastName, Email, Password, PhoneNum, Street, City, State, Role, Gender, DOB, Weight, Height, ActivityLevel, Created, LastUpdate) values (64, NULL, 'Starlin', 'Giacovetti', 'sgiacovetti1r@amazon.co.uk', '$2a$04$102uCXi7dfIdYmfK2vymA.eYtbplZ3ZQ1UMUp/9Xusb2/4/l8h9vq', '903-899-8570', '855 3rd Road', 'Tyler', 'Texas', 'Coach', 'Female', '1988-04-06', 171, 78, 'High', CURRENT_TIMESTAMP, CURRENT_TIMESTAMP);
insert into User (UserID, CoachID, FirstName, LastName, Email, Password, PhoneNum, Street, City, State, Role, Gender, DOB, Weight, Height, ActivityLevel, Created, LastUpdate) values (65, NULL, 'Land', 'Pine', 'lpine1s@fotki.com', '$2a$04$e2WI.ZkktDXZhgPbCwIZPuGlVCxsRBqj5wT0zGN7s9ONma86oZOvi', '305-306-3249', '1 Truax Trail', 'Naples', 'Florida', 'Client', 'Male', '1989-01-14', 99, 68, 'Moderate', CURRENT_TIMESTAMP, CURRENT_TIMESTAMP);
insert into User (UserID, CoachID, FirstName, LastName, Email, Password, PhoneNum, Street, City, State, Role, Gender, DOB, Weight, Height, ActivityLevel, Created, LastUpdate) values (66, NULL, 'Hamlin', 'Awdry', 'hawdry1t@shop-pro.jp', '$2a$04$hPy0eUhJrl3zx93Shk1Pves81CuRDv/kPWxRVy8D9vK/ETDWpq0nW', '702-451-0243', '5 Northview Alley', 'Las Vegas', 'Nevada', 'Client', 'Male', '1980-09-26', 109, 68, 'Low', CURRENT_TIMESTAMP, CURRENT_TIMESTAMP);
insert into User (UserID, CoachID, FirstName, LastName, Email, Password, PhoneNum, Street, City, State, Role, Gender, DOB, Weight, Height, ActivityLevel, Created, LastUpdate) values (67, NULL, 'Gaby', 'Beddingham', 'gbeddingham1u@github.com', '$2a$04$FGESKPcO95XTGIFxa5w67.c2qxsE6NX3R8mFUat9IwbsUuf0wOkM6', '937-282-6781', '83747 Helena Hill', 'Dayton', 'Ohio', 'Client', 'Male', '2000-02-05', 227, 80, 'Moderate', CURRENT_TIMESTAMP, CURRENT_TIMESTAMP);
insert into User (UserID, CoachID, FirstName, LastName, Email, Password, PhoneNum, Street, City, State, Role, Gender, DOB, Weight, Height, ActivityLevel, Created, LastUpdate) values (68, NULL, 'Bertrand', 'Biddlestone', 'bbiddlestone1v@weibo.com', '$2a$04$3Qli.rFPglUrgz/XowZls.C/7Pd.qo6NOJdaDH4Usw16zaclKGqKK', '402-907-1906', '3 Summerview Place', 'Lincoln', 'Nebraska', 'Coach', 'Male', '1962-10-22', 175, 77, 'High', CURRENT_TIMESTAMP, CURRENT_TIMESTAMP);
insert into User (UserID, CoachID, FirstName, LastName, Email, Password, PhoneNum, Street, City, State, Role, Gender, DOB, Weight, Height, ActivityLevel, Created, LastUpdate) values (69, NULL, 'Tore', 'Gayforth', 'tgayforth1w@usatoday.com', '$2a$04$9.NUKOVxscOqyLPAUv020eVUbYcAzeko372Nq/tRvPdmOd.k707ae', '918-114-1520', '918 Rutledge Junction', 'Tulsa', 'Oklahoma', 'Client', 'Male', '1996-09-18', 239, 79, 'Moderate', CURRENT_TIMESTAMP, CURRENT_TIMESTAMP);
insert into User (UserID, CoachID, FirstName, LastName, Email, Password, PhoneNum, Street, City, State, Role, Gender, DOB, Weight, Height, ActivityLevel, Created, LastUpdate) values (70, NULL, 'Lucian', 'Allewell', 'lallewell1x@marketwatch.com', '$2a$04$uYHRV6Q1ymJGaOOhB76NvebaDotTUNzNWrR3EghQ10s4Ja0W.TcHC', '478-701-6570', '92489 Hovde Hill', 'Macon', 'Georgia', 'Client', 'Male', '1987-01-13', 172, 77, 'Low', CURRENT_TIMESTAMP, CURRENT_TIMESTAMP);
insert into User (UserID, CoachID, FirstName, LastName, Email, Password, PhoneNum, Street, City, State, Role, Gender, DOB, Weight, Height, ActivityLevel, Created, LastUpdate) values (71, NULL, 'Florrie', 'Reddan', 'freddan1y@list-manage.com', '$2a$04$32FxtXfbPj.LdZv7PIHpcO6DL8BYOtIHVqtwguaFlr9VywGPADysW', '608-752-6276', '0 Pearson Way', 'Madison', 'Wisconsin', 'Client', 'Female', '1999-11-15', 210, 80, 'Moderate', CURRENT_TIMESTAMP, CURRENT_TIMESTAMP);
insert into User (UserID, CoachID, FirstName, LastName, Email, Password, PhoneNum, Street, City, State, Role, Gender, DOB, Weight, Height, ActivityLevel, Created, LastUpdate) values (72, NULL, 'Chen', 'Bissex', 'cbissex1z@lulu.com', '$2a$04$AMPajakwQa9x9pRAbZdGhuqyIj6pDqeYJlRg2k.cufDJHWHGThjNG', '754-783-0800', '3534 Crescent Oaks Court', 'Fort Lauderdale', 'Florida', 'Coach', 'Male', '2005-10-30', 203, 77, 'High', CURRENT_TIMESTAMP, CURRENT_TIMESTAMP);
insert into User (UserID, CoachID, FirstName, LastName, Email, Password, PhoneNum, Street, City, State, Role, Gender, DOB, Weight, Height, ActivityLevel, Created, LastUpdate) values (73, NULL, 'Grantham', 'MacQuarrie', 'gmacquarrie20@technorati.com', '$2a$04$W4RrtKvCpTgQxabJ.4bs4.LdC8qaPvvIwH8RDm/GdX45nCsAjmPA6', '352-275-3367', '2 Waywood Junction', 'Spring Hill', 'Florida', 'Client', 'Male', '1983-04-02', 250, 68, 'Moderate', CURRENT_TIMESTAMP, CURRENT_TIMESTAMP);
insert into User (UserID, CoachID, FirstName, LastName, Email, Password, PhoneNum, Street, City, State, Role, Gender, DOB, Weight, Height, ActivityLevel, Created, LastUpdate) values (74, NULL, 'Dion', 'Arlow', 'darlow21@miitbeian.gov.cn', '$2a$04$GMcDl5NDa89VPcfYOKjo2OU9ZtOW9zFlZrmt2Q7J.rX.Zw1SwxTYa', '334-404-8240', '7039 Randy Hill', 'Montgomery', 'Alabama', 'Client', 'Male', '2002-11-10', 264, 64, 'Low', CURRENT_TIMESTAMP, CURRENT_TIMESTAMP);
insert into User (UserID, CoachID, FirstName, LastName, Email, Password, PhoneNum, Street, City, State, Role, Gender, DOB, Weight, Height, ActivityLevel, Created, LastUpdate) values (75, NULL, 'Crichton', 'Penylton', 'cpenylton22@gnu.org', '$2a$04$yPm.kw.4Eon1TbnuWI/7Fe2EdibSwyGqkVChxFXpJpA96nvws.1xe', '763-809-9272', '5537 Walton Circle', 'Monticello', 'Minnesota', 'Client', 'Male', '1999-10-20', 105, 75, 'Moderate', CURRENT_TIMESTAMP, CURRENT_TIMESTAMP);
insert into User (UserID, CoachID, FirstName, LastName, Email, Password, PhoneNum, Street, City, State, Role, Gender, DOB, Weight, Height, ActivityLevel, Created, LastUpdate) values (76, NULL, 'Petunia', 'Flexman', 'pflexman23@cbslocal.com', '$2a$04$OfBGQq0eDflWzvAduKXO5eB7UBtQbxCrQgzipgZRH2EoERW4WgVoe', '915-339-7764', '63271 Thackeray Court', 'El Paso', 'Texas', 'Coach', 'Female', '2005-10-15', 252, 73, 'High', CURRENT_TIMESTAMP, CURRENT_TIMESTAMP);
insert into User (UserID, CoachID, FirstName, LastName, Email, Password, PhoneNum, Street, City, State, Role, Gender, DOB, Weight, Height, ActivityLevel, Created, LastUpdate) values (77, NULL, 'Georgy', 'Travers', 'gtravers24@ucla.edu', '$2a$04$YmWTpMWyDezAwfzau0ycruFhEjC05kv2IEbOhBdAIDrbCSdY34VPy', '909-471-9740', '20437 Debs Terrace', 'Pomona', 'California', 'Client', 'Male', '1982-04-20', 141, 79, 'Moderate', CURRENT_TIMESTAMP, CURRENT_TIMESTAMP);
insert into User (UserID, CoachID, FirstName, LastName, Email, Password, PhoneNum, Street, City, State, Role, Gender, DOB, Weight, Height, ActivityLevel, Created, LastUpdate) values (78, NULL, 'Fabio', 'Haisell', 'fhaisell25@creativecommons.org', '$2a$04$LSXc0hGSWSgnfvbFqOKAsuCR5Cvf.2T1R.G8rSfm0vs53NhVohtQ6', '562-173-6805', '4 Ridgeway Terrace', 'Long Beach', 'California', 'Client', 'Male', '1981-05-09', 224, 70, 'Low', CURRENT_TIMESTAMP, CURRENT_TIMESTAMP);
insert into User (UserID, CoachID, FirstName, LastName, Email, Password, PhoneNum, Street, City, State, Role, Gender, DOB, Weight, Height, ActivityLevel, Created, LastUpdate) values (79, NULL, 'Olva', 'Diamant', 'odiamant26@examiner.com', '$2a$04$0kxkOn97OL5eSI5PmdkjAetAJtcqqWmA3is/tDjQscgMKDB56Vd9O', '970-394-2187', '646 Bluestem Circle', 'Grand Junction', 'Colorado', 'Client', 'Female', '1974-10-10', 211, 71, 'Moderate', CURRENT_TIMESTAMP, CURRENT_TIMESTAMP);
insert into User (UserID, CoachID, FirstName, LastName, Email, Password, PhoneNum, Street, City, State, Role, Gender, DOB, Weight, Height, ActivityLevel, Created, LastUpdate) values (80, NULL, 'Bonnie', 'Garmey', 'bgarmey27@cloudflare.com', '$2a$04$cEvp.7RcwlNHudjUwkCvSubY9MmYvC4Eo2dQ3uM9vpHZ9UHP/afHS', '903-774-4920', '384 Butternut Lane', 'Tyler', 'Texas', 'Coach', 'Female', '1978-05-26', 172, 67, 'High', CURRENT_TIMESTAMP, CURRENT_TIMESTAMP);
insert into User (UserID, CoachID, FirstName, LastName, Email, Password, PhoneNum, Street, City, State, Role, Gender, DOB, Weight, Height, ActivityLevel, Created, LastUpdate) values (81, NULL, 'Chiarra', 'Haizelden', 'chaizelden28@imageshack.us', '$2a$04$3zkYG2Inqar3DZAM0tNFaOwn4doeVuJgamO/uxnBPyeMUwJxfF7lu', '920-231-3172', '4677 Quincy Circle', 'Appleton', 'Wisconsin', 'Client', 'Female', '1978-12-28', 171, 74, 'Moderate', CURRENT_TIMESTAMP, CURRENT_TIMESTAMP);
insert into User (UserID, CoachID, FirstName, LastName, Email, Password, PhoneNum, Street, City, State, Role, Gender, DOB, Weight, Height, ActivityLevel, Created, LastUpdate) values (82, NULL, 'Ludovico', 'Malmar', 'lmalmar29@redcross.org', '$2a$04$7vN61kdjSP2DedfhjS/XmOEUhRUeUckR3NztWTtGvhlG4NG0P9XHS', '510-224-1641', '6 Lakewood Center', 'Oakland', 'California', 'Client', 'Male', '2004-04-28', 189, 71, 'Low', CURRENT_TIMESTAMP, CURRENT_TIMESTAMP);
insert into User (UserID, CoachID, FirstName, LastName, Email, Password, PhoneNum, Street, City, State, Role, Gender, DOB, Weight, Height, ActivityLevel, Created, LastUpdate) values (83, NULL, 'Karoly', 'Brands', 'kbrands2a@drupal.org', '$2a$04$ovMcPJFMVf7XDkF002rd9.60k/APts1zmMjssy6ecryR.Z.Kcs9o6', '703-568-3570', '391 Upham Avenue', 'Alexandria', 'Virginia', 'Client', 'Female', '2001-09-10', 201, 78, 'Moderate', CURRENT_TIMESTAMP, CURRENT_TIMESTAMP);
insert into User (UserID, CoachID, FirstName, LastName, Email, Password, PhoneNum, Street, City, State, Role, Gender, DOB, Weight, Height, ActivityLevel, Created, LastUpdate) values (84, NULL, 'Konstantine', 'Rickson', 'krickson2b@nhs.uk', '$2a$04$VoD779td8sFOCgEsuB4xC.ivxRFu/Hv/W0vuU51w7F2/CrjAzfi8.', '937-182-3948', '846 Roxbury Terrace', 'Hamilton', 'Ohio', 'Coach', 'Male', '1988-11-07', 252, 76, 'High', CURRENT_TIMESTAMP, CURRENT_TIMESTAMP);
insert into User (UserID, CoachID, FirstName, LastName, Email, Password, PhoneNum, Street, City, State, Role, Gender, DOB, Weight, Height, ActivityLevel, Created, LastUpdate) values (85, NULL, 'Tabbi', 'Okenfold', 'tokenfold2c@w3.org', '$2a$04$PNwi8Z0sGwEG5G4mGerC5eFzwtVZ.gxOrr3mxoPJO14a3TFFS3VGi', '765-554-5671', '3 South Junction', 'Lafayette', 'Indiana', 'Client', 'Female', '1994-05-16', 255, 77, 'Moderate', CURRENT_TIMESTAMP, CURRENT_TIMESTAMP);
insert into User (UserID, CoachID, FirstName, LastName, Email, Password, PhoneNum, Street, City, State, Role, Gender, DOB, Weight, Height, ActivityLevel, Created, LastUpdate) values (86, NULL, 'Viole', 'Eastwood', 'veastwood2d@usnews.com', '$2a$04$O9CCpjxd57j1ru26vTc77ON/dmuKE6sot8FzklOVCNgalp.H05pYm', '817-372-3397', '754 Summer Ridge Center', 'Fort Worth', 'Texas', 'Client', 'Female', '2001-06-10', 102, 63, 'Low', CURRENT_TIMESTAMP, CURRENT_TIMESTAMP);
insert into User (UserID, CoachID, FirstName, LastName, Email, Password, PhoneNum, Street, City, State, Role, Gender, DOB, Weight, Height, ActivityLevel, Created, LastUpdate) values (87, NULL, 'Marc', 'Gingel', 'mgingel2e@cam.ac.uk', '$2a$04$jwK/fMqtrmVJ/HzSX5iRNeNvLnZk5KaC7Ak50JcLWk5HF4zxc3CUG', '941-770-0899', '60 Westend Center', 'Bradenton', 'Florida', 'Client', 'Male', '1970-04-18', 168, 71, 'Moderate', CURRENT_TIMESTAMP, CURRENT_TIMESTAMP);
insert into User (UserID, CoachID, FirstName, LastName, Email, Password, PhoneNum, Street, City, State, Role, Gender, DOB, Weight, Height, ActivityLevel, Created, LastUpdate) values (88, NULL, 'Quintus', 'Sargant', 'qsargant2f@1688.com', '$2a$04$ljqzE2Uc4Wx52KC1YqmYweYffvXOvVoAQ2LgCFkRxSvlUXavOV0Re', '707-898-3042', '386 Eliot Circle', 'Santa Rosa', 'California', 'Coach', 'Male', '1985-10-12', 173, 69, 'High', CURRENT_TIMESTAMP, CURRENT_TIMESTAMP);
insert into User (UserID, CoachID, FirstName, LastName, Email, Password, PhoneNum, Street, City, State, Role, Gender, DOB, Weight, Height, ActivityLevel, Created, LastUpdate) values (89, NULL, 'Brody', 'Sand', 'bsand2g@youku.com', '$2a$04$sKmfDkLeNiJfI.cOOW8aheLJYcdOIpw8Xz6kVmRAlMiH4Tvl15aCK', '716-485-4843', '051 Banding Court', 'Buffalo', 'New York', 'Client', 'Male', '1977-02-16', 269, 62, 'Moderate', CURRENT_TIMESTAMP, CURRENT_TIMESTAMP);
insert into User (UserID, CoachID, FirstName, LastName, Email, Password, PhoneNum, Street, City, State, Role, Gender, DOB, Weight, Height, ActivityLevel, Created, LastUpdate) values (90, NULL, 'Vaughan', 'McWard', 'vmcward2h@wufoo.com', '$2a$04$XdL4MsdAGhg8sQdzQ.OB2OxTwVsibieUs6Vu3OQMuxYUAnEoiuK0i', '816-362-5610', '49 Marcy Way', 'Kansas City', 'Missouri', 'Client', 'Male', '1968-08-01', 251, 80, 'Low', CURRENT_TIMESTAMP, CURRENT_TIMESTAMP);
insert into User (UserID, CoachID, FirstName, LastName, Email, Password, PhoneNum, Street, City, State, Role, Gender, DOB, Weight, Height, ActivityLevel, Created, LastUpdate) values (91, NULL, 'Winn', 'Peddowe', 'wpeddowe2i@businessinsider.com', '$2a$04$WjI8qkpKjr.ojNyZu4Byne/H3nvCi.rKzPZRTyIONygdMCBrLHLai', '615-603-3190', '82477 Village Green Park', 'Nashville', 'Tennessee', 'Client', 'Male', '1985-08-02', 176, 66, 'Moderate', CURRENT_TIMESTAMP, CURRENT_TIMESTAMP);
insert into User (UserID, CoachID, FirstName, LastName, Email, Password, PhoneNum, Street, City, State, Role, Gender, DOB, Weight, Height, ActivityLevel, Created, LastUpdate) values (92, NULL, 'Vassily', 'Scedall', 'vscedall2j@bloglines.com', '$2a$04$EDDem5GDeuNMViBrjA/fi.ujZPOBm3Fmp9wYiEJNw2wzW.bDD3FAK', '804-966-7200', '6 Clove Crossing', 'Richmond', 'Virginia', 'Coach', 'Male', '1979-01-25', 158, 64, 'High', CURRENT_TIMESTAMP, CURRENT_TIMESTAMP);
insert into User (UserID, CoachID, FirstName, LastName, Email, Password, PhoneNum, Street, City, State, Role, Gender, DOB, Weight, Height, ActivityLevel, Created, LastUpdate) values (93, NULL, 'Nichols', 'Verma', 'nverma2k@usnews.com', '$2a$04$DPYHGKruvmesjyIatz8oyujq/vGXl3TATgQDMcMt0VjZ05aOQJ4wy', '916-494-5678', '5 Chive Pass', 'Sacramento', 'California', 'Client', 'Male', '1991-04-04', 214, 76, 'Moderate', CURRENT_TIMESTAMP, CURRENT_TIMESTAMP);
insert into User (UserID, CoachID, FirstName, LastName, Email, Password, PhoneNum, Street, City, State, Role, Gender, DOB, Weight, Height, ActivityLevel, Created, LastUpdate) values (94, NULL, 'Edna', 'McTeague', 'emcteague2l@ovh.net', '$2a$04$skS8j9iisYHbnN30jkUuKedtQCmSPLtZJjtAKvICQjCiBSD/26vpC', '323-193-4182', '90366 Magdeline Way', 'Pasadena', 'California', 'Client', 'Female', '1976-01-25', 154, 78, 'Low', CURRENT_TIMESTAMP, CURRENT_TIMESTAMP);
insert into User (UserID, CoachID, FirstName, LastName, Email, Password, PhoneNum, Street, City, State, Role, Gender, DOB, Weight, Height, ActivityLevel, Created, LastUpdate) values (95, NULL, 'Perice', 'Cootes', 'pcootes2m@gmpg.org', '$2a$04$xV6PCXAey5ZxF9hkhH3SzeodrQQgDIS3NbQw9uRVKNSIwEFW5biii', '650-504-8322', '6 Hudson Road', 'Redwood City', 'California', 'Client', 'Male', '1999-09-25', 268, 70, 'Moderate', CURRENT_TIMESTAMP, CURRENT_TIMESTAMP);
insert into User (UserID, CoachID, FirstName, LastName, Email, Password, PhoneNum, Street, City, State, Role, Gender, DOB, Weight, Height, ActivityLevel, Created, LastUpdate) values (96, NULL, 'Tiff', 'Sainsbury-Brown', 'tsainsburybrown2n@walmart.com', '$2a$04$dcTlXASK8WnAvFhYNuRRy.x4giCbMnI9dA4yj8bq9ncI1zT0/c4ca', '770-893-8750', '3 Old Shore Drive', 'Atlanta', 'Georgia', 'Coach', 'Female', '1961-04-11', 156, 75, 'High', CURRENT_TIMESTAMP, CURRENT_TIMESTAMP);
insert into User (UserID, CoachID, FirstName, LastName, Email, Password, PhoneNum, Street, City, State, Role, Gender, DOB, Weight, Height, ActivityLevel, Created, LastUpdate) values (97, NULL, 'Arleen', 'Keune', 'akeune2o@dailymotion.com', '$2a$04$4v6jyOZ2nA83Fn2mWW/OGOvQcrsUo0JS9I3304diVu23Vicz/iYzi', '510-200-3757', '61 Donald Plaza', 'Oakland', 'California', 'Client', 'Female', '2000-04-06', 138, 65, 'Moderate', CURRENT_TIMESTAMP, CURRENT_TIMESTAMP);
insert into User (UserID, CoachID, FirstName, LastName, Email, Password, PhoneNum, Street, City, State, Role, Gender, DOB, Weight, Height, ActivityLevel, Created, LastUpdate) values (98, NULL, 'Marvin', 'Malkinson', 'mmalkinson2p@washingtonpost.com', '$2a$04$r21x7v0S37QQPtmFf649Y.DO/5UaV73dxSHhgBTtCWRn4HVUhjtra', '757-260-7356', '5096 Prentice Center', 'Newport News', 'Virginia', 'Client', 'Male', '1980-07-03', 99, 73, 'Low', CURRENT_TIMESTAMP, CURRENT_TIMESTAMP);
insert into User (UserID, CoachID, FirstName, LastName, Email, Password, PhoneNum, Street, City, State, Role, Gender, DOB, Weight, Height, ActivityLevel, Created, LastUpdate) values (99, NULL, 'Harlan', 'Raggatt', 'hraggatt2q@sina.com.cn', '$2a$04$WvtoWSy5xL/jSTjxZc.QaOryWlHetRL9pWePyHY5OIe4jQI4vHW4y', '718-986-8469', '795 Dawn Street', 'Bronx', 'New York', 'Client', 'Male', '1970-02-08', 268, 78, 'Moderate', CURRENT_TIMESTAMP, CURRENT_TIMESTAMP);
insert into User (UserID, CoachID, FirstName, LastName, Email, Password, PhoneNum, Street, City, State, Role, Gender, DOB, Weight, Height, ActivityLevel, Created, LastUpdate) values (100, NULL, 'Hunfredo', 'McGuirk', 'hmcguirk2r@github.io', '$2a$04$oMyYIgPP9AKrJ94fgpQ6Ze1Uuoi3dX0zIyl5xtm.qrZFW/6EHj9SC', '202-495-3513', '173 Hanson Way', 'Washington', 'District of Columbia', 'Coach', 'Male', '1961-09-27', 242, 64, 'High', CURRENT_TIMESTAMP, CURRENT_TIMESTAMP);

-- Dumping data for Coach table
insert into Coach (CoachID, UserID, Specialties, Cost, Created, LastUpdate) values (1, 32, 'Strength building', 21.77, CURRENT_TIMESTAMP, CURRENT_TIMESTAMP);
insert into Coach (CoachID, UserID, Specialties, Cost, Created, LastUpdate) values (2, 8, 'Weight loss', 35.36, CURRENT_TIMESTAMP, CURRENT_TIMESTAMP);
insert into Coach (CoachID, UserID, Specialties, Cost, Created, LastUpdate) values (3, 28, 'Muscle building', 21.62, CURRENT_TIMESTAMP, CURRENT_TIMESTAMP);
insert into Coach (CoachID, UserID, Specialties, Cost, Created, LastUpdate) values (4, 88, 'Weight gain', 32.25, CURRENT_TIMESTAMP, CURRENT_TIMESTAMP);
insert into Coach (CoachID, UserID, Specialties, Cost, Created, LastUpdate) values (5, 84, 'Stamina building', 29.78, CURRENT_TIMESTAMP, CURRENT_TIMESTAMP);
insert into Coach (CoachID, UserID, Specialties, Cost, Created, LastUpdate) values (6, 56, 'Strength building', 41.84, CURRENT_TIMESTAMP, CURRENT_TIMESTAMP);
insert into Coach (CoachID, UserID, Specialties, Cost, Created, LastUpdate) values (7, 92, 'Weight loss', 28.99, CURRENT_TIMESTAMP, CURRENT_TIMESTAMP);
insert into Coach (CoachID, UserID, Specialties, Cost, Created, LastUpdate) values (8, 84, 'Muscle building', 37.13, CURRENT_TIMESTAMP, CURRENT_TIMESTAMP);
insert into Coach (CoachID, UserID, Specialties, Cost, Created, LastUpdate) values (9, 40, 'Weight gain', 28.64, CURRENT_TIMESTAMP, CURRENT_TIMESTAMP);
insert into Coach (CoachID, UserID, Specialties, Cost, Created, LastUpdate) values (10, 56, 'Stamina building', 24.95, CURRENT_TIMESTAMP, CURRENT_TIMESTAMP);
insert into Coach (CoachID, UserID, Specialties, Cost, Created, LastUpdate) values (11, 60, 'Strength building', 17.05, CURRENT_TIMESTAMP, CURRENT_TIMESTAMP);
insert into Coach (CoachID, UserID, Specialties, Cost, Created, LastUpdate) values (12, 28, 'Weight loss', 48.81, CURRENT_TIMESTAMP, CURRENT_TIMESTAMP);
insert into Coach (CoachID, UserID, Specialties, Cost, Created, LastUpdate) values (13, 56, 'Muscle building', 42.53, CURRENT_TIMESTAMP, CURRENT_TIMESTAMP);
insert into Coach (CoachID, UserID, Specialties, Cost, Created, LastUpdate) values (14, 100, 'Weight gain', 40.92, CURRENT_TIMESTAMP, CURRENT_TIMESTAMP);
insert into Coach (CoachID, UserID, Specialties, Cost, Created, LastUpdate) values (15, 96, 'Stamina building', 46.74, CURRENT_TIMESTAMP, CURRENT_TIMESTAMP);
insert into Coach (CoachID, UserID, Specialties, Cost, Created, LastUpdate) values (16, 8, 'Strength building', 32.91, CURRENT_TIMESTAMP, CURRENT_TIMESTAMP);
insert into Coach (CoachID, UserID, Specialties, Cost, Created, LastUpdate) values (17, 28, 'Weight loss', 17.27, CURRENT_TIMESTAMP, CURRENT_TIMESTAMP);
insert into Coach (CoachID, UserID, Specialties, Cost, Created, LastUpdate) values (18, 60, 'Muscle building', 16.87, CURRENT_TIMESTAMP, CURRENT_TIMESTAMP);
insert into Coach (CoachID, UserID, Specialties, Cost, Created, LastUpdate) values (19, 32, 'Weight gain', 12.94, CURRENT_TIMESTAMP, CURRENT_TIMESTAMP);
insert into Coach (CoachID, UserID, Specialties, Cost, Created, LastUpdate) values (20, 48, 'Stamina building', 22.75, CURRENT_TIMESTAMP, CURRENT_TIMESTAMP);
insert into Coach (CoachID, UserID, Specialties, Cost, Created, LastUpdate) values (21, 72, 'Strength building', 26.97, CURRENT_TIMESTAMP, CURRENT_TIMESTAMP);
insert into Coach (CoachID, UserID, Specialties, Cost, Created, LastUpdate) values (22, 72, 'Weight loss', 37.43, CURRENT_TIMESTAMP, CURRENT_TIMESTAMP);
insert into Coach (CoachID, UserID, Specialties, Cost, Created, LastUpdate) values (23, 36, 'Muscle building', 35.09, CURRENT_TIMESTAMP, CURRENT_TIMESTAMP);
insert into Coach (CoachID, UserID, Specialties, Cost, Created, LastUpdate) values (24, 4, 'Weight gain', 28.72, CURRENT_TIMESTAMP, CURRENT_TIMESTAMP);
insert into Coach (CoachID, UserID, Specialties, Cost, Created, LastUpdate) values (25, 36, 'Stamina building', 39.03, CURRENT_TIMESTAMP, CURRENT_TIMESTAMP);

-- Dumping data for Goal table
insert into Goal (GoalID, UserID, GoalType, Description, WeightGoal, Created, LastUpdate) values (1, 42, 'Strength building', 'ultrices erat tortor sollicitudin mi sit amet lobortis', 160, CURRENT_TIMESTAMP, CURRENT_TIMESTAMP);
insert into Goal (GoalID, UserID, GoalType, Description, WeightGoal, Created, LastUpdate) values (2, 71, 'Weight loss', 'tempus sit amet sem fusce consequat nulla', 117, CURRENT_TIMESTAMP, CURRENT_TIMESTAMP);
insert into Goal (GoalID, UserID, GoalType, Description, WeightGoal, Created, LastUpdate) values (3, 37, 'Muscle building', 'vehicula condimentum curabitur in libero', 131, CURRENT_TIMESTAMP, CURRENT_TIMESTAMP);
insert into Goal (GoalID, UserID, GoalType, Description, WeightGoal, Created, LastUpdate) values (4, 94, 'Weight gain', 'posuere cubilia curae nulla dapibus dolor vel est', 159, CURRENT_TIMESTAMP, CURRENT_TIMESTAMP);
insert into Goal (GoalID, UserID, GoalType, Description, WeightGoal, Created, LastUpdate) values (5, 20, 'Stamina building', 'elementum eu interdum eu tincidunt in leo', 121, CURRENT_TIMESTAMP, CURRENT_TIMESTAMP);
insert into Goal (GoalID, UserID, GoalType, Description, WeightGoal, Created, LastUpdate) values (6, 11, 'Strength building', 'phasellus sit amet erat nulla', 163, CURRENT_TIMESTAMP, CURRENT_TIMESTAMP);
insert into Goal (GoalID, UserID, GoalType, Description, WeightGoal, Created, LastUpdate) values (7, 25, 'Weight loss', 'nibh ligula nec sem duis', 101, CURRENT_TIMESTAMP, CURRENT_TIMESTAMP);
insert into Goal (GoalID, UserID, GoalType, Description, WeightGoal, Created, LastUpdate) values (8, 15, 'Muscle building', 'bibendum imperdiet nullam orci pede venenatis', 179, CURRENT_TIMESTAMP, CURRENT_TIMESTAMP);
insert into Goal (GoalID, UserID, GoalType, Description, WeightGoal, Created, LastUpdate) values (9, 64, 'Weight gain', 'montes nascetur ridiculus mus etiam vel augue vestibulum', 108, CURRENT_TIMESTAMP, CURRENT_TIMESTAMP);
insert into Goal (GoalID, UserID, GoalType, Description, WeightGoal, Created, LastUpdate) values (10, 31, 'Stamina building', 'in hac habitasse platea dictumst morbi vestibulum', 106, CURRENT_TIMESTAMP, CURRENT_TIMESTAMP);
insert into Goal (GoalID, UserID, GoalType, Description, WeightGoal, Created, LastUpdate) values (11, 48, 'Strength building', 'lacinia eget tincidunt eget tempus', 163, CURRENT_TIMESTAMP, CURRENT_TIMESTAMP);
insert into Goal (GoalID, UserID, GoalType, Description, WeightGoal, Created, LastUpdate) values (12, 35, 'Weight loss', 'ligula pellentesque ultrices phasellus id sapien', 176, CURRENT_TIMESTAMP, CURRENT_TIMESTAMP);
insert into Goal (GoalID, UserID, GoalType, Description, WeightGoal, Created, LastUpdate) values (13, 7, 'Muscle building', 'arcu adipiscing molestie hendrerit at vulputate vitae', 179, CURRENT_TIMESTAMP, CURRENT_TIMESTAMP);
insert into Goal (GoalID, UserID, GoalType, Description, WeightGoal, Created, LastUpdate) values (14, 64, 'Weight gain', 'dui vel nisl duis ac nibh', 149, CURRENT_TIMESTAMP, CURRENT_TIMESTAMP);
insert into Goal (GoalID, UserID, GoalType, Description, WeightGoal, Created, LastUpdate) values (15, 1, 'Stamina building', 'duis consequat dui nec nisi', 110, CURRENT_TIMESTAMP, CURRENT_TIMESTAMP);
insert into Goal (GoalID, UserID, GoalType, Description, WeightGoal, Created, LastUpdate) values (16, 73, 'Strength building', 'quam sollicitudin vitae consectetuer eget rutrum', 125, CURRENT_TIMESTAMP, CURRENT_TIMESTAMP);
insert into Goal (GoalID, UserID, GoalType, Description, WeightGoal, Created, LastUpdate) values (17, 85, 'Weight loss', 'posuere cubilia curae mauris viverra diam vitae quam', 164, CURRENT_TIMESTAMP, CURRENT_TIMESTAMP);
insert into Goal (GoalID, UserID, GoalType, Description, WeightGoal, Created, LastUpdate) values (18, 96, 'Muscle building', 'lorem ipsum dolor sit amet consectetuer adipiscing', 166, CURRENT_TIMESTAMP, CURRENT_TIMESTAMP);
insert into Goal (GoalID, UserID, GoalType, Description, WeightGoal, Created, LastUpdate) values (19, 94, 'Weight gain', 'diam neque vestibulum eget vulputate ut ultrices', 108, CURRENT_TIMESTAMP, CURRENT_TIMESTAMP);
insert into Goal (GoalID, UserID, GoalType, Description, WeightGoal, Created, LastUpdate) values (20, 50, 'Stamina building', 'in tempor turpis nec', 128, CURRENT_TIMESTAMP, CURRENT_TIMESTAMP);
insert into Goal (GoalID, UserID, GoalType, Description, WeightGoal, Created, LastUpdate) values (21, 88, 'Strength building', 'mauris eget massa tempor', 167, CURRENT_TIMESTAMP, CURRENT_TIMESTAMP);
insert into Goal (GoalID, UserID, GoalType, Description, WeightGoal, Created, LastUpdate) values (22, 98, 'Weight loss', 'erat eros viverra eget congue', 146, CURRENT_TIMESTAMP, CURRENT_TIMESTAMP);
insert into Goal (GoalID, UserID, GoalType, Description, WeightGoal, Created, LastUpdate) values (23, 76, 'Muscle building', 'platea dictumst etiam faucibus', 169, CURRENT_TIMESTAMP, CURRENT_TIMESTAMP);
insert into Goal (GoalID, UserID, GoalType, Description, WeightGoal, Created, LastUpdate) values (24, 48, 'Weight gain', 'eu tincidunt in leo maecenas', 150, CURRENT_TIMESTAMP, CURRENT_TIMESTAMP);
insert into Goal (GoalID, UserID, GoalType, Description, WeightGoal, Created, LastUpdate) values (25, 96, 'Stamina building', 'ut volutpat sapien arcu sed', 142, CURRENT_TIMESTAMP, CURRENT_TIMESTAMP);
insert into Goal (GoalID, UserID, GoalType, Description, WeightGoal, Created, LastUpdate) values (26, 8, 'Strength building', 'quisque id justo sit amet', 150, CURRENT_TIMESTAMP, CURRENT_TIMESTAMP);
insert into Goal (GoalID, UserID, GoalType, Description, WeightGoal, Created, LastUpdate) values (27, 32, 'Weight loss', 'quisque ut erat curabitur', 126, CURRENT_TIMESTAMP, CURRENT_TIMESTAMP);
insert into Goal (GoalID, UserID, GoalType, Description, WeightGoal, Created, LastUpdate) values (28, 38, 'Muscle building', 'pede venenatis non sodales', 156, CURRENT_TIMESTAMP, CURRENT_TIMESTAMP);
insert into Goal (GoalID, UserID, GoalType, Description, WeightGoal, Created, LastUpdate) values (29, 75, 'Weight gain', 'ac nulla sed vel enim', 168, CURRENT_TIMESTAMP, CURRENT_TIMESTAMP);
insert into Goal (GoalID, UserID, GoalType, Description, WeightGoal, Created, LastUpdate) values (30, 58, 'Stamina building', 'magna vestibulum aliquet ultrices erat', 144, CURRENT_TIMESTAMP, CURRENT_TIMESTAMP);
insert into Goal (GoalID, UserID, GoalType, Description, WeightGoal, Created, LastUpdate) values (31, 89, 'Strength building', 'posuere cubilia curae donec pharetra magna vestibulum', 117, CURRENT_TIMESTAMP, CURRENT_TIMESTAMP);
insert into Goal (GoalID, UserID, GoalType, Description, WeightGoal, Created, LastUpdate) values (32, 13, 'Weight loss', 'pede justo lacinia eget tincidunt eget', 126, CURRENT_TIMESTAMP, CURRENT_TIMESTAMP);
insert into Goal (GoalID, UserID, GoalType, Description, WeightGoal, Created, LastUpdate) values (33, 59, 'Muscle building', 'nisl nunc rhoncus dui vel sem sed', 152, CURRENT_TIMESTAMP, CURRENT_TIMESTAMP);
insert into Goal (GoalID, UserID, GoalType, Description, WeightGoal, Created, LastUpdate) values (34, 80, 'Weight gain', 'mi pede malesuada in', 100, CURRENT_TIMESTAMP, CURRENT_TIMESTAMP);
insert into Goal (GoalID, UserID, GoalType, Description, WeightGoal, Created, LastUpdate) values (35, 40, 'Stamina building', 'pellentesque at nulla suspendisse potenti cras', 152, CURRENT_TIMESTAMP, CURRENT_TIMESTAMP);
insert into Goal (GoalID, UserID, GoalType, Description, WeightGoal, Created, LastUpdate) values (36, 91, 'Strength building', 'eget orci vehicula condimentum', 116, CURRENT_TIMESTAMP, CURRENT_TIMESTAMP);
insert into Goal (GoalID, UserID, GoalType, Description, WeightGoal, Created, LastUpdate) values (37, 74, 'Weight loss', 'ultrices posuere cubilia curae nulla dapibus dolor', 118, CURRENT_TIMESTAMP, CURRENT_TIMESTAMP);
insert into Goal (GoalID, UserID, GoalType, Description, WeightGoal, Created, LastUpdate) values (38, 18, 'Muscle building', 'sed augue aliquam erat volutpat', 150, CURRENT_TIMESTAMP, CURRENT_TIMESTAMP);
insert into Goal (GoalID, UserID, GoalType, Description, WeightGoal, Created, LastUpdate) values (39, 17, 'Weight gain', 'donec pharetra magna vestibulum aliquet ultrices', 129, CURRENT_TIMESTAMP, CURRENT_TIMESTAMP);
insert into Goal (GoalID, UserID, GoalType, Description, WeightGoal, Created, LastUpdate) values (40, 29, 'Stamina building', 'felis sed interdum venenatis turpis', 180, CURRENT_TIMESTAMP, CURRENT_TIMESTAMP);
insert into Goal (GoalID, UserID, GoalType, Description, WeightGoal, Created, LastUpdate) values (41, 9, 'Strength building', 'facilisi cras non velit nec nisi', 101, CURRENT_TIMESTAMP, CURRENT_TIMESTAMP);
insert into Goal (GoalID, UserID, GoalType, Description, WeightGoal, Created, LastUpdate) values (42, 12, 'Weight loss', 'cubilia curae donec pharetra magna vestibulum aliquet', 113, CURRENT_TIMESTAMP, CURRENT_TIMESTAMP);
insert into Goal (GoalID, UserID, GoalType, Description, WeightGoal, Created, LastUpdate) values (43, 69, 'Muscle building', 'in leo maecenas pulvinar lobortis est phasellus', 174, CURRENT_TIMESTAMP, CURRENT_TIMESTAMP);
insert into Goal (GoalID, UserID, GoalType, Description, WeightGoal, Created, LastUpdate) values (44, 43, 'Weight gain', 'amet turpis elementum ligula', 152, CURRENT_TIMESTAMP, CURRENT_TIMESTAMP);
insert into Goal (GoalID, UserID, GoalType, Description, WeightGoal, Created, LastUpdate) values (45, 20, 'Stamina building', 'felis eu sapien cursus', 105, CURRENT_TIMESTAMP, CURRENT_TIMESTAMP);
insert into Goal (GoalID, UserID, GoalType, Description, WeightGoal, Created, LastUpdate) values (46, 75, 'Strength building', 'id sapien in sapien iaculis', 116, CURRENT_TIMESTAMP, CURRENT_TIMESTAMP);
insert into Goal (GoalID, UserID, GoalType, Description, WeightGoal, Created, LastUpdate) values (47, 14, 'Weight loss', 'cum sociis natoque penatibus et magnis', 104, CURRENT_TIMESTAMP, CURRENT_TIMESTAMP);
insert into Goal (GoalID, UserID, GoalType, Description, WeightGoal, Created, LastUpdate) values (48, 99, 'Muscle building', 'eget congue eget semper', 105, CURRENT_TIMESTAMP, CURRENT_TIMESTAMP);
insert into Goal (GoalID, UserID, GoalType, Description, WeightGoal, Created, LastUpdate) values (49, 6, 'Weight gain', 'metus sapien ut nunc', 158, CURRENT_TIMESTAMP, CURRENT_TIMESTAMP);
insert into Goal (GoalID, UserID, GoalType, Description, WeightGoal, Created, LastUpdate) values (50, 82, 'Stamina building', 'in magna bibendum imperdiet nullam orci pede', 146, CURRENT_TIMESTAMP, CURRENT_TIMESTAMP);
insert into Goal (GoalID, UserID, GoalType, Description, WeightGoal, Created, LastUpdate) values (51, 15, 'Strength building', 'platea dictumst maecenas ut massa', 164, CURRENT_TIMESTAMP, CURRENT_TIMESTAMP);
insert into Goal (GoalID, UserID, GoalType, Description, WeightGoal, Created, LastUpdate) values (52, 40, 'Weight loss', 'nulla integer pede justo lacinia eget tincidunt eget', 113, CURRENT_TIMESTAMP, CURRENT_TIMESTAMP);
insert into Goal (GoalID, UserID, GoalType, Description, WeightGoal, Created, LastUpdate) values (53, 98, 'Muscle building', 'sed tincidunt eu felis', 164, CURRENT_TIMESTAMP, CURRENT_TIMESTAMP);
insert into Goal (GoalID, UserID, GoalType, Description, WeightGoal, Created, LastUpdate) values (54, 42, 'Weight gain', 'nunc viverra dapibus nulla suscipit', 180, CURRENT_TIMESTAMP, CURRENT_TIMESTAMP);
insert into Goal (GoalID, UserID, GoalType, Description, WeightGoal, Created, LastUpdate) values (55, 54, 'Stamina building', 'vel pede morbi porttitor lorem id ligula suspendisse', 123, CURRENT_TIMESTAMP, CURRENT_TIMESTAMP);
insert into Goal (GoalID, UserID, GoalType, Description, WeightGoal, Created, LastUpdate) values (56, 81, 'Strength building', 'nulla neque libero convallis eget eleifend luctus ultricies', 129, CURRENT_TIMESTAMP, CURRENT_TIMESTAMP);
insert into Goal (GoalID, UserID, GoalType, Description, WeightGoal, Created, LastUpdate) values (57, 29, 'Weight loss', 'mauris sit amet eros', 157, CURRENT_TIMESTAMP, CURRENT_TIMESTAMP);
insert into Goal (GoalID, UserID, GoalType, Description, WeightGoal, Created, LastUpdate) values (58, 10, 'Muscle building', 'in quam fringilla rhoncus mauris enim leo rhoncus', 163, CURRENT_TIMESTAMP, CURRENT_TIMESTAMP);
insert into Goal (GoalID, UserID, GoalType, Description, WeightGoal, Created, LastUpdate) values (59, 11, 'Weight gain', 'ac neque duis bibendum morbi', 108, CURRENT_TIMESTAMP, CURRENT_TIMESTAMP);
insert into Goal (GoalID, UserID, GoalType, Description, WeightGoal, Created, LastUpdate) values (60, 87, 'Stamina building', 'suspendisse potenti cras in purus eu magna', 171, CURRENT_TIMESTAMP, CURRENT_TIMESTAMP);
insert into Goal (GoalID, UserID, GoalType, Description, WeightGoal, Created, LastUpdate) values (61, 1, 'Strength building', 'eu magna vulputate luctus', 139, CURRENT_TIMESTAMP, CURRENT_TIMESTAMP);
insert into Goal (GoalID, UserID, GoalType, Description, WeightGoal, Created, LastUpdate) values (62, 37, 'Weight loss', 'sem mauris laoreet ut rhoncus aliquet pulvinar sed', 167, CURRENT_TIMESTAMP, CURRENT_TIMESTAMP);
insert into Goal (GoalID, UserID, GoalType, Description, WeightGoal, Created, LastUpdate) values (63, 35, 'Muscle building', 'eu interdum eu tincidunt in leo', 169, CURRENT_TIMESTAMP, CURRENT_TIMESTAMP);
insert into Goal (GoalID, UserID, GoalType, Description, WeightGoal, Created, LastUpdate) values (64, 4, 'Weight gain', 'in faucibus orci luctus et ultrices', 105, CURRENT_TIMESTAMP, CURRENT_TIMESTAMP);
insert into Goal (GoalID, UserID, GoalType, Description, WeightGoal, Created, LastUpdate) values (65, 93, 'Stamina building', 'tincidunt ante vel ipsum praesent blandit lacinia erat', 160, CURRENT_TIMESTAMP, CURRENT_TIMESTAMP);
insert into Goal (GoalID, UserID, GoalType, Description, WeightGoal, Created, LastUpdate) values (66, 28, 'Strength building', 'erat curabitur gravida nisi', 134, CURRENT_TIMESTAMP, CURRENT_TIMESTAMP);
insert into Goal (GoalID, UserID, GoalType, Description, WeightGoal, Created, LastUpdate) values (67, 36, 'Weight loss', 'rutrum neque aenean auctor gravida sem praesent id', 159, CURRENT_TIMESTAMP, CURRENT_TIMESTAMP);
insert into Goal (GoalID, UserID, GoalType, Description, WeightGoal, Created, LastUpdate) values (68, 89, 'Muscle building', 'nibh ligula nec sem duis aliquam', 103, CURRENT_TIMESTAMP, CURRENT_TIMESTAMP);
insert into Goal (GoalID, UserID, GoalType, Description, WeightGoal, Created, LastUpdate) values (69, 80, 'Weight gain', 'turpis adipiscing lorem vitae mattis nibh ligula nec', 172, CURRENT_TIMESTAMP, CURRENT_TIMESTAMP);
insert into Goal (GoalID, UserID, GoalType, Description, WeightGoal, Created, LastUpdate) values (70, 31, 'Stamina building', 'dapibus dolor vel est donec odio', 140, CURRENT_TIMESTAMP, CURRENT_TIMESTAMP);
insert into Goal (GoalID, UserID, GoalType, Description, WeightGoal, Created, LastUpdate) values (71, 65, 'Strength building', 'mi in porttitor pede justo eu massa', 175, CURRENT_TIMESTAMP, CURRENT_TIMESTAMP);
insert into Goal (GoalID, UserID, GoalType, Description, WeightGoal, Created, LastUpdate) values (72, 76, 'Weight loss', 'in consequat ut nulla sed accumsan felis', 113, CURRENT_TIMESTAMP, CURRENT_TIMESTAMP);
insert into Goal (GoalID, UserID, GoalType, Description, WeightGoal, Created, LastUpdate) values (73, 9, 'Muscle building', 'egestas metus aenean fermentum donec ut mauris', 167, CURRENT_TIMESTAMP, CURRENT_TIMESTAMP);
insert into Goal (GoalID, UserID, GoalType, Description, WeightGoal, Created, LastUpdate) values (74, 80, 'Weight gain', 'porttitor lacus at turpis', 170, CURRENT_TIMESTAMP, CURRENT_TIMESTAMP);
insert into Goal (GoalID, UserID, GoalType, Description, WeightGoal, Created, LastUpdate) values (75, 36, 'Stamina building', 'sapien arcu sed augue aliquam erat', 177, CURRENT_TIMESTAMP, CURRENT_TIMESTAMP);
insert into Goal (GoalID, UserID, GoalType, Description, WeightGoal, Created, LastUpdate) values (76, 44, 'Strength building', 'blandit non interdum in ante', 109, CURRENT_TIMESTAMP, CURRENT_TIMESTAMP);
insert into Goal (GoalID, UserID, GoalType, Description, WeightGoal, Created, LastUpdate) values (77, 69, 'Weight loss', 'ac consequat metus sapien ut', 100, CURRENT_TIMESTAMP, CURRENT_TIMESTAMP);
insert into Goal (GoalID, UserID, GoalType, Description, WeightGoal, Created, LastUpdate) values (78, 89, 'Muscle building', 'nonummy maecenas tincidunt lacus at velit vivamus vel', 148, CURRENT_TIMESTAMP, CURRENT_TIMESTAMP);
insert into Goal (GoalID, UserID, GoalType, Description, WeightGoal, Created, LastUpdate) values (79, 12, 'Weight gain', 'posuere cubilia curae duis', 180, CURRENT_TIMESTAMP, CURRENT_TIMESTAMP);
insert into Goal (GoalID, UserID, GoalType, Description, WeightGoal, Created, LastUpdate) values (80, 97, 'Stamina building', 'aliquet maecenas leo odio condimentum id', 112, CURRENT_TIMESTAMP, CURRENT_TIMESTAMP);
insert into Goal (GoalID, UserID, GoalType, Description, WeightGoal, Created, LastUpdate) values (81, 87, 'Strength building', 'at lorem integer tincidunt ante vel ipsum praesent', 113, CURRENT_TIMESTAMP, CURRENT_TIMESTAMP);
insert into Goal (GoalID, UserID, GoalType, Description, WeightGoal, Created, LastUpdate) values (82, 10, 'Weight loss', 'varius integer ac leo', 158, CURRENT_TIMESTAMP, CURRENT_TIMESTAMP);
insert into Goal (GoalID, UserID, GoalType, Description, WeightGoal, Created, LastUpdate) values (83, 37, 'Muscle building', 'et ultrices posuere cubilia curae donec pharetra', 121, CURRENT_TIMESTAMP, CURRENT_TIMESTAMP);
insert into Goal (GoalID, UserID, GoalType, Description, WeightGoal, Created, LastUpdate) values (84, 27, 'Weight gain', 'vel accumsan tellus nisi eu orci mauris', 159, CURRENT_TIMESTAMP, CURRENT_TIMESTAMP);
insert into Goal (GoalID, UserID, GoalType, Description, WeightGoal, Created, LastUpdate) values (85, 84, 'Stamina building', 'felis ut at dolor quis odio consequat', 161, CURRENT_TIMESTAMP, CURRENT_TIMESTAMP);
insert into Goal (GoalID, UserID, GoalType, Description, WeightGoal, Created, LastUpdate) values (86, 1, 'Strength building', 'leo rhoncus sed vestibulum sit', 113, CURRENT_TIMESTAMP, CURRENT_TIMESTAMP);
insert into Goal (GoalID, UserID, GoalType, Description, WeightGoal, Created, LastUpdate) values (87, 88, 'Weight loss', 'lorem ipsum dolor sit amet consectetuer adipiscing', 167, CURRENT_TIMESTAMP, CURRENT_TIMESTAMP);
insert into Goal (GoalID, UserID, GoalType, Description, WeightGoal, Created, LastUpdate) values (88, 77, 'Muscle building', 'a odio in hac habitasse platea', 122, CURRENT_TIMESTAMP, CURRENT_TIMESTAMP);
insert into Goal (GoalID, UserID, GoalType, Description, WeightGoal, Created, LastUpdate) values (89, 17, 'Weight gain', 'mauris lacinia sapien quis libero', 162, CURRENT_TIMESTAMP, CURRENT_TIMESTAMP);
insert into Goal (GoalID, UserID, GoalType, Description, WeightGoal, Created, LastUpdate) values (90, 9, 'Stamina building', 'bibendum morbi non quam nec dui', 131, CURRENT_TIMESTAMP, CURRENT_TIMESTAMP);
insert into Goal (GoalID, UserID, GoalType, Description, WeightGoal, Created, LastUpdate) values (91, 25, 'Strength building', 'sapien placerat ante nulla justo aliquam quis turpis', 105, CURRENT_TIMESTAMP, CURRENT_TIMESTAMP);
insert into Goal (GoalID, UserID, GoalType, Description, WeightGoal, Created, LastUpdate) values (92, 70, 'Weight loss', 'nulla ac enim in tempor turpis', 157, CURRENT_TIMESTAMP, CURRENT_TIMESTAMP);
insert into Goal (GoalID, UserID, GoalType, Description, WeightGoal, Created, LastUpdate) values (93, 16, 'Muscle building', 'quam turpis adipiscing lorem vitae mattis nibh', 141, CURRENT_TIMESTAMP, CURRENT_TIMESTAMP);
insert into Goal (GoalID, UserID, GoalType, Description, WeightGoal, Created, LastUpdate) values (94, 5, 'Weight gain', 'etiam pretium iaculis justo in hac habitasse platea', 152, CURRENT_TIMESTAMP, CURRENT_TIMESTAMP);
insert into Goal (GoalID, UserID, GoalType, Description, WeightGoal, Created, LastUpdate) values (95, 46, 'Stamina building', 'vel augue vestibulum ante ipsum primis in', 162, CURRENT_TIMESTAMP, CURRENT_TIMESTAMP);
insert into Goal (GoalID, UserID, GoalType, Description, WeightGoal, Created, LastUpdate) values (96, 8, 'Strength building', 'sapien varius ut blandit', 153, CURRENT_TIMESTAMP, CURRENT_TIMESTAMP);
insert into Goal (GoalID, UserID, GoalType, Description, WeightGoal, Created, LastUpdate) values (97, 13, 'Weight loss', 'potenti in eleifend quam a odio in', 143, CURRENT_TIMESTAMP, CURRENT_TIMESTAMP);
insert into Goal (GoalID, UserID, GoalType, Description, WeightGoal, Created, LastUpdate) values (98, 39, 'Muscle building', 'id massa id nisl venenatis', 110, CURRENT_TIMESTAMP, CURRENT_TIMESTAMP);
insert into Goal (GoalID, UserID, GoalType, Description, WeightGoal, Created, LastUpdate) values (99, 89, 'Weight gain', 'montes nascetur ridiculus mus etiam', 137, CURRENT_TIMESTAMP, CURRENT_TIMESTAMP);
insert into Goal (GoalID, UserID, GoalType, Description, WeightGoal, Created, LastUpdate) values (100, 63, 'Stamina building', 'velit id pretium iaculis diam erat fermentum justo', 147, CURRENT_TIMESTAMP, CURRENT_TIMESTAMP);
insert into Goal (GoalID, UserID, GoalType, Description, WeightGoal, Created, LastUpdate) values (101, 26, 'Strength building', 'rutrum at lorem integer tincidunt ante vel', 142, CURRENT_TIMESTAMP, CURRENT_TIMESTAMP);
insert into Goal (GoalID, UserID, GoalType, Description, WeightGoal, Created, LastUpdate) values (102, 78, 'Weight loss', 'quisque porta volutpat erat quisque erat eros viverra', 147, CURRENT_TIMESTAMP, CURRENT_TIMESTAMP);
insert into Goal (GoalID, UserID, GoalType, Description, WeightGoal, Created, LastUpdate) values (103, 53, 'Muscle building', 'leo odio porttitor id consequat', 156, CURRENT_TIMESTAMP, CURRENT_TIMESTAMP);
insert into Goal (GoalID, UserID, GoalType, Description, WeightGoal, Created, LastUpdate) values (104, 42, 'Weight gain', 'luctus et ultrices posuere cubilia', 113, CURRENT_TIMESTAMP, CURRENT_TIMESTAMP);
insert into Goal (GoalID, UserID, GoalType, Description, WeightGoal, Created, LastUpdate) values (105, 53, 'Stamina building', 'eu orci mauris lacinia sapien quis', 145, CURRENT_TIMESTAMP, CURRENT_TIMESTAMP);
insert into Goal (GoalID, UserID, GoalType, Description, WeightGoal, Created, LastUpdate) values (106, 75, 'Strength building', 'suspendisse potenti nullam porttitor lacus at', 103, CURRENT_TIMESTAMP, CURRENT_TIMESTAMP);
insert into Goal (GoalID, UserID, GoalType, Description, WeightGoal, Created, LastUpdate) values (107, 3, 'Weight loss', 'ut volutpat sapien arcu sed augue aliquam', 165, CURRENT_TIMESTAMP, CURRENT_TIMESTAMP);
insert into Goal (GoalID, UserID, GoalType, Description, WeightGoal, Created, LastUpdate) values (108, 90, 'Muscle building', 'nulla integer pede justo lacinia eget tincidunt', 118, CURRENT_TIMESTAMP, CURRENT_TIMESTAMP);
insert into Goal (GoalID, UserID, GoalType, Description, WeightGoal, Created, LastUpdate) values (109, 95, 'Weight gain', 'blandit ultrices enim lorem', 145, CURRENT_TIMESTAMP, CURRENT_TIMESTAMP);
insert into Goal (GoalID, UserID, GoalType, Description, WeightGoal, Created, LastUpdate) values (110, 21, 'Stamina building', 'integer a nibh in quis justo maecenas rhoncus', 134, CURRENT_TIMESTAMP, CURRENT_TIMESTAMP);
insert into Goal (GoalID, UserID, GoalType, Description, WeightGoal, Created, LastUpdate) values (111, 41, 'Strength building', 'nec euismod scelerisque quam turpis', 137, CURRENT_TIMESTAMP, CURRENT_TIMESTAMP);
insert into Goal (GoalID, UserID, GoalType, Description, WeightGoal, Created, LastUpdate) values (112, 57, 'Weight loss', 'odio porttitor id consequat in consequat', 103, CURRENT_TIMESTAMP, CURRENT_TIMESTAMP);
insert into Goal (GoalID, UserID, GoalType, Description, WeightGoal, Created, LastUpdate) values (113, 27, 'Muscle building', 'id ornare imperdiet sapien urna pretium', 115, CURRENT_TIMESTAMP, CURRENT_TIMESTAMP);
insert into Goal (GoalID, UserID, GoalType, Description, WeightGoal, Created, LastUpdate) values (114, 46, 'Weight gain', 'nulla justo aliquam quis', 117, CURRENT_TIMESTAMP, CURRENT_TIMESTAMP);
insert into Goal (GoalID, UserID, GoalType, Description, WeightGoal, Created, LastUpdate) values (115, 46, 'Stamina building', 'quis orci nullam molestie nibh', 152, CURRENT_TIMESTAMP, CURRENT_TIMESTAMP);
insert into Goal (GoalID, UserID, GoalType, Description, WeightGoal, Created, LastUpdate) values (116, 84, 'Strength building', 'donec ut dolor morbi vel', 105, CURRENT_TIMESTAMP, CURRENT_TIMESTAMP);
insert into Goal (GoalID, UserID, GoalType, Description, WeightGoal, Created, LastUpdate) values (117, 28, 'Weight loss', 'in imperdiet et commodo vulputate justo in blandit', 148, CURRENT_TIMESTAMP, CURRENT_TIMESTAMP);
insert into Goal (GoalID, UserID, GoalType, Description, WeightGoal, Created, LastUpdate) values (118, 82, 'Muscle building', 'facilisi cras non velit nec', 128, CURRENT_TIMESTAMP, CURRENT_TIMESTAMP);
insert into Goal (GoalID, UserID, GoalType, Description, WeightGoal, Created, LastUpdate) values (119, 95, 'Weight gain', 'aliquet massa id lobortis convallis tortor risus', 160, CURRENT_TIMESTAMP, CURRENT_TIMESTAMP);
insert into Goal (GoalID, UserID, GoalType, Description, WeightGoal, Created, LastUpdate) values (120, 89, 'Stamina building', 'consequat morbi a ipsum', 125, CURRENT_TIMESTAMP, CURRENT_TIMESTAMP);
insert into Goal (GoalID, UserID, GoalType, Description, WeightGoal, Created, LastUpdate) values (121, 26, 'Strength building', 'justo eu massa donec', 180, CURRENT_TIMESTAMP, CURRENT_TIMESTAMP);
insert into Goal (GoalID, UserID, GoalType, Description, WeightGoal, Created, LastUpdate) values (122, 68, 'Weight loss', 'aenean lectus pellentesque eget nunc donec quis', 158, CURRENT_TIMESTAMP, CURRENT_TIMESTAMP);
insert into Goal (GoalID, UserID, GoalType, Description, WeightGoal, Created, LastUpdate) values (123, 19, 'Muscle building', 'dolor sit amet consectetuer adipiscing elit', 123, CURRENT_TIMESTAMP, CURRENT_TIMESTAMP);
insert into Goal (GoalID, UserID, GoalType, Description, WeightGoal, Created, LastUpdate) values (124, 86, 'Weight gain', 'luctus et ultrices posuere cubilia', 119, CURRENT_TIMESTAMP, CURRENT_TIMESTAMP);
insert into Goal (GoalID, UserID, GoalType, Description, WeightGoal, Created, LastUpdate) values (125, 61, 'Stamina building', 'orci vehicula condimentum curabitur in libero', 114, CURRENT_TIMESTAMP, CURRENT_TIMESTAMP);
insert into Goal (GoalID, UserID, GoalType, Description, WeightGoal, Created, LastUpdate) values (126, 42, 'Strength building', 'non pretium quis lectus suspendisse potenti in', 116, CURRENT_TIMESTAMP, CURRENT_TIMESTAMP);
insert into Goal (GoalID, UserID, GoalType, Description, WeightGoal, Created, LastUpdate) values (127, 81, 'Weight loss', 'convallis duis consequat dui nec nisi volutpat eleifend', 137, CURRENT_TIMESTAMP, CURRENT_TIMESTAMP);
insert into Goal (GoalID, UserID, GoalType, Description, WeightGoal, Created, LastUpdate) values (128, 2, 'Muscle building', 'rhoncus aliquam lacus morbi quis tortor', 111, CURRENT_TIMESTAMP, CURRENT_TIMESTAMP);
insert into Goal (GoalID, UserID, GoalType, Description, WeightGoal, Created, LastUpdate) values (129, 3, 'Weight gain', 'vestibulum velit id pretium', 146, CURRENT_TIMESTAMP, CURRENT_TIMESTAMP);
insert into Goal (GoalID, UserID, GoalType, Description, WeightGoal, Created, LastUpdate) values (130, 90, 'Stamina building', 'porta volutpat erat quisque erat eros viverra eget', 176, CURRENT_TIMESTAMP, CURRENT_TIMESTAMP);
insert into Goal (GoalID, UserID, GoalType, Description, WeightGoal, Created, LastUpdate) values (131, 78, 'Strength building', 'cursus vestibulum proin eu mi nulla ac enim', 166, CURRENT_TIMESTAMP, CURRENT_TIMESTAMP);
insert into Goal (GoalID, UserID, GoalType, Description, WeightGoal, Created, LastUpdate) values (132, 70, 'Weight loss', 'ac nibh fusce lacus purus', 137, CURRENT_TIMESTAMP, CURRENT_TIMESTAMP);
insert into Goal (GoalID, UserID, GoalType, Description, WeightGoal, Created, LastUpdate) values (133, 2, 'Muscle building', 'tempus semper est quam pharetra magna ac consequat', 148, CURRENT_TIMESTAMP, CURRENT_TIMESTAMP);
insert into Goal (GoalID, UserID, GoalType, Description, WeightGoal, Created, LastUpdate) values (134, 49, 'Weight gain', 'tortor risus dapibus augue vel accumsan tellus', 174, CURRENT_TIMESTAMP, CURRENT_TIMESTAMP);
insert into Goal (GoalID, UserID, GoalType, Description, WeightGoal, Created, LastUpdate) values (135, 49, 'Stamina building', 'tortor id nulla ultrices', 178, CURRENT_TIMESTAMP, CURRENT_TIMESTAMP);
insert into Goal (GoalID, UserID, GoalType, Description, WeightGoal, Created, LastUpdate) values (136, 82, 'Strength building', 'nullam varius nulla facilisi cras non velit', 151, CURRENT_TIMESTAMP, CURRENT_TIMESTAMP);
insert into Goal (GoalID, UserID, GoalType, Description, WeightGoal, Created, LastUpdate) values (137, 89, 'Weight loss', 'sem sed sagittis nam congue risus semper porta', 170, CURRENT_TIMESTAMP, CURRENT_TIMESTAMP);
insert into Goal (GoalID, UserID, GoalType, Description, WeightGoal, Created, LastUpdate) values (138, 96, 'Muscle building', 'urna pretium nisl ut volutpat', 157, CURRENT_TIMESTAMP, CURRENT_TIMESTAMP);
insert into Goal (GoalID, UserID, GoalType, Description, WeightGoal, Created, LastUpdate) values (139, 75, 'Weight gain', 'dolor sit amet consectetuer adipiscing elit', 115, CURRENT_TIMESTAMP, CURRENT_TIMESTAMP);
insert into Goal (GoalID, UserID, GoalType, Description, WeightGoal, Created, LastUpdate) values (140, 72, 'Stamina building', 'tellus in sagittis dui vel nisl', 176, CURRENT_TIMESTAMP, CURRENT_TIMESTAMP);
insert into Goal (GoalID, UserID, GoalType, Description, WeightGoal, Created, LastUpdate) values (141, 46, 'Strength building', 'nibh quisque id justo', 138, CURRENT_TIMESTAMP, CURRENT_TIMESTAMP);
insert into Goal (GoalID, UserID, GoalType, Description, WeightGoal, Created, LastUpdate) values (142, 66, 'Weight loss', 'quis lectus suspendisse potenti in eleifend', 157, CURRENT_TIMESTAMP, CURRENT_TIMESTAMP);
insert into Goal (GoalID, UserID, GoalType, Description, WeightGoal, Created, LastUpdate) values (143, 88, 'Muscle building', 'diam vitae quam suspendisse potenti nullam porttitor lacus', 114, CURRENT_TIMESTAMP, CURRENT_TIMESTAMP);
insert into Goal (GoalID, UserID, GoalType, Description, WeightGoal, Created, LastUpdate) values (144, 19, 'Weight gain', 'non velit donec diam neque vestibulum eget vulputate', 174, CURRENT_TIMESTAMP, CURRENT_TIMESTAMP);
insert into Goal (GoalID, UserID, GoalType, Description, WeightGoal, Created, LastUpdate) values (145, 33, 'Stamina building', 'pede posuere nonummy integer non', 132, CURRENT_TIMESTAMP, CURRENT_TIMESTAMP);
insert into Goal (GoalID, UserID, GoalType, Description, WeightGoal, Created, LastUpdate) values (146, 23, 'Strength building', 'morbi ut odio cras', 115, CURRENT_TIMESTAMP, CURRENT_TIMESTAMP);
insert into Goal (GoalID, UserID, GoalType, Description, WeightGoal, Created, LastUpdate) values (147, 75, 'Weight loss', 'diam erat fermentum justo', 106, CURRENT_TIMESTAMP, CURRENT_TIMESTAMP);
insert into Goal (GoalID, UserID, GoalType, Description, WeightGoal, Created, LastUpdate) values (148, 44, 'Muscle building', 'mauris laoreet ut rhoncus aliquet pulvinar', 102, CURRENT_TIMESTAMP, CURRENT_TIMESTAMP);
insert into Goal (GoalID, UserID, GoalType, Description, WeightGoal, Created, LastUpdate) values (149, 17, 'Weight gain', 'sit amet sapien dignissim vestibulum vestibulum ante', 139, CURRENT_TIMESTAMP, CURRENT_TIMESTAMP);
insert into Goal (GoalID, UserID, GoalType, Description, WeightGoal, Created, LastUpdate) values (150, 97, 'Stamina building', 'luctus cum sociis natoque penatibus', 113, CURRENT_TIMESTAMP, CURRENT_TIMESTAMP);
insert into Goal (GoalID, UserID, GoalType, Description, WeightGoal, Created, LastUpdate) values (151, 91, 'Strength building', 'ultrices aliquet maecenas leo odio condimentum id', 101, CURRENT_TIMESTAMP, CURRENT_TIMESTAMP);
insert into Goal (GoalID, UserID, GoalType, Description, WeightGoal, Created, LastUpdate) values (152, 23, 'Weight loss', 'lectus in est risus auctor sed tristique in', 129, CURRENT_TIMESTAMP, CURRENT_TIMESTAMP);
insert into Goal (GoalID, UserID, GoalType, Description, WeightGoal, Created, LastUpdate) values (153, 99, 'Muscle building', 'aliquam non mauris morbi', 102, CURRENT_TIMESTAMP, CURRENT_TIMESTAMP);
insert into Goal (GoalID, UserID, GoalType, Description, WeightGoal, Created, LastUpdate) values (154, 12, 'Weight gain', 'scelerisque mauris sit amet eros suspendisse accumsan tortor', 119, CURRENT_TIMESTAMP, CURRENT_TIMESTAMP);
insert into Goal (GoalID, UserID, GoalType, Description, WeightGoal, Created, LastUpdate) values (155, 53, 'Stamina building', 'ac est lacinia nisi venenatis tristique', 166, CURRENT_TIMESTAMP, CURRENT_TIMESTAMP);
insert into Goal (GoalID, UserID, GoalType, Description, WeightGoal, Created, LastUpdate) values (156, 43, 'Strength building', 'pede ullamcorper augue a suscipit nulla', 155, CURRENT_TIMESTAMP, CURRENT_TIMESTAMP);
insert into Goal (GoalID, UserID, GoalType, Description, WeightGoal, Created, LastUpdate) values (157, 12, 'Weight loss', 'porta volutpat erat quisque erat', 114, CURRENT_TIMESTAMP, CURRENT_TIMESTAMP);
insert into Goal (GoalID, UserID, GoalType, Description, WeightGoal, Created, LastUpdate) values (158, 80, 'Muscle building', 'sit amet diam in magna bibendum imperdiet', 157, CURRENT_TIMESTAMP, CURRENT_TIMESTAMP);
insert into Goal (GoalID, UserID, GoalType, Description, WeightGoal, Created, LastUpdate) values (159, 27, 'Weight gain', 'feugiat non pretium quis', 175, CURRENT_TIMESTAMP, CURRENT_TIMESTAMP);
insert into Goal (GoalID, UserID, GoalType, Description, WeightGoal, Created, LastUpdate) values (160, 13, 'Stamina building', 'consequat dui nec nisi', 137, CURRENT_TIMESTAMP, CURRENT_TIMESTAMP);
insert into Goal (GoalID, UserID, GoalType, Description, WeightGoal, Created, LastUpdate) values (161, 57, 'Strength building', 'quis tortor id nulla', 105, CURRENT_TIMESTAMP, CURRENT_TIMESTAMP);
insert into Goal (GoalID, UserID, GoalType, Description, WeightGoal, Created, LastUpdate) values (162, 33, 'Weight loss', 'suspendisse potenti cras in purus eu magna vulputate', 129, CURRENT_TIMESTAMP, CURRENT_TIMESTAMP);
insert into Goal (GoalID, UserID, GoalType, Description, WeightGoal, Created, LastUpdate) values (163, 82, 'Muscle building', 'id nulla ultrices aliquet maecenas leo', 177, CURRENT_TIMESTAMP, CURRENT_TIMESTAMP);
insert into Goal (GoalID, UserID, GoalType, Description, WeightGoal, Created, LastUpdate) values (164, 68, 'Weight gain', 'enim blandit mi in porttitor pede justo eu', 126, CURRENT_TIMESTAMP, CURRENT_TIMESTAMP);
insert into Goal (GoalID, UserID, GoalType, Description, WeightGoal, Created, LastUpdate) values (165, 80, 'Stamina building', 'eleifend quam a odio in hac habitasse platea', 171, CURRENT_TIMESTAMP, CURRENT_TIMESTAMP);
insert into Goal (GoalID, UserID, GoalType, Description, WeightGoal, Created, LastUpdate) values (166, 47, 'Strength building', 'eget orci vehicula condimentum curabitur in libero ut', 175, CURRENT_TIMESTAMP, CURRENT_TIMESTAMP);
insert into Goal (GoalID, UserID, GoalType, Description, WeightGoal, Created, LastUpdate) values (167, 37, 'Weight loss', 'dictumst etiam faucibus cursus urna ut tellus', 146, CURRENT_TIMESTAMP, CURRENT_TIMESTAMP);
insert into Goal (GoalID, UserID, GoalType, Description, WeightGoal, Created, LastUpdate) values (168, 86, 'Muscle building', 'ante ipsum primis in faucibus orci', 113, CURRENT_TIMESTAMP, CURRENT_TIMESTAMP);
insert into Goal (GoalID, UserID, GoalType, Description, WeightGoal, Created, LastUpdate) values (169, 42, 'Weight gain', 'vitae quam suspendisse potenti nullam', 115, CURRENT_TIMESTAMP, CURRENT_TIMESTAMP);
insert into Goal (GoalID, UserID, GoalType, Description, WeightGoal, Created, LastUpdate) values (170, 43, 'Stamina building', 'eros elementum pellentesque quisque porta volutpat', 155, CURRENT_TIMESTAMP, CURRENT_TIMESTAMP);
insert into Goal (GoalID, UserID, GoalType, Description, WeightGoal, Created, LastUpdate) values (171, 2, 'Strength building', 'sed lacus morbi sem', 154, CURRENT_TIMESTAMP, CURRENT_TIMESTAMP);
insert into Goal (GoalID, UserID, GoalType, Description, WeightGoal, Created, LastUpdate) values (172, 85, 'Weight loss', 'ac consequat metus sapien ut nunc vestibulum ante', 130, CURRENT_TIMESTAMP, CURRENT_TIMESTAMP);
insert into Goal (GoalID, UserID, GoalType, Description, WeightGoal, Created, LastUpdate) values (173, 83, 'Muscle building', 'erat quisque erat eros viverra', 105, CURRENT_TIMESTAMP, CURRENT_TIMESTAMP);
insert into Goal (GoalID, UserID, GoalType, Description, WeightGoal, Created, LastUpdate) values (174, 50, 'Weight gain', 'vitae ipsum aliquam non mauris morbi non', 106, CURRENT_TIMESTAMP, CURRENT_TIMESTAMP);
insert into Goal (GoalID, UserID, GoalType, Description, WeightGoal, Created, LastUpdate) values (175, 13, 'Stamina building', 'at turpis donec posuere metus', 168, CURRENT_TIMESTAMP, CURRENT_TIMESTAMP);
insert into Goal (GoalID, UserID, GoalType, Description, WeightGoal, Created, LastUpdate) values (176, 47, 'Strength building', 'et ultrices posuere cubilia curae', 139, CURRENT_TIMESTAMP, CURRENT_TIMESTAMP);
insert into Goal (GoalID, UserID, GoalType, Description, WeightGoal, Created, LastUpdate) values (177, 95, 'Weight loss', 'vel ipsum praesent blandit', 147, CURRENT_TIMESTAMP, CURRENT_TIMESTAMP);
insert into Goal (GoalID, UserID, GoalType, Description, WeightGoal, Created, LastUpdate) values (178, 41, 'Muscle building', 'in libero ut massa volutpat convallis morbi odio', 141, CURRENT_TIMESTAMP, CURRENT_TIMESTAMP);
insert into Goal (GoalID, UserID, GoalType, Description, WeightGoal, Created, LastUpdate) values (179, 51, 'Weight gain', 'leo rhoncus sed vestibulum sit amet cursus', 137, CURRENT_TIMESTAMP, CURRENT_TIMESTAMP);
insert into Goal (GoalID, UserID, GoalType, Description, WeightGoal, Created, LastUpdate) values (180, 22, 'Stamina building', 'molestie hendrerit at vulputate vitae nisl', 112, CURRENT_TIMESTAMP, CURRENT_TIMESTAMP);
insert into Goal (GoalID, UserID, GoalType, Description, WeightGoal, Created, LastUpdate) values (181, 86, 'Strength building', 'nulla neque libero convallis eget eleifend', 169, CURRENT_TIMESTAMP, CURRENT_TIMESTAMP);
insert into Goal (GoalID, UserID, GoalType, Description, WeightGoal, Created, LastUpdate) values (182, 49, 'Weight loss', 'justo in blandit ultrices enim lorem ipsum dolor', 132, CURRENT_TIMESTAMP, CURRENT_TIMESTAMP);
insert into Goal (GoalID, UserID, GoalType, Description, WeightGoal, Created, LastUpdate) values (183, 58, 'Muscle building', 'lacus morbi sem mauris laoreet ut rhoncus aliquet', 109, CURRENT_TIMESTAMP, CURRENT_TIMESTAMP);
insert into Goal (GoalID, UserID, GoalType, Description, WeightGoal, Created, LastUpdate) values (184, 13, 'Weight gain', 'odio cras mi pede malesuada in imperdiet et', 148, CURRENT_TIMESTAMP, CURRENT_TIMESTAMP);
insert into Goal (GoalID, UserID, GoalType, Description, WeightGoal, Created, LastUpdate) values (185, 2, 'Stamina building', 'quis turpis sed ante vivamus', 149, CURRENT_TIMESTAMP, CURRENT_TIMESTAMP);
insert into Goal (GoalID, UserID, GoalType, Description, WeightGoal, Created, LastUpdate) values (186, 2, 'Strength building', 'eleifend pede libero quis orci', 104, CURRENT_TIMESTAMP, CURRENT_TIMESTAMP);
insert into Goal (GoalID, UserID, GoalType, Description, WeightGoal, Created, LastUpdate) values (187, 37, 'Weight loss', 'penatibus et magnis dis parturient montes nascetur', 157, CURRENT_TIMESTAMP, CURRENT_TIMESTAMP);
insert into Goal (GoalID, UserID, GoalType, Description, WeightGoal, Created, LastUpdate) values (188, 60, 'Muscle building', 'nulla facilisi cras non velit nec nisi vulputate', 134, CURRENT_TIMESTAMP, CURRENT_TIMESTAMP);
insert into Goal (GoalID, UserID, GoalType, Description, WeightGoal, Created, LastUpdate) values (189, 18, 'Weight gain', 'mi integer ac neque duis', 149, CURRENT_TIMESTAMP, CURRENT_TIMESTAMP);
insert into Goal (GoalID, UserID, GoalType, Description, WeightGoal, Created, LastUpdate) values (190, 36, 'Stamina building', 'odio curabitur convallis duis consequat dui nec nisi', 140, CURRENT_TIMESTAMP, CURRENT_TIMESTAMP);
insert into Goal (GoalID, UserID, GoalType, Description, WeightGoal, Created, LastUpdate) values (191, 51, 'Strength building', 'sed ante vivamus tortor duis mattis egestas metus', 122, CURRENT_TIMESTAMP, CURRENT_TIMESTAMP);
insert into Goal (GoalID, UserID, GoalType, Description, WeightGoal, Created, LastUpdate) values (192, 36, 'Weight loss', 'vivamus vestibulum sagittis sapien cum sociis natoque', 117, CURRENT_TIMESTAMP, CURRENT_TIMESTAMP);
insert into Goal (GoalID, UserID, GoalType, Description, WeightGoal, Created, LastUpdate) values (193, 76, 'Muscle building', 'nullam varius nulla facilisi', 135, CURRENT_TIMESTAMP, CURRENT_TIMESTAMP);
insert into Goal (GoalID, UserID, GoalType, Description, WeightGoal, Created, LastUpdate) values (194, 7, 'Weight gain', 'nec nisi vulputate nonummy maecenas tincidunt lacus', 138, CURRENT_TIMESTAMP, CURRENT_TIMESTAMP);
insert into Goal (GoalID, UserID, GoalType, Description, WeightGoal, Created, LastUpdate) values (195, 36, 'Stamina building', 'quisque id justo sit', 114, CURRENT_TIMESTAMP, CURRENT_TIMESTAMP);
insert into Goal (GoalID, UserID, GoalType, Description, WeightGoal, Created, LastUpdate) values (196, 32, 'Strength building', 'ante ipsum primis in faucibus', 156, CURRENT_TIMESTAMP, CURRENT_TIMESTAMP);
insert into Goal (GoalID, UserID, GoalType, Description, WeightGoal, Created, LastUpdate) values (197, 58, 'Weight loss', 'laoreet ut rhoncus aliquet pulvinar sed nisl', 106, CURRENT_TIMESTAMP, CURRENT_TIMESTAMP);
insert into Goal (GoalID, UserID, GoalType, Description, WeightGoal, Created, LastUpdate) values (198, 41, 'Muscle building', 'eleifend donec ut dolor morbi', 141, CURRENT_TIMESTAMP, CURRENT_TIMESTAMP);
insert into Goal (GoalID, UserID, GoalType, Description, WeightGoal, Created, LastUpdate) values (199, 5, 'Weight gain', 'et ultrices posuere cubilia curae mauris', 114, CURRENT_TIMESTAMP, CURRENT_TIMESTAMP);
insert into Goal (GoalID, UserID, GoalType, Description, WeightGoal, Created, LastUpdate) values (200, 98, 'Stamina building', 'metus arcu adipiscing molestie hendrerit at vulputate vitae', 122, CURRENT_TIMESTAMP, CURRENT_TIMESTAMP);
insert into Goal (GoalID, UserID, GoalType, Description, WeightGoal, Created, LastUpdate) values (201, 3, 'Strength building', 'interdum venenatis turpis enim blandit', 135, CURRENT_TIMESTAMP, CURRENT_TIMESTAMP);
insert into Goal (GoalID, UserID, GoalType, Description, WeightGoal, Created, LastUpdate) values (202, 81, 'Weight loss', 'ac neque duis bibendum morbi non quam', 134, CURRENT_TIMESTAMP, CURRENT_TIMESTAMP);
insert into Goal (GoalID, UserID, GoalType, Description, WeightGoal, Created, LastUpdate) values (203, 42, 'Muscle building', 'at nunc commodo placerat praesent', 177, CURRENT_TIMESTAMP, CURRENT_TIMESTAMP);
insert into Goal (GoalID, UserID, GoalType, Description, WeightGoal, Created, LastUpdate) values (204, 18, 'Weight gain', 'faucibus orci luctus et', 134, CURRENT_TIMESTAMP, CURRENT_TIMESTAMP);
insert into Goal (GoalID, UserID, GoalType, Description, WeightGoal, Created, LastUpdate) values (205, 23, 'Stamina building', 'vestibulum ante ipsum primis in', 160, CURRENT_TIMESTAMP, CURRENT_TIMESTAMP);
insert into Goal (GoalID, UserID, GoalType, Description, WeightGoal, Created, LastUpdate) values (206, 92, 'Strength building', 'habitasse platea dictumst etiam faucibus cursus', 167, CURRENT_TIMESTAMP, CURRENT_TIMESTAMP);
insert into Goal (GoalID, UserID, GoalType, Description, WeightGoal, Created, LastUpdate) values (207, 31, 'Weight loss', 'sociis natoque penatibus et magnis dis parturient', 171, CURRENT_TIMESTAMP, CURRENT_TIMESTAMP);
insert into Goal (GoalID, UserID, GoalType, Description, WeightGoal, Created, LastUpdate) values (208, 22, 'Muscle building', 'semper est quam pharetra', 104, CURRENT_TIMESTAMP, CURRENT_TIMESTAMP);
insert into Goal (GoalID, UserID, GoalType, Description, WeightGoal, Created, LastUpdate) values (209, 94, 'Weight gain', 'ante nulla justo aliquam', 131, CURRENT_TIMESTAMP, CURRENT_TIMESTAMP);
insert into Goal (GoalID, UserID, GoalType, Description, WeightGoal, Created, LastUpdate) values (210, 7, 'Stamina building', 'nec dui luctus rutrum', 170, CURRENT_TIMESTAMP, CURRENT_TIMESTAMP);
insert into Goal (GoalID, UserID, GoalType, Description, WeightGoal, Created, LastUpdate) values (211, 22, 'Strength building', 'luctus et ultrices posuere cubilia curae mauris viverra', 145, CURRENT_TIMESTAMP, CURRENT_TIMESTAMP);
insert into Goal (GoalID, UserID, GoalType, Description, WeightGoal, Created, LastUpdate) values (212, 48, 'Weight loss', 'ultrices libero non mattis', 124, CURRENT_TIMESTAMP, CURRENT_TIMESTAMP);
insert into Goal (GoalID, UserID, GoalType, Description, WeightGoal, Created, LastUpdate) values (213, 91, 'Muscle building', 'rutrum ac lobortis vel dapibus at diam nam', 112, CURRENT_TIMESTAMP, CURRENT_TIMESTAMP);
insert into Goal (GoalID, UserID, GoalType, Description, WeightGoal, Created, LastUpdate) values (214, 88, 'Weight gain', 'erat quisque erat eros viverra eget congue eget', 103, CURRENT_TIMESTAMP, CURRENT_TIMESTAMP);
insert into Goal (GoalID, UserID, GoalType, Description, WeightGoal, Created, LastUpdate) values (215, 18, 'Stamina building', 'in faucibus orci luctus et ultrices', 118, CURRENT_TIMESTAMP, CURRENT_TIMESTAMP);
insert into Goal (GoalID, UserID, GoalType, Description, WeightGoal, Created, LastUpdate) values (216, 38, 'Strength building', 'metus aenean fermentum donec ut mauris', 154, CURRENT_TIMESTAMP, CURRENT_TIMESTAMP);
insert into Goal (GoalID, UserID, GoalType, Description, WeightGoal, Created, LastUpdate) values (217, 7, 'Weight loss', 'eget tempus vel pede', 144, CURRENT_TIMESTAMP, CURRENT_TIMESTAMP);
insert into Goal (GoalID, UserID, GoalType, Description, WeightGoal, Created, LastUpdate) values (218, 59, 'Muscle building', 'sapien cum sociis natoque penatibus et', 116, CURRENT_TIMESTAMP, CURRENT_TIMESTAMP);
insert into Goal (GoalID, UserID, GoalType, Description, WeightGoal, Created, LastUpdate) values (219, 42, 'Weight gain', 'magna vulputate luctus cum sociis natoque', 148, CURRENT_TIMESTAMP, CURRENT_TIMESTAMP);
insert into Goal (GoalID, UserID, GoalType, Description, WeightGoal, Created, LastUpdate) values (220, 99, 'Stamina building', 'ante ipsum primis in faucibus orci', 178, CURRENT_TIMESTAMP, CURRENT_TIMESTAMP);
insert into Goal (GoalID, UserID, GoalType, Description, WeightGoal, Created, LastUpdate) values (221, 71, 'Strength building', 'lobortis convallis tortor risus dapibus augue vel accumsan', 162, CURRENT_TIMESTAMP, CURRENT_TIMESTAMP);
insert into Goal (GoalID, UserID, GoalType, Description, WeightGoal, Created, LastUpdate) values (222, 26, 'Weight loss', 'in imperdiet et commodo vulputate', 111, CURRENT_TIMESTAMP, CURRENT_TIMESTAMP);
insert into Goal (GoalID, UserID, GoalType, Description, WeightGoal, Created, LastUpdate) values (223, 58, 'Muscle building', 'porttitor lacus at turpis donec', 137, CURRENT_TIMESTAMP, CURRENT_TIMESTAMP);
insert into Goal (GoalID, UserID, GoalType, Description, WeightGoal, Created, LastUpdate) values (224, 29, 'Weight gain', 'curae donec pharetra magna', 161, CURRENT_TIMESTAMP, CURRENT_TIMESTAMP);
insert into Goal (GoalID, UserID, GoalType, Description, WeightGoal, Created, LastUpdate) values (225, 79, 'Stamina building', 'vestibulum quam sapien varius ut blandit non', 135, CURRENT_TIMESTAMP, CURRENT_TIMESTAMP);
insert into Goal (GoalID, UserID, GoalType, Description, WeightGoal, Created, LastUpdate) values (226, 60, 'Strength building', 'varius integer ac leo', 155, CURRENT_TIMESTAMP, CURRENT_TIMESTAMP);
insert into Goal (GoalID, UserID, GoalType, Description, WeightGoal, Created, LastUpdate) values (227, 1, 'Weight loss', 'montes nascetur ridiculus mus etiam vel augue', 148, CURRENT_TIMESTAMP, CURRENT_TIMESTAMP);
insert into Goal (GoalID, UserID, GoalType, Description, WeightGoal, Created, LastUpdate) values (228, 19, 'Muscle building', 'non velit nec nisi vulputate nonummy maecenas', 111, CURRENT_TIMESTAMP, CURRENT_TIMESTAMP);
insert into Goal (GoalID, UserID, GoalType, Description, WeightGoal, Created, LastUpdate) values (229, 91, 'Weight gain', 'amet consectetuer adipiscing elit proin interdum mauris', 104, CURRENT_TIMESTAMP, CURRENT_TIMESTAMP);
insert into Goal (GoalID, UserID, GoalType, Description, WeightGoal, Created, LastUpdate) values (230, 42, 'Stamina building', 'nulla integer pede justo', 151, CURRENT_TIMESTAMP, CURRENT_TIMESTAMP);
insert into Goal (GoalID, UserID, GoalType, Description, WeightGoal, Created, LastUpdate) values (231, 35, 'Strength building', 'semper interdum mauris ullamcorper purus', 158, CURRENT_TIMESTAMP, CURRENT_TIMESTAMP);
insert into Goal (GoalID, UserID, GoalType, Description, WeightGoal, Created, LastUpdate) values (232, 7, 'Weight loss', 'neque vestibulum eget vulputate ut', 144, CURRENT_TIMESTAMP, CURRENT_TIMESTAMP);
insert into Goal (GoalID, UserID, GoalType, Description, WeightGoal, Created, LastUpdate) values (233, 20, 'Muscle building', 'sed lacus morbi sem mauris', 178, CURRENT_TIMESTAMP, CURRENT_TIMESTAMP);
insert into Goal (GoalID, UserID, GoalType, Description, WeightGoal, Created, LastUpdate) values (234, 13, 'Weight gain', 'sem praesent id massa id nisl venenatis', 111, CURRENT_TIMESTAMP, CURRENT_TIMESTAMP);
insert into Goal (GoalID, UserID, GoalType, Description, WeightGoal, Created, LastUpdate) values (235, 43, 'Stamina building', 'quam pharetra magna ac', 176, CURRENT_TIMESTAMP, CURRENT_TIMESTAMP);
insert into Goal (GoalID, UserID, GoalType, Description, WeightGoal, Created, LastUpdate) values (236, 66, 'Strength building', 'vulputate luctus cum sociis natoque penatibus', 102, CURRENT_TIMESTAMP, CURRENT_TIMESTAMP);
insert into Goal (GoalID, UserID, GoalType, Description, WeightGoal, Created, LastUpdate) values (237, 62, 'Weight loss', 'mauris laoreet ut rhoncus aliquet pulvinar sed nisl', 146, CURRENT_TIMESTAMP, CURRENT_TIMESTAMP);
insert into Goal (GoalID, UserID, GoalType, Description, WeightGoal, Created, LastUpdate) values (238, 29, 'Muscle building', 'ac est lacinia nisi venenatis tristique fusce congue', 124, CURRENT_TIMESTAMP, CURRENT_TIMESTAMP);
insert into Goal (GoalID, UserID, GoalType, Description, WeightGoal, Created, LastUpdate) values (239, 78, 'Weight gain', 'massa volutpat convallis morbi', 140, CURRENT_TIMESTAMP, CURRENT_TIMESTAMP);
insert into Goal (GoalID, UserID, GoalType, Description, WeightGoal, Created, LastUpdate) values (240, 83, 'Stamina building', 'curabitur at ipsum ac tellus semper interdum mauris', 105, CURRENT_TIMESTAMP, CURRENT_TIMESTAMP);
insert into Goal (GoalID, UserID, GoalType, Description, WeightGoal, Created, LastUpdate) values (241, 97, 'Strength building', 'nulla suscipit ligula in lacus', 162, CURRENT_TIMESTAMP, CURRENT_TIMESTAMP);
insert into Goal (GoalID, UserID, GoalType, Description, WeightGoal, Created, LastUpdate) values (242, 58, 'Weight loss', 'vel est donec odio justo', 162, CURRENT_TIMESTAMP, CURRENT_TIMESTAMP);
insert into Goal (GoalID, UserID, GoalType, Description, WeightGoal, Created, LastUpdate) values (243, 71, 'Muscle building', 'enim in tempor turpis nec euismod scelerisque', 145, CURRENT_TIMESTAMP, CURRENT_TIMESTAMP);
insert into Goal (GoalID, UserID, GoalType, Description, WeightGoal, Created, LastUpdate) values (244, 48, 'Weight gain', 'eu mi nulla ac enim in tempor turpis', 111, CURRENT_TIMESTAMP, CURRENT_TIMESTAMP);
insert into Goal (GoalID, UserID, GoalType, Description, WeightGoal, Created, LastUpdate) values (245, 67, 'Stamina building', 'odio consequat varius integer ac leo', 105, CURRENT_TIMESTAMP, CURRENT_TIMESTAMP);
insert into Goal (GoalID, UserID, GoalType, Description, WeightGoal, Created, LastUpdate) values (246, 89, 'Strength building', 'quis orci nullam molestie nibh in lectus pellentesque', 111, CURRENT_TIMESTAMP, CURRENT_TIMESTAMP);
insert into Goal (GoalID, UserID, GoalType, Description, WeightGoal, Created, LastUpdate) values (247, 15, 'Weight loss', 'phasellus sit amet erat nulla tempus', 173, CURRENT_TIMESTAMP, CURRENT_TIMESTAMP);
insert into Goal (GoalID, UserID, GoalType, Description, WeightGoal, Created, LastUpdate) values (248, 7, 'Muscle building', 'amet lobortis sapien sapien non mi', 168, CURRENT_TIMESTAMP, CURRENT_TIMESTAMP);
insert into Goal (GoalID, UserID, GoalType, Description, WeightGoal, Created, LastUpdate) values (249, 97, 'Weight gain', 'nullam varius nulla facilisi cras', 149, CURRENT_TIMESTAMP, CURRENT_TIMESTAMP);
insert into Goal (GoalID, UserID, GoalType, Description, WeightGoal, Created, LastUpdate) values (250, 28, 'Stamina building', 'at velit vivamus vel', 100, CURRENT_TIMESTAMP, CURRENT_TIMESTAMP);


-- Dumping data for WaterIntake table
insert into WaterIntake (WaterID, UserID, Date, IntakeAmount, IntakeUnit, Created, LastUpdate) values (1, 51, '2024-03-13', 8.9, 'Quart', CURRENT_TIMESTAMP, CURRENT_TIMESTAMP);
insert into WaterIntake (WaterID, UserID, Date, IntakeAmount, IntakeUnit, Created, LastUpdate) values (2, 94, '2024-04-22', 3.0, 'Pint', CURRENT_TIMESTAMP, CURRENT_TIMESTAMP);
insert into WaterIntake (WaterID, UserID, Date, IntakeAmount, IntakeUnit, Created, LastUpdate) values (3, 38, '2024-10-08', 9.2, 'Cup', CURRENT_TIMESTAMP, CURRENT_TIMESTAMP);
insert into WaterIntake (WaterID, UserID, Date, IntakeAmount, IntakeUnit, Created, LastUpdate) values (4, 98, '2024-04-22', 2.1, 'Fl. Oz', CURRENT_TIMESTAMP, CURRENT_TIMESTAMP);
insert into WaterIntake (WaterID, UserID, Date, IntakeAmount, IntakeUnit, Created, LastUpdate) values (5, 100, '2024-06-17', 8.2, 'Gallon', CURRENT_TIMESTAMP, CURRENT_TIMESTAMP);
insert into WaterIntake (WaterID, UserID, Date, IntakeAmount, IntakeUnit, Created, LastUpdate) values (6, 86, '2024-03-23', 13.0, 'Quart', CURRENT_TIMESTAMP, CURRENT_TIMESTAMP);
insert into WaterIntake (WaterID, UserID, Date, IntakeAmount, IntakeUnit, Created, LastUpdate) values (7, 71, '2024-03-06', 7.7, 'Pint', CURRENT_TIMESTAMP, CURRENT_TIMESTAMP);
insert into WaterIntake (WaterID, UserID, Date, IntakeAmount, IntakeUnit, Created, LastUpdate) values (8, 41, '2024-10-22', 6.7, 'Cup', CURRENT_TIMESTAMP, CURRENT_TIMESTAMP);
insert into WaterIntake (WaterID, UserID, Date, IntakeAmount, IntakeUnit, Created, LastUpdate) values (9, 76, '2023-12-28', 11.2, 'Fl. Oz', CURRENT_TIMESTAMP, CURRENT_TIMESTAMP);
insert into WaterIntake (WaterID, UserID, Date, IntakeAmount, IntakeUnit, Created, LastUpdate) values (10, 18, '2024-09-27', 16.1, 'Gallon', CURRENT_TIMESTAMP, CURRENT_TIMESTAMP);
insert into WaterIntake (WaterID, UserID, Date, IntakeAmount, IntakeUnit, Created, LastUpdate) values (11, 85, '2024-06-23', 9.7, 'Quart', CURRENT_TIMESTAMP, CURRENT_TIMESTAMP);
insert into WaterIntake (WaterID, UserID, Date, IntakeAmount, IntakeUnit, Created, LastUpdate) values (12, 78, '2024-09-24', 5.6, 'Pint', CURRENT_TIMESTAMP, CURRENT_TIMESTAMP);
insert into WaterIntake (WaterID, UserID, Date, IntakeAmount, IntakeUnit, Created, LastUpdate) values (13, 45, '2024-12-09', 2.9, 'Cup', CURRENT_TIMESTAMP, CURRENT_TIMESTAMP);
insert into WaterIntake (WaterID, UserID, Date, IntakeAmount, IntakeUnit, Created, LastUpdate) values (14, 51, '2024-06-07', 18.4, 'Fl. Oz', CURRENT_TIMESTAMP, CURRENT_TIMESTAMP);
insert into WaterIntake (WaterID, UserID, Date, IntakeAmount, IntakeUnit, Created, LastUpdate) values (15, 35, '2024-01-07', 14.5, 'Gallon', CURRENT_TIMESTAMP, CURRENT_TIMESTAMP);
insert into WaterIntake (WaterID, UserID, Date, IntakeAmount, IntakeUnit, Created, LastUpdate) values (16, 82, '2024-05-18', 16.8, 'Quart', CURRENT_TIMESTAMP, CURRENT_TIMESTAMP);
insert into WaterIntake (WaterID, UserID, Date, IntakeAmount, IntakeUnit, Created, LastUpdate) values (17, 97, '2024-07-27', 19.3, 'Pint', CURRENT_TIMESTAMP, CURRENT_TIMESTAMP);
insert into WaterIntake (WaterID, UserID, Date, IntakeAmount, IntakeUnit, Created, LastUpdate) values (18, 99, '2024-04-15', 7.3, 'Cup', CURRENT_TIMESTAMP, CURRENT_TIMESTAMP);
insert into WaterIntake (WaterID, UserID, Date, IntakeAmount, IntakeUnit, Created, LastUpdate) values (19, 28, '2024-06-21', 11.7, 'Fl. Oz', CURRENT_TIMESTAMP, CURRENT_TIMESTAMP);
insert into WaterIntake (WaterID, UserID, Date, IntakeAmount, IntakeUnit, Created, LastUpdate) values (20, 69, '2024-11-27', 1.2, 'Gallon', CURRENT_TIMESTAMP, CURRENT_TIMESTAMP);
insert into WaterIntake (WaterID, UserID, Date, IntakeAmount, IntakeUnit, Created, LastUpdate) values (21, 45, '2024-05-27', 10.6, 'Quart', CURRENT_TIMESTAMP, CURRENT_TIMESTAMP);
insert into WaterIntake (WaterID, UserID, Date, IntakeAmount, IntakeUnit, Created, LastUpdate) values (22, 46, '2024-12-11', 9.7, 'Pint', CURRENT_TIMESTAMP, CURRENT_TIMESTAMP);
insert into WaterIntake (WaterID, UserID, Date, IntakeAmount, IntakeUnit, Created, LastUpdate) values (23, 84, '2024-05-04', 14.0, 'Cup', CURRENT_TIMESTAMP, CURRENT_TIMESTAMP);
insert into WaterIntake (WaterID, UserID, Date, IntakeAmount, IntakeUnit, Created, LastUpdate) values (24, 73, '2024-12-15', 12.8, 'Fl. Oz', CURRENT_TIMESTAMP, CURRENT_TIMESTAMP);
insert into WaterIntake (WaterID, UserID, Date, IntakeAmount, IntakeUnit, Created, LastUpdate) values (25, 60, '2024-08-26', 18.5, 'Gallon', CURRENT_TIMESTAMP, CURRENT_TIMESTAMP);
insert into WaterIntake (WaterID, UserID, Date, IntakeAmount, IntakeUnit, Created, LastUpdate) values (26, 71, '2024-03-12', 12.0, 'Quart', CURRENT_TIMESTAMP, CURRENT_TIMESTAMP);
insert into WaterIntake (WaterID, UserID, Date, IntakeAmount, IntakeUnit, Created, LastUpdate) values (27, 99, '2024-07-04', 7.9, 'Pint', CURRENT_TIMESTAMP, CURRENT_TIMESTAMP);
insert into WaterIntake (WaterID, UserID, Date, IntakeAmount, IntakeUnit, Created, LastUpdate) values (28, 78, '2024-02-27', 7.5, 'Cup', CURRENT_TIMESTAMP, CURRENT_TIMESTAMP);
insert into WaterIntake (WaterID, UserID, Date, IntakeAmount, IntakeUnit, Created, LastUpdate) values (29, 92, '2024-08-20', 19.0, 'Fl. Oz', CURRENT_TIMESTAMP, CURRENT_TIMESTAMP);
insert into WaterIntake (WaterID, UserID, Date, IntakeAmount, IntakeUnit, Created, LastUpdate) values (30, 73, '2024-01-24', 5.9, 'Gallon', CURRENT_TIMESTAMP, CURRENT_TIMESTAMP);
insert into WaterIntake (WaterID, UserID, Date, IntakeAmount, IntakeUnit, Created, LastUpdate) values (31, 64, '2024-03-29', 4.6, 'Quart', CURRENT_TIMESTAMP, CURRENT_TIMESTAMP);
insert into WaterIntake (WaterID, UserID, Date, IntakeAmount, IntakeUnit, Created, LastUpdate) values (32, 50, '2024-04-21', 18.6, 'Pint', CURRENT_TIMESTAMP, CURRENT_TIMESTAMP);
insert into WaterIntake (WaterID, UserID, Date, IntakeAmount, IntakeUnit, Created, LastUpdate) values (33, 69, '2024-12-10', 16.0, 'Cup', CURRENT_TIMESTAMP, CURRENT_TIMESTAMP);
insert into WaterIntake (WaterID, UserID, Date, IntakeAmount, IntakeUnit, Created, LastUpdate) values (34, 77, '2024-07-11', 10.4, 'Fl. Oz', CURRENT_TIMESTAMP, CURRENT_TIMESTAMP);
insert into WaterIntake (WaterID, UserID, Date, IntakeAmount, IntakeUnit, Created, LastUpdate) values (35, 58, '2024-06-06', 19.1, 'Gallon', CURRENT_TIMESTAMP, CURRENT_TIMESTAMP);
insert into WaterIntake (WaterID, UserID, Date, IntakeAmount, IntakeUnit, Created, LastUpdate) values (36, 2, '2024-09-02', 8.1, 'Quart', CURRENT_TIMESTAMP, CURRENT_TIMESTAMP);
insert into WaterIntake (WaterID, UserID, Date, IntakeAmount, IntakeUnit, Created, LastUpdate) values (37, 4, '2024-05-05', 7.7, 'Pint', CURRENT_TIMESTAMP, CURRENT_TIMESTAMP);
insert into WaterIntake (WaterID, UserID, Date, IntakeAmount, IntakeUnit, Created, LastUpdate) values (38, 94, '2024-03-13', 4.9, 'Cup', CURRENT_TIMESTAMP, CURRENT_TIMESTAMP);
insert into WaterIntake (WaterID, UserID, Date, IntakeAmount, IntakeUnit, Created, LastUpdate) values (39, 30, '2024-06-09', 15.3, 'Fl. Oz', CURRENT_TIMESTAMP, CURRENT_TIMESTAMP);
insert into WaterIntake (WaterID, UserID, Date, IntakeAmount, IntakeUnit, Created, LastUpdate) values (40, 31, '2024-03-27', 8.9, 'Gallon', CURRENT_TIMESTAMP, CURRENT_TIMESTAMP);
insert into WaterIntake (WaterID, UserID, Date, IntakeAmount, IntakeUnit, Created, LastUpdate) values (41, 85, '2024-04-11', 5.4, 'Quart', CURRENT_TIMESTAMP, CURRENT_TIMESTAMP);
insert into WaterIntake (WaterID, UserID, Date, IntakeAmount, IntakeUnit, Created, LastUpdate) values (42, 81, '2024-04-09', 17.7, 'Pint', CURRENT_TIMESTAMP, CURRENT_TIMESTAMP);
insert into WaterIntake (WaterID, UserID, Date, IntakeAmount, IntakeUnit, Created, LastUpdate) values (43, 11, '2024-12-12', 7.5, 'Cup', CURRENT_TIMESTAMP, CURRENT_TIMESTAMP);
insert into WaterIntake (WaterID, UserID, Date, IntakeAmount, IntakeUnit, Created, LastUpdate) values (44, 61, '2024-01-22', 16.5, 'Fl. Oz', CURRENT_TIMESTAMP, CURRENT_TIMESTAMP);
insert into WaterIntake (WaterID, UserID, Date, IntakeAmount, IntakeUnit, Created, LastUpdate) values (45, 12, '2024-08-12', 10.4, 'Gallon', CURRENT_TIMESTAMP, CURRENT_TIMESTAMP);
insert into WaterIntake (WaterID, UserID, Date, IntakeAmount, IntakeUnit, Created, LastUpdate) values (46, 44, '2024-05-08', 15.7, 'Quart', CURRENT_TIMESTAMP, CURRENT_TIMESTAMP);
insert into WaterIntake (WaterID, UserID, Date, IntakeAmount, IntakeUnit, Created, LastUpdate) values (47, 71, '2024-07-09', 6.1, 'Pint', CURRENT_TIMESTAMP, CURRENT_TIMESTAMP);
insert into WaterIntake (WaterID, UserID, Date, IntakeAmount, IntakeUnit, Created, LastUpdate) values (48, 15, '2024-05-24', 5.3, 'Cup', CURRENT_TIMESTAMP, CURRENT_TIMESTAMP);
insert into WaterIntake (WaterID, UserID, Date, IntakeAmount, IntakeUnit, Created, LastUpdate) values (49, 48, '2024-04-12', 9.8, 'Fl. Oz', CURRENT_TIMESTAMP, CURRENT_TIMESTAMP);
insert into WaterIntake (WaterID, UserID, Date, IntakeAmount, IntakeUnit, Created, LastUpdate) values (50, 31, '2024-02-13', 7.5, 'Gallon', CURRENT_TIMESTAMP, CURRENT_TIMESTAMP);
insert into WaterIntake (WaterID, UserID, Date, IntakeAmount, IntakeUnit, Created, LastUpdate) values (51, 23, '2024-07-01', 18.9, 'Quart', CURRENT_TIMESTAMP, CURRENT_TIMESTAMP);
insert into WaterIntake (WaterID, UserID, Date, IntakeAmount, IntakeUnit, Created, LastUpdate) values (52, 64, '2024-10-20', 9.4, 'Pint', CURRENT_TIMESTAMP, CURRENT_TIMESTAMP);
insert into WaterIntake (WaterID, UserID, Date, IntakeAmount, IntakeUnit, Created, LastUpdate) values (53, 22, '2024-09-19', 3.8, 'Cup', CURRENT_TIMESTAMP, CURRENT_TIMESTAMP);
insert into WaterIntake (WaterID, UserID, Date, IntakeAmount, IntakeUnit, Created, LastUpdate) values (54, 38, '2024-06-14', 15.4, 'Fl. Oz', CURRENT_TIMESTAMP, CURRENT_TIMESTAMP);
insert into WaterIntake (WaterID, UserID, Date, IntakeAmount, IntakeUnit, Created, LastUpdate) values (55, 37, '2024-02-27', 15.0, 'Gallon', CURRENT_TIMESTAMP, CURRENT_TIMESTAMP);
insert into WaterIntake (WaterID, UserID, Date, IntakeAmount, IntakeUnit, Created, LastUpdate) values (56, 13, '2024-10-16', 16.0, 'Quart', CURRENT_TIMESTAMP, CURRENT_TIMESTAMP);
insert into WaterIntake (WaterID, UserID, Date, IntakeAmount, IntakeUnit, Created, LastUpdate) values (57, 86, '2024-08-15', 2.3, 'Pint', CURRENT_TIMESTAMP, CURRENT_TIMESTAMP);
insert into WaterIntake (WaterID, UserID, Date, IntakeAmount, IntakeUnit, Created, LastUpdate) values (58, 5, '2024-02-29', 15.9, 'Cup', CURRENT_TIMESTAMP, CURRENT_TIMESTAMP);
insert into WaterIntake (WaterID, UserID, Date, IntakeAmount, IntakeUnit, Created, LastUpdate) values (59, 46, '2024-04-11', 15.5, 'Fl. Oz', CURRENT_TIMESTAMP, CURRENT_TIMESTAMP);
insert into WaterIntake (WaterID, UserID, Date, IntakeAmount, IntakeUnit, Created, LastUpdate) values (60, 30, '2024-05-24', 14.2, 'Gallon', CURRENT_TIMESTAMP, CURRENT_TIMESTAMP);
insert into WaterIntake (WaterID, UserID, Date, IntakeAmount, IntakeUnit, Created, LastUpdate) values (61, 23, '2023-12-28', 6.7, 'Quart', CURRENT_TIMESTAMP, CURRENT_TIMESTAMP);
insert into WaterIntake (WaterID, UserID, Date, IntakeAmount, IntakeUnit, Created, LastUpdate) values (62, 37, '2024-04-07', 19.3, 'Pint', CURRENT_TIMESTAMP, CURRENT_TIMESTAMP);
insert into WaterIntake (WaterID, UserID, Date, IntakeAmount, IntakeUnit, Created, LastUpdate) values (63, 89, '2024-06-21', 3.7, 'Cup', CURRENT_TIMESTAMP, CURRENT_TIMESTAMP);
insert into WaterIntake (WaterID, UserID, Date, IntakeAmount, IntakeUnit, Created, LastUpdate) values (64, 36, '2024-06-05', 11.9, 'Fl. Oz', CURRENT_TIMESTAMP, CURRENT_TIMESTAMP);
insert into WaterIntake (WaterID, UserID, Date, IntakeAmount, IntakeUnit, Created, LastUpdate) values (65, 61, '2024-03-25', 14.9, 'Gallon', CURRENT_TIMESTAMP, CURRENT_TIMESTAMP);
insert into WaterIntake (WaterID, UserID, Date, IntakeAmount, IntakeUnit, Created, LastUpdate) values (66, 57, '2024-05-11', 10.8, 'Quart', CURRENT_TIMESTAMP, CURRENT_TIMESTAMP);
insert into WaterIntake (WaterID, UserID, Date, IntakeAmount, IntakeUnit, Created, LastUpdate) values (67, 36, '2024-07-17', 9.3, 'Pint', CURRENT_TIMESTAMP, CURRENT_TIMESTAMP);
insert into WaterIntake (WaterID, UserID, Date, IntakeAmount, IntakeUnit, Created, LastUpdate) values (68, 20, '2024-12-13', 6.8, 'Cup', CURRENT_TIMESTAMP, CURRENT_TIMESTAMP);
insert into WaterIntake (WaterID, UserID, Date, IntakeAmount, IntakeUnit, Created, LastUpdate) values (69, 97, '2024-06-28', 14.9, 'Fl. Oz', CURRENT_TIMESTAMP, CURRENT_TIMESTAMP);
insert into WaterIntake (WaterID, UserID, Date, IntakeAmount, IntakeUnit, Created, LastUpdate) values (70, 20, '2024-08-28', 1.8, 'Gallon', CURRENT_TIMESTAMP, CURRENT_TIMESTAMP);
insert into WaterIntake (WaterID, UserID, Date, IntakeAmount, IntakeUnit, Created, LastUpdate) values (71, 33, '2024-03-19', 7.5, 'Quart', CURRENT_TIMESTAMP, CURRENT_TIMESTAMP);
insert into WaterIntake (WaterID, UserID, Date, IntakeAmount, IntakeUnit, Created, LastUpdate) values (72, 22, '2024-03-09', 13.4, 'Pint', CURRENT_TIMESTAMP, CURRENT_TIMESTAMP);
insert into WaterIntake (WaterID, UserID, Date, IntakeAmount, IntakeUnit, Created, LastUpdate) values (73, 35, '2024-06-24', 1.4, 'Cup', CURRENT_TIMESTAMP, CURRENT_TIMESTAMP);
insert into WaterIntake (WaterID, UserID, Date, IntakeAmount, IntakeUnit, Created, LastUpdate) values (74, 17, '2024-12-11', 8.1, 'Fl. Oz', CURRENT_TIMESTAMP, CURRENT_TIMESTAMP);
insert into WaterIntake (WaterID, UserID, Date, IntakeAmount, IntakeUnit, Created, LastUpdate) values (75, 21, '2024-07-05', 1.7, 'Gallon', CURRENT_TIMESTAMP, CURRENT_TIMESTAMP);
insert into WaterIntake (WaterID, UserID, Date, IntakeAmount, IntakeUnit, Created, LastUpdate) values (76, 14, '2024-12-21', 19.3, 'Quart', CURRENT_TIMESTAMP, CURRENT_TIMESTAMP);
insert into WaterIntake (WaterID, UserID, Date, IntakeAmount, IntakeUnit, Created, LastUpdate) values (77, 77, '2024-06-03', 4.3, 'Pint', CURRENT_TIMESTAMP, CURRENT_TIMESTAMP);
insert into WaterIntake (WaterID, UserID, Date, IntakeAmount, IntakeUnit, Created, LastUpdate) values (78, 65, '2024-03-18', 14.0, 'Cup', CURRENT_TIMESTAMP, CURRENT_TIMESTAMP);
insert into WaterIntake (WaterID, UserID, Date, IntakeAmount, IntakeUnit, Created, LastUpdate) values (79, 66, '2024-09-27', 4.6, 'Fl. Oz', CURRENT_TIMESTAMP, CURRENT_TIMESTAMP);
insert into WaterIntake (WaterID, UserID, Date, IntakeAmount, IntakeUnit, Created, LastUpdate) values (80, 40, '2024-11-23', 13.1, 'Gallon', CURRENT_TIMESTAMP, CURRENT_TIMESTAMP);
insert into WaterIntake (WaterID, UserID, Date, IntakeAmount, IntakeUnit, Created, LastUpdate) values (81, 35, '2024-10-28', 1.6, 'Quart', CURRENT_TIMESTAMP, CURRENT_TIMESTAMP);
insert into WaterIntake (WaterID, UserID, Date, IntakeAmount, IntakeUnit, Created, LastUpdate) values (82, 80, '2024-11-12', 15.6, 'Pint', CURRENT_TIMESTAMP, CURRENT_TIMESTAMP);
insert into WaterIntake (WaterID, UserID, Date, IntakeAmount, IntakeUnit, Created, LastUpdate) values (83, 72, '2023-12-27', 4.6, 'Cup', CURRENT_TIMESTAMP, CURRENT_TIMESTAMP);
insert into WaterIntake (WaterID, UserID, Date, IntakeAmount, IntakeUnit, Created, LastUpdate) values (84, 89, '2024-12-14', 10.1, 'Fl. Oz', CURRENT_TIMESTAMP, CURRENT_TIMESTAMP);
insert into WaterIntake (WaterID, UserID, Date, IntakeAmount, IntakeUnit, Created, LastUpdate) values (85, 100, '2024-02-07', 3.4, 'Gallon', CURRENT_TIMESTAMP, CURRENT_TIMESTAMP);
insert into WaterIntake (WaterID, UserID, Date, IntakeAmount, IntakeUnit, Created, LastUpdate) values (86, 49, '2024-11-14', 4.7, 'Quart', CURRENT_TIMESTAMP, CURRENT_TIMESTAMP);
insert into WaterIntake (WaterID, UserID, Date, IntakeAmount, IntakeUnit, Created, LastUpdate) values (87, 56, '2024-11-04', 12.0, 'Pint', CURRENT_TIMESTAMP, CURRENT_TIMESTAMP);
insert into WaterIntake (WaterID, UserID, Date, IntakeAmount, IntakeUnit, Created, LastUpdate) values (88, 46, '2024-06-29', 19.8, 'Cup', CURRENT_TIMESTAMP, CURRENT_TIMESTAMP);
insert into WaterIntake (WaterID, UserID, Date, IntakeAmount, IntakeUnit, Created, LastUpdate) values (89, 20, '2024-01-27', 18.0, 'Fl. Oz', CURRENT_TIMESTAMP, CURRENT_TIMESTAMP);
insert into WaterIntake (WaterID, UserID, Date, IntakeAmount, IntakeUnit, Created, LastUpdate) values (90, 59, '2024-01-14', 5.1, 'Gallon', CURRENT_TIMESTAMP, CURRENT_TIMESTAMP);
insert into WaterIntake (WaterID, UserID, Date, IntakeAmount, IntakeUnit, Created, LastUpdate) values (91, 91, '2024-12-14', 12.0, 'Quart', CURRENT_TIMESTAMP, CURRENT_TIMESTAMP);
insert into WaterIntake (WaterID, UserID, Date, IntakeAmount, IntakeUnit, Created, LastUpdate) values (92, 100, '2024-08-09', 10.8, 'Pint', CURRENT_TIMESTAMP, CURRENT_TIMESTAMP);
insert into WaterIntake (WaterID, UserID, Date, IntakeAmount, IntakeUnit, Created, LastUpdate) values (93, 5, '2024-04-19', 7.0, 'Cup', CURRENT_TIMESTAMP, CURRENT_TIMESTAMP);
insert into WaterIntake (WaterID, UserID, Date, IntakeAmount, IntakeUnit, Created, LastUpdate) values (94, 86, '2024-01-19', 13.1, 'Fl. Oz', CURRENT_TIMESTAMP, CURRENT_TIMESTAMP);
insert into WaterIntake (WaterID, UserID, Date, IntakeAmount, IntakeUnit, Created, LastUpdate) values (95, 66, '2024-03-01', 1.6, 'Gallon', CURRENT_TIMESTAMP, CURRENT_TIMESTAMP);
insert into WaterIntake (WaterID, UserID, Date, IntakeAmount, IntakeUnit, Created, LastUpdate) values (96, 1, '2024-01-14', 15.5, 'Quart', CURRENT_TIMESTAMP, CURRENT_TIMESTAMP);
insert into WaterIntake (WaterID, UserID, Date, IntakeAmount, IntakeUnit, Created, LastUpdate) values (97, 9, '2024-08-25', 6.2, 'Pint', CURRENT_TIMESTAMP, CURRENT_TIMESTAMP);
insert into WaterIntake (WaterID, UserID, Date, IntakeAmount, IntakeUnit, Created, LastUpdate) values (98, 14, '2024-02-10', 13.7, 'Cup', CURRENT_TIMESTAMP, CURRENT_TIMESTAMP);
insert into WaterIntake (WaterID, UserID, Date, IntakeAmount, IntakeUnit, Created, LastUpdate) values (99, 16, '2024-04-10', 9.0, 'Fl. Oz', CURRENT_TIMESTAMP, CURRENT_TIMESTAMP);
insert into WaterIntake (WaterID, UserID, Date, IntakeAmount, IntakeUnit, Created, LastUpdate) values (100, 26, '2024-08-17', 1.8, 'Gallon', CURRENT_TIMESTAMP, CURRENT_TIMESTAMP);
insert into WaterIntake (WaterID, UserID, Date, IntakeAmount, IntakeUnit, Created, LastUpdate) values (101, 50, '2024-08-27', 14.0, 'Quart', CURRENT_TIMESTAMP, CURRENT_TIMESTAMP);
insert into WaterIntake (WaterID, UserID, Date, IntakeAmount, IntakeUnit, Created, LastUpdate) values (102, 36, '2024-09-06', 9.2, 'Pint', CURRENT_TIMESTAMP, CURRENT_TIMESTAMP);
insert into WaterIntake (WaterID, UserID, Date, IntakeAmount, IntakeUnit, Created, LastUpdate) values (103, 51, '2024-06-04', 15.6, 'Cup', CURRENT_TIMESTAMP, CURRENT_TIMESTAMP);
insert into WaterIntake (WaterID, UserID, Date, IntakeAmount, IntakeUnit, Created, LastUpdate) values (104, 96, '2024-01-09', 9.2, 'Fl. Oz', CURRENT_TIMESTAMP, CURRENT_TIMESTAMP);
insert into WaterIntake (WaterID, UserID, Date, IntakeAmount, IntakeUnit, Created, LastUpdate) values (105, 70, '2024-01-12', 7.0, 'Gallon', CURRENT_TIMESTAMP, CURRENT_TIMESTAMP);
insert into WaterIntake (WaterID, UserID, Date, IntakeAmount, IntakeUnit, Created, LastUpdate) values (106, 28, '2024-10-24', 10.3, 'Quart', CURRENT_TIMESTAMP, CURRENT_TIMESTAMP);
insert into WaterIntake (WaterID, UserID, Date, IntakeAmount, IntakeUnit, Created, LastUpdate) values (107, 91, '2024-11-01', 5.2, 'Pint', CURRENT_TIMESTAMP, CURRENT_TIMESTAMP);
insert into WaterIntake (WaterID, UserID, Date, IntakeAmount, IntakeUnit, Created, LastUpdate) values (108, 55, '2024-09-13', 9.4, 'Cup', CURRENT_TIMESTAMP, CURRENT_TIMESTAMP);
insert into WaterIntake (WaterID, UserID, Date, IntakeAmount, IntakeUnit, Created, LastUpdate) values (109, 2, '2024-11-08', 10.7, 'Fl. Oz', CURRENT_TIMESTAMP, CURRENT_TIMESTAMP);
insert into WaterIntake (WaterID, UserID, Date, IntakeAmount, IntakeUnit, Created, LastUpdate) values (110, 55, '2024-08-21', 3.8, 'Gallon', CURRENT_TIMESTAMP, CURRENT_TIMESTAMP);
insert into WaterIntake (WaterID, UserID, Date, IntakeAmount, IntakeUnit, Created, LastUpdate) values (111, 44, '2024-05-06', 2.4, 'Quart', CURRENT_TIMESTAMP, CURRENT_TIMESTAMP);
insert into WaterIntake (WaterID, UserID, Date, IntakeAmount, IntakeUnit, Created, LastUpdate) values (112, 29, '2024-03-28', 17.3, 'Pint', CURRENT_TIMESTAMP, CURRENT_TIMESTAMP);
insert into WaterIntake (WaterID, UserID, Date, IntakeAmount, IntakeUnit, Created, LastUpdate) values (113, 99, '2024-05-09', 18.7, 'Cup', CURRENT_TIMESTAMP, CURRENT_TIMESTAMP);
insert into WaterIntake (WaterID, UserID, Date, IntakeAmount, IntakeUnit, Created, LastUpdate) values (114, 42, '2024-12-20', 18.9, 'Fl. Oz', CURRENT_TIMESTAMP, CURRENT_TIMESTAMP);
insert into WaterIntake (WaterID, UserID, Date, IntakeAmount, IntakeUnit, Created, LastUpdate) values (115, 71, '2024-04-01', 15.3, 'Gallon', CURRENT_TIMESTAMP, CURRENT_TIMESTAMP);
insert into WaterIntake (WaterID, UserID, Date, IntakeAmount, IntakeUnit, Created, LastUpdate) values (116, 13, '2024-08-27', 18.7, 'Quart', CURRENT_TIMESTAMP, CURRENT_TIMESTAMP);
insert into WaterIntake (WaterID, UserID, Date, IntakeAmount, IntakeUnit, Created, LastUpdate) values (117, 62, '2024-11-17', 18.8, 'Pint', CURRENT_TIMESTAMP, CURRENT_TIMESTAMP);
insert into WaterIntake (WaterID, UserID, Date, IntakeAmount, IntakeUnit, Created, LastUpdate) values (118, 49, '2024-01-11', 4.3, 'Cup', CURRENT_TIMESTAMP, CURRENT_TIMESTAMP);
insert into WaterIntake (WaterID, UserID, Date, IntakeAmount, IntakeUnit, Created, LastUpdate) values (119, 6, '2024-01-23', 19.3, 'Fl. Oz', CURRENT_TIMESTAMP, CURRENT_TIMESTAMP);
insert into WaterIntake (WaterID, UserID, Date, IntakeAmount, IntakeUnit, Created, LastUpdate) values (120, 18, '2024-02-25', 9.6, 'Gallon', CURRENT_TIMESTAMP, CURRENT_TIMESTAMP);
insert into WaterIntake (WaterID, UserID, Date, IntakeAmount, IntakeUnit, Created, LastUpdate) values (121, 47, '2024-09-12', 1.6, 'Quart', CURRENT_TIMESTAMP, CURRENT_TIMESTAMP);
insert into WaterIntake (WaterID, UserID, Date, IntakeAmount, IntakeUnit, Created, LastUpdate) values (122, 24, '2024-02-17', 11.8, 'Pint', CURRENT_TIMESTAMP, CURRENT_TIMESTAMP);
insert into WaterIntake (WaterID, UserID, Date, IntakeAmount, IntakeUnit, Created, LastUpdate) values (123, 8, '2024-06-27', 2.4, 'Cup', CURRENT_TIMESTAMP, CURRENT_TIMESTAMP);
insert into WaterIntake (WaterID, UserID, Date, IntakeAmount, IntakeUnit, Created, LastUpdate) values (124, 60, '2023-12-25', 4.6, 'Fl. Oz', CURRENT_TIMESTAMP, CURRENT_TIMESTAMP);
insert into WaterIntake (WaterID, UserID, Date, IntakeAmount, IntakeUnit, Created, LastUpdate) values (125, 40, '2024-06-06', 1.9, 'Gallon', CURRENT_TIMESTAMP, CURRENT_TIMESTAMP);
insert into WaterIntake (WaterID, UserID, Date, IntakeAmount, IntakeUnit, Created, LastUpdate) values (126, 6, '2024-12-19', 14.8, 'Quart', CURRENT_TIMESTAMP, CURRENT_TIMESTAMP);
insert into WaterIntake (WaterID, UserID, Date, IntakeAmount, IntakeUnit, Created, LastUpdate) values (127, 26, '2024-09-24', 17.9, 'Pint', CURRENT_TIMESTAMP, CURRENT_TIMESTAMP);
insert into WaterIntake (WaterID, UserID, Date, IntakeAmount, IntakeUnit, Created, LastUpdate) values (128, 59, '2024-09-03', 2.4, 'Cup', CURRENT_TIMESTAMP, CURRENT_TIMESTAMP);
insert into WaterIntake (WaterID, UserID, Date, IntakeAmount, IntakeUnit, Created, LastUpdate) values (129, 34, '2024-11-26', 6.4, 'Fl. Oz', CURRENT_TIMESTAMP, CURRENT_TIMESTAMP);
insert into WaterIntake (WaterID, UserID, Date, IntakeAmount, IntakeUnit, Created, LastUpdate) values (130, 61, '2024-03-07', 6.5, 'Gallon', CURRENT_TIMESTAMP, CURRENT_TIMESTAMP);
insert into WaterIntake (WaterID, UserID, Date, IntakeAmount, IntakeUnit, Created, LastUpdate) values (131, 33, '2024-03-17', 7.8, 'Quart', CURRENT_TIMESTAMP, CURRENT_TIMESTAMP);
insert into WaterIntake (WaterID, UserID, Date, IntakeAmount, IntakeUnit, Created, LastUpdate) values (132, 62, '2024-02-16', 7.2, 'Pint', CURRENT_TIMESTAMP, CURRENT_TIMESTAMP);
insert into WaterIntake (WaterID, UserID, Date, IntakeAmount, IntakeUnit, Created, LastUpdate) values (133, 96, '2024-12-11', 6.1, 'Cup', CURRENT_TIMESTAMP, CURRENT_TIMESTAMP);
insert into WaterIntake (WaterID, UserID, Date, IntakeAmount, IntakeUnit, Created, LastUpdate) values (134, 6, '2024-06-17', 11.8, 'Fl. Oz', CURRENT_TIMESTAMP, CURRENT_TIMESTAMP);
insert into WaterIntake (WaterID, UserID, Date, IntakeAmount, IntakeUnit, Created, LastUpdate) values (135, 20, '2024-04-23', 14.2, 'Gallon', CURRENT_TIMESTAMP, CURRENT_TIMESTAMP);
insert into WaterIntake (WaterID, UserID, Date, IntakeAmount, IntakeUnit, Created, LastUpdate) values (136, 17, '2023-12-26', 9.8, 'Quart', CURRENT_TIMESTAMP, CURRENT_TIMESTAMP);
insert into WaterIntake (WaterID, UserID, Date, IntakeAmount, IntakeUnit, Created, LastUpdate) values (137, 95, '2024-01-10', 16.1, 'Pint', CURRENT_TIMESTAMP, CURRENT_TIMESTAMP);
insert into WaterIntake (WaterID, UserID, Date, IntakeAmount, IntakeUnit, Created, LastUpdate) values (138, 23, '2024-02-15', 6.9, 'Cup', CURRENT_TIMESTAMP, CURRENT_TIMESTAMP);
insert into WaterIntake (WaterID, UserID, Date, IntakeAmount, IntakeUnit, Created, LastUpdate) values (139, 52, '2024-01-21', 13.1, 'Fl. Oz', CURRENT_TIMESTAMP, CURRENT_TIMESTAMP);
insert into WaterIntake (WaterID, UserID, Date, IntakeAmount, IntakeUnit, Created, LastUpdate) values (140, 85, '2024-12-02', 17.2, 'Gallon', CURRENT_TIMESTAMP, CURRENT_TIMESTAMP);
insert into WaterIntake (WaterID, UserID, Date, IntakeAmount, IntakeUnit, Created, LastUpdate) values (141, 62, '2024-09-26', 2.1, 'Quart', CURRENT_TIMESTAMP, CURRENT_TIMESTAMP);
insert into WaterIntake (WaterID, UserID, Date, IntakeAmount, IntakeUnit, Created, LastUpdate) values (142, 36, '2024-03-11', 19.3, 'Pint', CURRENT_TIMESTAMP, CURRENT_TIMESTAMP);
insert into WaterIntake (WaterID, UserID, Date, IntakeAmount, IntakeUnit, Created, LastUpdate) values (143, 53, '2024-07-14', 6.4, 'Cup', CURRENT_TIMESTAMP, CURRENT_TIMESTAMP);
insert into WaterIntake (WaterID, UserID, Date, IntakeAmount, IntakeUnit, Created, LastUpdate) values (144, 26, '2024-06-22', 16.0, 'Fl. Oz', CURRENT_TIMESTAMP, CURRENT_TIMESTAMP);
insert into WaterIntake (WaterID, UserID, Date, IntakeAmount, IntakeUnit, Created, LastUpdate) values (145, 40, '2024-12-08', 1.8, 'Gallon', CURRENT_TIMESTAMP, CURRENT_TIMESTAMP);
insert into WaterIntake (WaterID, UserID, Date, IntakeAmount, IntakeUnit, Created, LastUpdate) values (146, 56, '2024-09-05', 15.3, 'Quart', CURRENT_TIMESTAMP, CURRENT_TIMESTAMP);
insert into WaterIntake (WaterID, UserID, Date, IntakeAmount, IntakeUnit, Created, LastUpdate) values (147, 14, '2024-01-03', 17.5, 'Pint', CURRENT_TIMESTAMP, CURRENT_TIMESTAMP);
insert into WaterIntake (WaterID, UserID, Date, IntakeAmount, IntakeUnit, Created, LastUpdate) values (148, 30, '2024-12-06', 18.2, 'Cup', CURRENT_TIMESTAMP, CURRENT_TIMESTAMP);
insert into WaterIntake (WaterID, UserID, Date, IntakeAmount, IntakeUnit, Created, LastUpdate) values (149, 22, '2024-09-21', 15.3, 'Fl. Oz', CURRENT_TIMESTAMP, CURRENT_TIMESTAMP);
insert into WaterIntake (WaterID, UserID, Date, IntakeAmount, IntakeUnit, Created, LastUpdate) values (150, 94, '2023-12-28', 16.4, 'Gallon', CURRENT_TIMESTAMP, CURRENT_TIMESTAMP);
insert into WaterIntake (WaterID, UserID, Date, IntakeAmount, IntakeUnit, Created, LastUpdate) values (151, 18, '2024-08-16', 11.7, 'Quart', CURRENT_TIMESTAMP, CURRENT_TIMESTAMP);
insert into WaterIntake (WaterID, UserID, Date, IntakeAmount, IntakeUnit, Created, LastUpdate) values (152, 90, '2024-02-07', 10.4, 'Pint', CURRENT_TIMESTAMP, CURRENT_TIMESTAMP);
insert into WaterIntake (WaterID, UserID, Date, IntakeAmount, IntakeUnit, Created, LastUpdate) values (153, 41, '2024-10-23', 19.6, 'Cup', CURRENT_TIMESTAMP, CURRENT_TIMESTAMP);
insert into WaterIntake (WaterID, UserID, Date, IntakeAmount, IntakeUnit, Created, LastUpdate) values (154, 64, '2024-03-15', 12.3, 'Fl. Oz', CURRENT_TIMESTAMP, CURRENT_TIMESTAMP);
insert into WaterIntake (WaterID, UserID, Date, IntakeAmount, IntakeUnit, Created, LastUpdate) values (155, 55, '2024-09-22', 17.1, 'Gallon', CURRENT_TIMESTAMP, CURRENT_TIMESTAMP);
insert into WaterIntake (WaterID, UserID, Date, IntakeAmount, IntakeUnit, Created, LastUpdate) values (156, 26, '2024-05-25', 14.7, 'Quart', CURRENT_TIMESTAMP, CURRENT_TIMESTAMP);
insert into WaterIntake (WaterID, UserID, Date, IntakeAmount, IntakeUnit, Created, LastUpdate) values (157, 83, '2024-06-18', 5.0, 'Pint', CURRENT_TIMESTAMP, CURRENT_TIMESTAMP);
insert into WaterIntake (WaterID, UserID, Date, IntakeAmount, IntakeUnit, Created, LastUpdate) values (158, 47, '2024-07-29', 13.0, 'Cup', CURRENT_TIMESTAMP, CURRENT_TIMESTAMP);
insert into WaterIntake (WaterID, UserID, Date, IntakeAmount, IntakeUnit, Created, LastUpdate) values (159, 92, '2024-04-14', 19.1, 'Fl. Oz', CURRENT_TIMESTAMP, CURRENT_TIMESTAMP);
insert into WaterIntake (WaterID, UserID, Date, IntakeAmount, IntakeUnit, Created, LastUpdate) values (160, 39, '2024-03-11', 4.5, 'Gallon', CURRENT_TIMESTAMP, CURRENT_TIMESTAMP);
insert into WaterIntake (WaterID, UserID, Date, IntakeAmount, IntakeUnit, Created, LastUpdate) values (161, 78, '2024-10-30', 19.6, 'Quart', CURRENT_TIMESTAMP, CURRENT_TIMESTAMP);
insert into WaterIntake (WaterID, UserID, Date, IntakeAmount, IntakeUnit, Created, LastUpdate) values (162, 17, '2024-01-31', 14.1, 'Pint', CURRENT_TIMESTAMP, CURRENT_TIMESTAMP);
insert into WaterIntake (WaterID, UserID, Date, IntakeAmount, IntakeUnit, Created, LastUpdate) values (163, 7, '2024-04-20', 11.9, 'Cup', CURRENT_TIMESTAMP, CURRENT_TIMESTAMP);
insert into WaterIntake (WaterID, UserID, Date, IntakeAmount, IntakeUnit, Created, LastUpdate) values (164, 24, '2024-08-04', 19.5, 'Fl. Oz', CURRENT_TIMESTAMP, CURRENT_TIMESTAMP);
insert into WaterIntake (WaterID, UserID, Date, IntakeAmount, IntakeUnit, Created, LastUpdate) values (165, 85, '2024-11-09', 16.0, 'Gallon', CURRENT_TIMESTAMP, CURRENT_TIMESTAMP);
insert into WaterIntake (WaterID, UserID, Date, IntakeAmount, IntakeUnit, Created, LastUpdate) values (166, 98, '2024-12-05', 13.8, 'Quart', CURRENT_TIMESTAMP, CURRENT_TIMESTAMP);
insert into WaterIntake (WaterID, UserID, Date, IntakeAmount, IntakeUnit, Created, LastUpdate) values (167, 31, '2024-07-11', 3.3, 'Pint', CURRENT_TIMESTAMP, CURRENT_TIMESTAMP);
insert into WaterIntake (WaterID, UserID, Date, IntakeAmount, IntakeUnit, Created, LastUpdate) values (168, 34, '2024-11-20', 2.2, 'Cup', CURRENT_TIMESTAMP, CURRENT_TIMESTAMP);
insert into WaterIntake (WaterID, UserID, Date, IntakeAmount, IntakeUnit, Created, LastUpdate) values (169, 19, '2024-11-06', 4.4, 'Fl. Oz', CURRENT_TIMESTAMP, CURRENT_TIMESTAMP);
insert into WaterIntake (WaterID, UserID, Date, IntakeAmount, IntakeUnit, Created, LastUpdate) values (170, 99, '2024-09-10', 11.0, 'Gallon', CURRENT_TIMESTAMP, CURRENT_TIMESTAMP);
insert into WaterIntake (WaterID, UserID, Date, IntakeAmount, IntakeUnit, Created, LastUpdate) values (171, 93, '2024-08-31', 19.9, 'Quart', CURRENT_TIMESTAMP, CURRENT_TIMESTAMP);
insert into WaterIntake (WaterID, UserID, Date, IntakeAmount, IntakeUnit, Created, LastUpdate) values (172, 41, '2024-08-12', 14.3, 'Pint', CURRENT_TIMESTAMP, CURRENT_TIMESTAMP);
insert into WaterIntake (WaterID, UserID, Date, IntakeAmount, IntakeUnit, Created, LastUpdate) values (173, 55, '2024-12-20', 3.8, 'Cup', CURRENT_TIMESTAMP, CURRENT_TIMESTAMP);
insert into WaterIntake (WaterID, UserID, Date, IntakeAmount, IntakeUnit, Created, LastUpdate) values (174, 84, '2024-03-12', 17.9, 'Fl. Oz', CURRENT_TIMESTAMP, CURRENT_TIMESTAMP);
insert into WaterIntake (WaterID, UserID, Date, IntakeAmount, IntakeUnit, Created, LastUpdate) values (175, 35, '2024-01-29', 5.6, 'Gallon', CURRENT_TIMESTAMP, CURRENT_TIMESTAMP);
insert into WaterIntake (WaterID, UserID, Date, IntakeAmount, IntakeUnit, Created, LastUpdate) values (176, 94, '2024-06-05', 9.7, 'Quart', CURRENT_TIMESTAMP, CURRENT_TIMESTAMP);
insert into WaterIntake (WaterID, UserID, Date, IntakeAmount, IntakeUnit, Created, LastUpdate) values (177, 96, '2024-02-01', 10.5, 'Pint', CURRENT_TIMESTAMP, CURRENT_TIMESTAMP);
insert into WaterIntake (WaterID, UserID, Date, IntakeAmount, IntakeUnit, Created, LastUpdate) values (178, 55, '2024-08-04', 2.2, 'Cup', CURRENT_TIMESTAMP, CURRENT_TIMESTAMP);
insert into WaterIntake (WaterID, UserID, Date, IntakeAmount, IntakeUnit, Created, LastUpdate) values (179, 67, '2024-05-31', 9.2, 'Fl. Oz', CURRENT_TIMESTAMP, CURRENT_TIMESTAMP);
insert into WaterIntake (WaterID, UserID, Date, IntakeAmount, IntakeUnit, Created, LastUpdate) values (180, 36, '2024-05-11', 1.9, 'Gallon', CURRENT_TIMESTAMP, CURRENT_TIMESTAMP);
insert into WaterIntake (WaterID, UserID, Date, IntakeAmount, IntakeUnit, Created, LastUpdate) values (181, 19, '2024-02-03', 11.9, 'Quart', CURRENT_TIMESTAMP, CURRENT_TIMESTAMP);
insert into WaterIntake (WaterID, UserID, Date, IntakeAmount, IntakeUnit, Created, LastUpdate) values (182, 63, '2024-06-09', 17.1, 'Pint', CURRENT_TIMESTAMP, CURRENT_TIMESTAMP);
insert into WaterIntake (WaterID, UserID, Date, IntakeAmount, IntakeUnit, Created, LastUpdate) values (183, 55, '2024-02-01', 11.3, 'Cup', CURRENT_TIMESTAMP, CURRENT_TIMESTAMP);
insert into WaterIntake (WaterID, UserID, Date, IntakeAmount, IntakeUnit, Created, LastUpdate) values (184, 50, '2024-06-09', 17.7, 'Fl. Oz', CURRENT_TIMESTAMP, CURRENT_TIMESTAMP);
insert into WaterIntake (WaterID, UserID, Date, IntakeAmount, IntakeUnit, Created, LastUpdate) values (185, 90, '2024-02-14', 18.6, 'Gallon', CURRENT_TIMESTAMP, CURRENT_TIMESTAMP);
insert into WaterIntake (WaterID, UserID, Date, IntakeAmount, IntakeUnit, Created, LastUpdate) values (186, 43, '2024-08-11', 19.5, 'Quart', CURRENT_TIMESTAMP, CURRENT_TIMESTAMP);
insert into WaterIntake (WaterID, UserID, Date, IntakeAmount, IntakeUnit, Created, LastUpdate) values (187, 38, '2024-04-04', 15.7, 'Pint', CURRENT_TIMESTAMP, CURRENT_TIMESTAMP);
insert into WaterIntake (WaterID, UserID, Date, IntakeAmount, IntakeUnit, Created, LastUpdate) values (188, 79, '2024-06-14', 16.2, 'Cup', CURRENT_TIMESTAMP, CURRENT_TIMESTAMP);
insert into WaterIntake (WaterID, UserID, Date, IntakeAmount, IntakeUnit, Created, LastUpdate) values (189, 74, '2024-06-23', 15.2, 'Fl. Oz', CURRENT_TIMESTAMP, CURRENT_TIMESTAMP);
insert into WaterIntake (WaterID, UserID, Date, IntakeAmount, IntakeUnit, Created, LastUpdate) values (190, 60, '2024-07-28', 11.3, 'Gallon', CURRENT_TIMESTAMP, CURRENT_TIMESTAMP);
insert into WaterIntake (WaterID, UserID, Date, IntakeAmount, IntakeUnit, Created, LastUpdate) values (191, 36, '2024-11-16', 2.7, 'Quart', CURRENT_TIMESTAMP, CURRENT_TIMESTAMP);
insert into WaterIntake (WaterID, UserID, Date, IntakeAmount, IntakeUnit, Created, LastUpdate) values (192, 62, '2024-11-25', 6.1, 'Pint', CURRENT_TIMESTAMP, CURRENT_TIMESTAMP);
insert into WaterIntake (WaterID, UserID, Date, IntakeAmount, IntakeUnit, Created, LastUpdate) values (193, 72, '2024-05-05', 18.4, 'Cup', CURRENT_TIMESTAMP, CURRENT_TIMESTAMP);
insert into WaterIntake (WaterID, UserID, Date, IntakeAmount, IntakeUnit, Created, LastUpdate) values (194, 73, '2023-12-27', 4.8, 'Fl. Oz', CURRENT_TIMESTAMP, CURRENT_TIMESTAMP);
insert into WaterIntake (WaterID, UserID, Date, IntakeAmount, IntakeUnit, Created, LastUpdate) values (195, 66, '2024-04-22', 8.3, 'Gallon', CURRENT_TIMESTAMP, CURRENT_TIMESTAMP);
insert into WaterIntake (WaterID, UserID, Date, IntakeAmount, IntakeUnit, Created, LastUpdate) values (196, 28, '2024-04-03', 16.8, 'Quart', CURRENT_TIMESTAMP, CURRENT_TIMESTAMP);
insert into WaterIntake (WaterID, UserID, Date, IntakeAmount, IntakeUnit, Created, LastUpdate) values (197, 44, '2024-07-29', 17.4, 'Pint', CURRENT_TIMESTAMP, CURRENT_TIMESTAMP);
insert into WaterIntake (WaterID, UserID, Date, IntakeAmount, IntakeUnit, Created, LastUpdate) values (198, 28, '2024-06-20', 11.1, 'Cup', CURRENT_TIMESTAMP, CURRENT_TIMESTAMP);
insert into WaterIntake (WaterID, UserID, Date, IntakeAmount, IntakeUnit, Created, LastUpdate) values (199, 40, '2024-07-15', 19.5, 'Fl. Oz', CURRENT_TIMESTAMP, CURRENT_TIMESTAMP);
insert into WaterIntake (WaterID, UserID, Date, IntakeAmount, IntakeUnit, Created, LastUpdate) values (200, 49, '2024-03-19', 9.4, 'Gallon', CURRENT_TIMESTAMP, CURRENT_TIMESTAMP);
insert into WaterIntake (WaterID, UserID, Date, IntakeAmount, IntakeUnit, Created, LastUpdate) values (201, 25, '2024-08-29', 17.1, 'Quart', CURRENT_TIMESTAMP, CURRENT_TIMESTAMP);
insert into WaterIntake (WaterID, UserID, Date, IntakeAmount, IntakeUnit, Created, LastUpdate) values (202, 98, '2024-01-03', 17.4, 'Pint', CURRENT_TIMESTAMP, CURRENT_TIMESTAMP);
insert into WaterIntake (WaterID, UserID, Date, IntakeAmount, IntakeUnit, Created, LastUpdate) values (203, 83, '2024-03-21', 17.3, 'Cup', CURRENT_TIMESTAMP, CURRENT_TIMESTAMP);
insert into WaterIntake (WaterID, UserID, Date, IntakeAmount, IntakeUnit, Created, LastUpdate) values (204, 18, '2023-12-31', 1.7, 'Fl. Oz', CURRENT_TIMESTAMP, CURRENT_TIMESTAMP);
insert into WaterIntake (WaterID, UserID, Date, IntakeAmount, IntakeUnit, Created, LastUpdate) values (205, 38, '2024-05-18', 3.8, 'Gallon', CURRENT_TIMESTAMP, CURRENT_TIMESTAMP);
insert into WaterIntake (WaterID, UserID, Date, IntakeAmount, IntakeUnit, Created, LastUpdate) values (206, 31, '2024-02-11', 13.5, 'Quart', CURRENT_TIMESTAMP, CURRENT_TIMESTAMP);
insert into WaterIntake (WaterID, UserID, Date, IntakeAmount, IntakeUnit, Created, LastUpdate) values (207, 69, '2024-03-05', 6.3, 'Pint', CURRENT_TIMESTAMP, CURRENT_TIMESTAMP);
insert into WaterIntake (WaterID, UserID, Date, IntakeAmount, IntakeUnit, Created, LastUpdate) values (208, 71, '2024-01-04', 14.1, 'Cup', CURRENT_TIMESTAMP, CURRENT_TIMESTAMP);
insert into WaterIntake (WaterID, UserID, Date, IntakeAmount, IntakeUnit, Created, LastUpdate) values (209, 51, '2024-07-30', 9.0, 'Fl. Oz', CURRENT_TIMESTAMP, CURRENT_TIMESTAMP);
insert into WaterIntake (WaterID, UserID, Date, IntakeAmount, IntakeUnit, Created, LastUpdate) values (210, 14, '2024-08-04', 15.5, 'Gallon', CURRENT_TIMESTAMP, CURRENT_TIMESTAMP);
insert into WaterIntake (WaterID, UserID, Date, IntakeAmount, IntakeUnit, Created, LastUpdate) values (211, 90, '2024-01-15', 13.0, 'Quart', CURRENT_TIMESTAMP, CURRENT_TIMESTAMP);
insert into WaterIntake (WaterID, UserID, Date, IntakeAmount, IntakeUnit, Created, LastUpdate) values (212, 100, '2024-07-04', 6.7, 'Pint', CURRENT_TIMESTAMP, CURRENT_TIMESTAMP);
insert into WaterIntake (WaterID, UserID, Date, IntakeAmount, IntakeUnit, Created, LastUpdate) values (213, 36, '2024-12-22', 9.9, 'Cup', CURRENT_TIMESTAMP, CURRENT_TIMESTAMP);
insert into WaterIntake (WaterID, UserID, Date, IntakeAmount, IntakeUnit, Created, LastUpdate) values (214, 75, '2024-12-02', 4.5, 'Fl. Oz', CURRENT_TIMESTAMP, CURRENT_TIMESTAMP);
insert into WaterIntake (WaterID, UserID, Date, IntakeAmount, IntakeUnit, Created, LastUpdate) values (215, 90, '2024-05-02', 17.0, 'Gallon', CURRENT_TIMESTAMP, CURRENT_TIMESTAMP);
insert into WaterIntake (WaterID, UserID, Date, IntakeAmount, IntakeUnit, Created, LastUpdate) values (216, 83, '2024-01-22', 16.9, 'Quart', CURRENT_TIMESTAMP, CURRENT_TIMESTAMP);
insert into WaterIntake (WaterID, UserID, Date, IntakeAmount, IntakeUnit, Created, LastUpdate) values (217, 25, '2024-11-09', 15.9, 'Pint', CURRENT_TIMESTAMP, CURRENT_TIMESTAMP);
insert into WaterIntake (WaterID, UserID, Date, IntakeAmount, IntakeUnit, Created, LastUpdate) values (218, 86, '2024-07-05', 6.4, 'Cup', CURRENT_TIMESTAMP, CURRENT_TIMESTAMP);
insert into WaterIntake (WaterID, UserID, Date, IntakeAmount, IntakeUnit, Created, LastUpdate) values (219, 2, '2024-09-28', 15.0, 'Fl. Oz', CURRENT_TIMESTAMP, CURRENT_TIMESTAMP);
insert into WaterIntake (WaterID, UserID, Date, IntakeAmount, IntakeUnit, Created, LastUpdate) values (220, 60, '2024-02-28', 19.3, 'Gallon', CURRENT_TIMESTAMP, CURRENT_TIMESTAMP);
insert into WaterIntake (WaterID, UserID, Date, IntakeAmount, IntakeUnit, Created, LastUpdate) values (221, 48, '2024-09-28', 4.5, 'Quart', CURRENT_TIMESTAMP, CURRENT_TIMESTAMP);
insert into WaterIntake (WaterID, UserID, Date, IntakeAmount, IntakeUnit, Created, LastUpdate) values (222, 44, '2024-12-12', 14.0, 'Pint', CURRENT_TIMESTAMP, CURRENT_TIMESTAMP);
insert into WaterIntake (WaterID, UserID, Date, IntakeAmount, IntakeUnit, Created, LastUpdate) values (223, 70, '2024-11-26', 17.1, 'Cup', CURRENT_TIMESTAMP, CURRENT_TIMESTAMP);
insert into WaterIntake (WaterID, UserID, Date, IntakeAmount, IntakeUnit, Created, LastUpdate) values (224, 77, '2024-04-14', 16.8, 'Fl. Oz', CURRENT_TIMESTAMP, CURRENT_TIMESTAMP);
insert into WaterIntake (WaterID, UserID, Date, IntakeAmount, IntakeUnit, Created, LastUpdate) values (225, 41, '2024-07-13', 12.8, 'Gallon', CURRENT_TIMESTAMP, CURRENT_TIMESTAMP);
insert into WaterIntake (WaterID, UserID, Date, IntakeAmount, IntakeUnit, Created, LastUpdate) values (226, 61, '2024-01-17', 13.5, 'Quart', CURRENT_TIMESTAMP, CURRENT_TIMESTAMP);
insert into WaterIntake (WaterID, UserID, Date, IntakeAmount, IntakeUnit, Created, LastUpdate) values (227, 18, '2024-03-06', 18.6, 'Pint', CURRENT_TIMESTAMP, CURRENT_TIMESTAMP);
insert into WaterIntake (WaterID, UserID, Date, IntakeAmount, IntakeUnit, Created, LastUpdate) values (228, 91, '2024-05-28', 16.4, 'Cup', CURRENT_TIMESTAMP, CURRENT_TIMESTAMP);
insert into WaterIntake (WaterID, UserID, Date, IntakeAmount, IntakeUnit, Created, LastUpdate) values (229, 24, '2024-02-24', 15.3, 'Fl. Oz', CURRENT_TIMESTAMP, CURRENT_TIMESTAMP);
insert into WaterIntake (WaterID, UserID, Date, IntakeAmount, IntakeUnit, Created, LastUpdate) values (230, 85, '2024-08-27', 6.5, 'Gallon', CURRENT_TIMESTAMP, CURRENT_TIMESTAMP);
insert into WaterIntake (WaterID, UserID, Date, IntakeAmount, IntakeUnit, Created, LastUpdate) values (231, 98, '2023-12-30', 19.1, 'Quart', CURRENT_TIMESTAMP, CURRENT_TIMESTAMP);
insert into WaterIntake (WaterID, UserID, Date, IntakeAmount, IntakeUnit, Created, LastUpdate) values (232, 44, '2024-01-24', 18.4, 'Pint', CURRENT_TIMESTAMP, CURRENT_TIMESTAMP);
insert into WaterIntake (WaterID, UserID, Date, IntakeAmount, IntakeUnit, Created, LastUpdate) values (233, 31, '2024-03-08', 10.4, 'Cup', CURRENT_TIMESTAMP, CURRENT_TIMESTAMP);
insert into WaterIntake (WaterID, UserID, Date, IntakeAmount, IntakeUnit, Created, LastUpdate) values (234, 61, '2024-10-22', 5.0, 'Fl. Oz', CURRENT_TIMESTAMP, CURRENT_TIMESTAMP);
insert into WaterIntake (WaterID, UserID, Date, IntakeAmount, IntakeUnit, Created, LastUpdate) values (235, 87, '2024-12-18', 11.1, 'Gallon', CURRENT_TIMESTAMP, CURRENT_TIMESTAMP);
insert into WaterIntake (WaterID, UserID, Date, IntakeAmount, IntakeUnit, Created, LastUpdate) values (236, 35, '2024-02-23', 14.2, 'Quart', CURRENT_TIMESTAMP, CURRENT_TIMESTAMP);
insert into WaterIntake (WaterID, UserID, Date, IntakeAmount, IntakeUnit, Created, LastUpdate) values (237, 94, '2024-08-23', 17.1, 'Pint', CURRENT_TIMESTAMP, CURRENT_TIMESTAMP);
insert into WaterIntake (WaterID, UserID, Date, IntakeAmount, IntakeUnit, Created, LastUpdate) values (238, 31, '2024-04-14', 10.5, 'Cup', CURRENT_TIMESTAMP, CURRENT_TIMESTAMP);
insert into WaterIntake (WaterID, UserID, Date, IntakeAmount, IntakeUnit, Created, LastUpdate) values (239, 69, '2024-04-28', 7.2, 'Fl. Oz', CURRENT_TIMESTAMP, CURRENT_TIMESTAMP);
insert into WaterIntake (WaterID, UserID, Date, IntakeAmount, IntakeUnit, Created, LastUpdate) values (240, 27, '2024-06-19', 3.7, 'Gallon', CURRENT_TIMESTAMP, CURRENT_TIMESTAMP);
insert into WaterIntake (WaterID, UserID, Date, IntakeAmount, IntakeUnit, Created, LastUpdate) values (241, 27, '2024-10-19', 1.1, 'Quart', CURRENT_TIMESTAMP, CURRENT_TIMESTAMP);
insert into WaterIntake (WaterID, UserID, Date, IntakeAmount, IntakeUnit, Created, LastUpdate) values (242, 100, '2024-03-29', 6.7, 'Pint', CURRENT_TIMESTAMP, CURRENT_TIMESTAMP);
insert into WaterIntake (WaterID, UserID, Date, IntakeAmount, IntakeUnit, Created, LastUpdate) values (243, 38, '2024-03-01', 14.7, 'Cup', CURRENT_TIMESTAMP, CURRENT_TIMESTAMP);
insert into WaterIntake (WaterID, UserID, Date, IntakeAmount, IntakeUnit, Created, LastUpdate) values (244, 62, '2024-03-31', 6.6, 'Fl. Oz', CURRENT_TIMESTAMP, CURRENT_TIMESTAMP);
insert into WaterIntake (WaterID, UserID, Date, IntakeAmount, IntakeUnit, Created, LastUpdate) values (245, 9, '2024-12-06', 12.6, 'Gallon', CURRENT_TIMESTAMP, CURRENT_TIMESTAMP);
insert into WaterIntake (WaterID, UserID, Date, IntakeAmount, IntakeUnit, Created, LastUpdate) values (246, 42, '2024-11-25', 15.4, 'Quart', CURRENT_TIMESTAMP, CURRENT_TIMESTAMP);
insert into WaterIntake (WaterID, UserID, Date, IntakeAmount, IntakeUnit, Created, LastUpdate) values (247, 50, '2024-09-23', 19.6, 'Pint', CURRENT_TIMESTAMP, CURRENT_TIMESTAMP);
insert into WaterIntake (WaterID, UserID, Date, IntakeAmount, IntakeUnit, Created, LastUpdate) values (248, 21, '2024-10-31', 17.8, 'Cup', CURRENT_TIMESTAMP, CURRENT_TIMESTAMP);
insert into WaterIntake (WaterID, UserID, Date, IntakeAmount, IntakeUnit, Created, LastUpdate) values (249, 7, '2024-08-09', 6.0, 'Fl. Oz', CURRENT_TIMESTAMP, CURRENT_TIMESTAMP);
insert into WaterIntake (WaterID, UserID, Date, IntakeAmount, IntakeUnit, Created, LastUpdate) values (250, 64, '2024-04-04', 3.9, 'Gallon', CURRENT_TIMESTAMP, CURRENT_TIMESTAMP);


-- Dumping data for FoodIntake table
insert into FoodIntake (FoodID, UserID, Date, FoodName, MealType, Calories, Protein, Carbs, Fat, Created, LastUpdate) values (1, 16, '2024-09-13', 'Pizza', 'Lunch', 1856, 30, 67, 3, CURRENT_TIMESTAMP, CURRENT_TIMESTAMP);
insert into FoodIntake (FoodID, UserID, Date, FoodName, MealType, Calories, Protein, Carbs, Fat, Created, LastUpdate) values (2, 67, '2024-09-24', 'Steak', 'Snack', 1141, 18, 99, 8, CURRENT_TIMESTAMP, CURRENT_TIMESTAMP);
insert into FoodIntake (FoodID, UserID, Date, FoodName, MealType, Calories, Protein, Carbs, Fat, Created, LastUpdate) values (3, 83, '2024-07-11', 'Fish', 'Dinner', 934, 20, 41, 6, CURRENT_TIMESTAMP, CURRENT_TIMESTAMP);
insert into FoodIntake (FoodID, UserID, Date, FoodName, MealType, Calories, Protein, Carbs, Fat, Created, LastUpdate) values (4, 100, '2024-08-31', 'Yogurt', 'Brunch', 1747, 48, 45, 0, CURRENT_TIMESTAMP, CURRENT_TIMESTAMP);
insert into FoodIntake (FoodID, UserID, Date, FoodName, MealType, Calories, Protein, Carbs, Fat, Created, LastUpdate) values (5, 28, '2024-12-24', 'Salad', 'Breakfast', 1643, 41, 23, 13, CURRENT_TIMESTAMP, CURRENT_TIMESTAMP);
insert into FoodIntake (FoodID, UserID, Date, FoodName, MealType, Calories, Protein, Carbs, Fat, Created, LastUpdate) values (6, 70, '2024-08-18', 'Pizza', 'Lunch', 1251, 18, 100, 26, CURRENT_TIMESTAMP, CURRENT_TIMESTAMP);
insert into FoodIntake (FoodID, UserID, Date, FoodName, MealType, Calories, Protein, Carbs, Fat, Created, LastUpdate) values (7, 26, '2024-10-12', 'Steak', 'Snack', 1445, 43, 65, 5, CURRENT_TIMESTAMP, CURRENT_TIMESTAMP);
insert into FoodIntake (FoodID, UserID, Date, FoodName, MealType, Calories, Protein, Carbs, Fat, Created, LastUpdate) values (8, 8, '2024-04-17', 'Fish', 'Dinner', 286, 33, 92, 17, CURRENT_TIMESTAMP, CURRENT_TIMESTAMP);
insert into FoodIntake (FoodID, UserID, Date, FoodName, MealType, Calories, Protein, Carbs, Fat, Created, LastUpdate) values (9, 74, '2024-08-29', 'Yogurt', 'Brunch', 130, 30, 24, 3, CURRENT_TIMESTAMP, CURRENT_TIMESTAMP);
insert into FoodIntake (FoodID, UserID, Date, FoodName, MealType, Calories, Protein, Carbs, Fat, Created, LastUpdate) values (10, 22, '2024-12-04', 'Salad', 'Breakfast', 1964, 18, 16, 11, CURRENT_TIMESTAMP, CURRENT_TIMESTAMP);
insert into FoodIntake (FoodID, UserID, Date, FoodName, MealType, Calories, Protein, Carbs, Fat, Created, LastUpdate) values (11, 55, '2024-01-14', 'Pizza', 'Lunch', 511, 10, 74, 2, CURRENT_TIMESTAMP, CURRENT_TIMESTAMP);
insert into FoodIntake (FoodID, UserID, Date, FoodName, MealType, Calories, Protein, Carbs, Fat, Created, LastUpdate) values (12, 5, '2024-11-17', 'Steak', 'Snack', 114, 32, 66, 30, CURRENT_TIMESTAMP, CURRENT_TIMESTAMP);
insert into FoodIntake (FoodID, UserID, Date, FoodName, MealType, Calories, Protein, Carbs, Fat, Created, LastUpdate) values (13, 55, '2024-06-11', 'Fish', 'Dinner', 1856, 13, 39, 29, CURRENT_TIMESTAMP, CURRENT_TIMESTAMP);
insert into FoodIntake (FoodID, UserID, Date, FoodName, MealType, Calories, Protein, Carbs, Fat, Created, LastUpdate) values (14, 90, '2024-04-19', 'Yogurt', 'Brunch', 1635, 44, 20, 11, CURRENT_TIMESTAMP, CURRENT_TIMESTAMP);
insert into FoodIntake (FoodID, UserID, Date, FoodName, MealType, Calories, Protein, Carbs, Fat, Created, LastUpdate) values (15, 70, '2024-07-27', 'Salad', 'Breakfast', 1422, 32, 18, 17, CURRENT_TIMESTAMP, CURRENT_TIMESTAMP);
insert into FoodIntake (FoodID, UserID, Date, FoodName, MealType, Calories, Protein, Carbs, Fat, Created, LastUpdate) values (16, 70, '2024-08-15', 'Pizza', 'Lunch', 1634, 35, 96, 28, CURRENT_TIMESTAMP, CURRENT_TIMESTAMP);
insert into FoodIntake (FoodID, UserID, Date, FoodName, MealType, Calories, Protein, Carbs, Fat, Created, LastUpdate) values (17, 44, '2024-04-30', 'Steak', 'Snack', 1305, 26, 22, 0, CURRENT_TIMESTAMP, CURRENT_TIMESTAMP);
insert into FoodIntake (FoodID, UserID, Date, FoodName, MealType, Calories, Protein, Carbs, Fat, Created, LastUpdate) values (18, 12, '2024-10-31', 'Fish', 'Dinner', 1150, 29, 82, 27, CURRENT_TIMESTAMP, CURRENT_TIMESTAMP);
insert into FoodIntake (FoodID, UserID, Date, FoodName, MealType, Calories, Protein, Carbs, Fat, Created, LastUpdate) values (19, 69, '2024-10-25', 'Yogurt', 'Brunch', 1666, 48, 15, 4, CURRENT_TIMESTAMP, CURRENT_TIMESTAMP);
insert into FoodIntake (FoodID, UserID, Date, FoodName, MealType, Calories, Protein, Carbs, Fat, Created, LastUpdate) values (20, 58, '2024-10-31', 'Salad', 'Breakfast', 1654, 30, 45, 17, CURRENT_TIMESTAMP, CURRENT_TIMESTAMP);
insert into FoodIntake (FoodID, UserID, Date, FoodName, MealType, Calories, Protein, Carbs, Fat, Created, LastUpdate) values (21, 83, '2024-03-23', 'Pizza', 'Lunch', 1110, 15, 83, 2, CURRENT_TIMESTAMP, CURRENT_TIMESTAMP);
insert into FoodIntake (FoodID, UserID, Date, FoodName, MealType, Calories, Protein, Carbs, Fat, Created, LastUpdate) values (22, 99, '2024-09-15', 'Steak', 'Snack', 632, 23, 90, 10, CURRENT_TIMESTAMP, CURRENT_TIMESTAMP);
insert into FoodIntake (FoodID, UserID, Date, FoodName, MealType, Calories, Protein, Carbs, Fat, Created, LastUpdate) values (23, 1, '2024-06-09', 'Fish', 'Dinner', 1284, 39, 34, 27, CURRENT_TIMESTAMP, CURRENT_TIMESTAMP);
insert into FoodIntake (FoodID, UserID, Date, FoodName, MealType, Calories, Protein, Carbs, Fat, Created, LastUpdate) values (24, 51, '2024-09-16', 'Yogurt', 'Brunch', 532, 30, 82, 25, CURRENT_TIMESTAMP, CURRENT_TIMESTAMP);
insert into FoodIntake (FoodID, UserID, Date, FoodName, MealType, Calories, Protein, Carbs, Fat, Created, LastUpdate) values (25, 19, '2024-06-20', 'Salad', 'Breakfast', 1044, 34, 88, 15, CURRENT_TIMESTAMP, CURRENT_TIMESTAMP);
insert into FoodIntake (FoodID, UserID, Date, FoodName, MealType, Calories, Protein, Carbs, Fat, Created, LastUpdate) values (26, 60, '2024-01-19', 'Pizza', 'Lunch', 703, 34, 98, 14, CURRENT_TIMESTAMP, CURRENT_TIMESTAMP);
insert into FoodIntake (FoodID, UserID, Date, FoodName, MealType, Calories, Protein, Carbs, Fat, Created, LastUpdate) values (27, 78, '2024-02-25', 'Steak', 'Snack', 1572, 42, 78, 7, CURRENT_TIMESTAMP, CURRENT_TIMESTAMP);
insert into FoodIntake (FoodID, UserID, Date, FoodName, MealType, Calories, Protein, Carbs, Fat, Created, LastUpdate) values (28, 20, '2024-08-02', 'Fish', 'Dinner', 1094, 38, 57, 15, CURRENT_TIMESTAMP, CURRENT_TIMESTAMP);
insert into FoodIntake (FoodID, UserID, Date, FoodName, MealType, Calories, Protein, Carbs, Fat, Created, LastUpdate) values (29, 58, '2024-10-25', 'Yogurt', 'Brunch', 1087, 48, 37, 29, CURRENT_TIMESTAMP, CURRENT_TIMESTAMP);
insert into FoodIntake (FoodID, UserID, Date, FoodName, MealType, Calories, Protein, Carbs, Fat, Created, LastUpdate) values (30, 22, '2024-06-23', 'Salad', 'Breakfast', 1796, 23, 45, 5, CURRENT_TIMESTAMP, CURRENT_TIMESTAMP);
insert into FoodIntake (FoodID, UserID, Date, FoodName, MealType, Calories, Protein, Carbs, Fat, Created, LastUpdate) values (31, 83, '2024-07-08', 'Pizza', 'Lunch', 572, 46, 80, 16, CURRENT_TIMESTAMP, CURRENT_TIMESTAMP);
insert into FoodIntake (FoodID, UserID, Date, FoodName, MealType, Calories, Protein, Carbs, Fat, Created, LastUpdate) values (32, 43, '2024-11-05', 'Steak', 'Snack', 129, 39, 57, 30, CURRENT_TIMESTAMP, CURRENT_TIMESTAMP);
insert into FoodIntake (FoodID, UserID, Date, FoodName, MealType, Calories, Protein, Carbs, Fat, Created, LastUpdate) values (33, 29, '2024-02-22', 'Fish', 'Dinner', 411, 24, 20, 11, CURRENT_TIMESTAMP, CURRENT_TIMESTAMP);
insert into FoodIntake (FoodID, UserID, Date, FoodName, MealType, Calories, Protein, Carbs, Fat, Created, LastUpdate) values (34, 40, '2024-11-20', 'Yogurt', 'Brunch', 1948, 14, 90, 13, CURRENT_TIMESTAMP, CURRENT_TIMESTAMP);
insert into FoodIntake (FoodID, UserID, Date, FoodName, MealType, Calories, Protein, Carbs, Fat, Created, LastUpdate) values (35, 9, '2024-06-13', 'Salad', 'Breakfast', 1092, 47, 55, 30, CURRENT_TIMESTAMP, CURRENT_TIMESTAMP);
insert into FoodIntake (FoodID, UserID, Date, FoodName, MealType, Calories, Protein, Carbs, Fat, Created, LastUpdate) values (36, 42, '2024-01-03', 'Pizza', 'Lunch', 1596, 24, 73, 2, CURRENT_TIMESTAMP, CURRENT_TIMESTAMP);
insert into FoodIntake (FoodID, UserID, Date, FoodName, MealType, Calories, Protein, Carbs, Fat, Created, LastUpdate) values (37, 33, '2024-11-01', 'Steak', 'Snack', 1763, 11, 55, 12, CURRENT_TIMESTAMP, CURRENT_TIMESTAMP);
insert into FoodIntake (FoodID, UserID, Date, FoodName, MealType, Calories, Protein, Carbs, Fat, Created, LastUpdate) values (38, 89, '2024-07-08', 'Fish', 'Dinner', 1179, 20, 75, 18, CURRENT_TIMESTAMP, CURRENT_TIMESTAMP);
insert into FoodIntake (FoodID, UserID, Date, FoodName, MealType, Calories, Protein, Carbs, Fat, Created, LastUpdate) values (39, 19, '2024-10-25', 'Yogurt', 'Brunch', 1077, 11, 65, 23, CURRENT_TIMESTAMP, CURRENT_TIMESTAMP);
insert into FoodIntake (FoodID, UserID, Date, FoodName, MealType, Calories, Protein, Carbs, Fat, Created, LastUpdate) values (40, 68, '2024-07-29', 'Salad', 'Breakfast', 1771, 28, 43, 23, CURRENT_TIMESTAMP, CURRENT_TIMESTAMP);
insert into FoodIntake (FoodID, UserID, Date, FoodName, MealType, Calories, Protein, Carbs, Fat, Created, LastUpdate) values (41, 4, '2024-06-17', 'Pizza', 'Lunch', 129, 45, 25, 21, CURRENT_TIMESTAMP, CURRENT_TIMESTAMP);
insert into FoodIntake (FoodID, UserID, Date, FoodName, MealType, Calories, Protein, Carbs, Fat, Created, LastUpdate) values (42, 71, '2024-07-06', 'Steak', 'Snack', 925, 43, 16, 2, CURRENT_TIMESTAMP, CURRENT_TIMESTAMP);
insert into FoodIntake (FoodID, UserID, Date, FoodName, MealType, Calories, Protein, Carbs, Fat, Created, LastUpdate) values (43, 85, '2024-09-02', 'Fish', 'Dinner', 597, 49, 29, 22, CURRENT_TIMESTAMP, CURRENT_TIMESTAMP);
insert into FoodIntake (FoodID, UserID, Date, FoodName, MealType, Calories, Protein, Carbs, Fat, Created, LastUpdate) values (44, 21, '2024-03-25', 'Yogurt', 'Brunch', 1445, 16, 25, 21, CURRENT_TIMESTAMP, CURRENT_TIMESTAMP);
insert into FoodIntake (FoodID, UserID, Date, FoodName, MealType, Calories, Protein, Carbs, Fat, Created, LastUpdate) values (45, 49, '2024-08-20', 'Salad', 'Breakfast', 102, 17, 38, 0, CURRENT_TIMESTAMP, CURRENT_TIMESTAMP);
insert into FoodIntake (FoodID, UserID, Date, FoodName, MealType, Calories, Protein, Carbs, Fat, Created, LastUpdate) values (46, 77, '2024-01-23', 'Pizza', 'Lunch', 1896, 16, 75, 29, CURRENT_TIMESTAMP, CURRENT_TIMESTAMP);
insert into FoodIntake (FoodID, UserID, Date, FoodName, MealType, Calories, Protein, Carbs, Fat, Created, LastUpdate) values (47, 25, '2024-11-02', 'Steak', 'Snack', 1488, 30, 89, 28, CURRENT_TIMESTAMP, CURRENT_TIMESTAMP);
insert into FoodIntake (FoodID, UserID, Date, FoodName, MealType, Calories, Protein, Carbs, Fat, Created, LastUpdate) values (48, 94, '2024-11-12', 'Fish', 'Dinner', 1076, 16, 86, 1, CURRENT_TIMESTAMP, CURRENT_TIMESTAMP);
insert into FoodIntake (FoodID, UserID, Date, FoodName, MealType, Calories, Protein, Carbs, Fat, Created, LastUpdate) values (49, 41, '2024-07-11', 'Yogurt', 'Brunch', 1491, 25, 91, 20, CURRENT_TIMESTAMP, CURRENT_TIMESTAMP);
insert into FoodIntake (FoodID, UserID, Date, FoodName, MealType, Calories, Protein, Carbs, Fat, Created, LastUpdate) values (50, 76, '2024-10-10', 'Salad', 'Breakfast', 626, 24, 100, 18, CURRENT_TIMESTAMP, CURRENT_TIMESTAMP);
insert into FoodIntake (FoodID, UserID, Date, FoodName, MealType, Calories, Protein, Carbs, Fat, Created, LastUpdate) values (51, 58, '2024-09-26', 'Pizza', 'Lunch', 1630, 50, 82, 21, CURRENT_TIMESTAMP, CURRENT_TIMESTAMP);
insert into FoodIntake (FoodID, UserID, Date, FoodName, MealType, Calories, Protein, Carbs, Fat, Created, LastUpdate) values (52, 77, '2024-09-09', 'Steak', 'Snack', 1550, 36, 27, 28, CURRENT_TIMESTAMP, CURRENT_TIMESTAMP);
insert into FoodIntake (FoodID, UserID, Date, FoodName, MealType, Calories, Protein, Carbs, Fat, Created, LastUpdate) values (53, 23, '2024-11-27', 'Fish', 'Dinner', 1980, 46, 47, 1, CURRENT_TIMESTAMP, CURRENT_TIMESTAMP);
insert into FoodIntake (FoodID, UserID, Date, FoodName, MealType, Calories, Protein, Carbs, Fat, Created, LastUpdate) values (54, 27, '2024-09-29', 'Yogurt', 'Brunch', 749, 30, 17, 2, CURRENT_TIMESTAMP, CURRENT_TIMESTAMP);
insert into FoodIntake (FoodID, UserID, Date, FoodName, MealType, Calories, Protein, Carbs, Fat, Created, LastUpdate) values (55, 17, '2024-07-10', 'Salad', 'Breakfast', 1940, 24, 20, 25, CURRENT_TIMESTAMP, CURRENT_TIMESTAMP);
insert into FoodIntake (FoodID, UserID, Date, FoodName, MealType, Calories, Protein, Carbs, Fat, Created, LastUpdate) values (56, 55, '2024-07-10', 'Pizza', 'Lunch', 1450, 31, 27, 1, CURRENT_TIMESTAMP, CURRENT_TIMESTAMP);
insert into FoodIntake (FoodID, UserID, Date, FoodName, MealType, Calories, Protein, Carbs, Fat, Created, LastUpdate) values (57, 98, '2024-02-26', 'Steak', 'Snack', 1677, 19, 65, 24, CURRENT_TIMESTAMP, CURRENT_TIMESTAMP);
insert into FoodIntake (FoodID, UserID, Date, FoodName, MealType, Calories, Protein, Carbs, Fat, Created, LastUpdate) values (58, 12, '2024-11-16', 'Fish', 'Dinner', 1092, 17, 23, 2, CURRENT_TIMESTAMP, CURRENT_TIMESTAMP);
insert into FoodIntake (FoodID, UserID, Date, FoodName, MealType, Calories, Protein, Carbs, Fat, Created, LastUpdate) values (59, 9, '2024-07-19', 'Yogurt', 'Brunch', 944, 27, 66, 27, CURRENT_TIMESTAMP, CURRENT_TIMESTAMP);
insert into FoodIntake (FoodID, UserID, Date, FoodName, MealType, Calories, Protein, Carbs, Fat, Created, LastUpdate) values (60, 68, '2024-03-02', 'Salad', 'Breakfast', 1760, 37, 11, 6, CURRENT_TIMESTAMP, CURRENT_TIMESTAMP);
insert into FoodIntake (FoodID, UserID, Date, FoodName, MealType, Calories, Protein, Carbs, Fat, Created, LastUpdate) values (61, 12, '2024-01-06', 'Pizza', 'Lunch', 1194, 28, 49, 9, CURRENT_TIMESTAMP, CURRENT_TIMESTAMP);
insert into FoodIntake (FoodID, UserID, Date, FoodName, MealType, Calories, Protein, Carbs, Fat, Created, LastUpdate) values (62, 87, '2024-05-05', 'Steak', 'Snack', 1624, 31, 70, 29, CURRENT_TIMESTAMP, CURRENT_TIMESTAMP);
insert into FoodIntake (FoodID, UserID, Date, FoodName, MealType, Calories, Protein, Carbs, Fat, Created, LastUpdate) values (63, 1, '2024-02-01', 'Fish', 'Dinner', 740, 42, 65, 8, CURRENT_TIMESTAMP, CURRENT_TIMESTAMP);
insert into FoodIntake (FoodID, UserID, Date, FoodName, MealType, Calories, Protein, Carbs, Fat, Created, LastUpdate) values (64, 68, '2024-01-09', 'Yogurt', 'Brunch', 1030, 27, 18, 10, CURRENT_TIMESTAMP, CURRENT_TIMESTAMP);
insert into FoodIntake (FoodID, UserID, Date, FoodName, MealType, Calories, Protein, Carbs, Fat, Created, LastUpdate) values (65, 88, '2024-11-28', 'Salad', 'Breakfast', 1097, 44, 54, 14, CURRENT_TIMESTAMP, CURRENT_TIMESTAMP);
insert into FoodIntake (FoodID, UserID, Date, FoodName, MealType, Calories, Protein, Carbs, Fat, Created, LastUpdate) values (66, 86, '2024-02-08', 'Pizza', 'Lunch', 737, 39, 39, 23, CURRENT_TIMESTAMP, CURRENT_TIMESTAMP);
insert into FoodIntake (FoodID, UserID, Date, FoodName, MealType, Calories, Protein, Carbs, Fat, Created, LastUpdate) values (67, 32, '2024-03-17', 'Steak', 'Snack', 655, 31, 37, 18, CURRENT_TIMESTAMP, CURRENT_TIMESTAMP);
insert into FoodIntake (FoodID, UserID, Date, FoodName, MealType, Calories, Protein, Carbs, Fat, Created, LastUpdate) values (68, 88, '2024-08-20', 'Fish', 'Dinner', 339, 50, 31, 5, CURRENT_TIMESTAMP, CURRENT_TIMESTAMP);
insert into FoodIntake (FoodID, UserID, Date, FoodName, MealType, Calories, Protein, Carbs, Fat, Created, LastUpdate) values (69, 43, '2024-02-17', 'Yogurt', 'Brunch', 1817, 22, 64, 22, CURRENT_TIMESTAMP, CURRENT_TIMESTAMP);
insert into FoodIntake (FoodID, UserID, Date, FoodName, MealType, Calories, Protein, Carbs, Fat, Created, LastUpdate) values (70, 59, '2024-01-31', 'Salad', 'Breakfast', 215, 43, 97, 10, CURRENT_TIMESTAMP, CURRENT_TIMESTAMP);
insert into FoodIntake (FoodID, UserID, Date, FoodName, MealType, Calories, Protein, Carbs, Fat, Created, LastUpdate) values (71, 4, '2024-10-07', 'Pizza', 'Lunch', 646, 16, 66, 23, CURRENT_TIMESTAMP, CURRENT_TIMESTAMP);
insert into FoodIntake (FoodID, UserID, Date, FoodName, MealType, Calories, Protein, Carbs, Fat, Created, LastUpdate) values (72, 7, '2024-09-01', 'Steak', 'Snack', 633, 41, 34, 26, CURRENT_TIMESTAMP, CURRENT_TIMESTAMP);
insert into FoodIntake (FoodID, UserID, Date, FoodName, MealType, Calories, Protein, Carbs, Fat, Created, LastUpdate) values (73, 32, '2024-04-29', 'Fish', 'Dinner', 1276, 38, 10, 0, CURRENT_TIMESTAMP, CURRENT_TIMESTAMP);
insert into FoodIntake (FoodID, UserID, Date, FoodName, MealType, Calories, Protein, Carbs, Fat, Created, LastUpdate) values (74, 70, '2024-10-07', 'Yogurt', 'Brunch', 178, 46, 20, 8, CURRENT_TIMESTAMP, CURRENT_TIMESTAMP);
insert into FoodIntake (FoodID, UserID, Date, FoodName, MealType, Calories, Protein, Carbs, Fat, Created, LastUpdate) values (75, 27, '2024-06-17', 'Salad', 'Breakfast', 1710, 23, 17, 27, CURRENT_TIMESTAMP, CURRENT_TIMESTAMP);
insert into FoodIntake (FoodID, UserID, Date, FoodName, MealType, Calories, Protein, Carbs, Fat, Created, LastUpdate) values (76, 2, '2024-12-19', 'Pizza', 'Lunch', 907, 19, 73, 16, CURRENT_TIMESTAMP, CURRENT_TIMESTAMP);
insert into FoodIntake (FoodID, UserID, Date, FoodName, MealType, Calories, Protein, Carbs, Fat, Created, LastUpdate) values (77, 57, '2024-11-05', 'Steak', 'Snack', 1905, 10, 90, 27, CURRENT_TIMESTAMP, CURRENT_TIMESTAMP);
insert into FoodIntake (FoodID, UserID, Date, FoodName, MealType, Calories, Protein, Carbs, Fat, Created, LastUpdate) values (78, 54, '2024-10-29', 'Fish', 'Dinner', 1239, 30, 65, 23, CURRENT_TIMESTAMP, CURRENT_TIMESTAMP);
insert into FoodIntake (FoodID, UserID, Date, FoodName, MealType, Calories, Protein, Carbs, Fat, Created, LastUpdate) values (79, 61, '2024-01-23', 'Yogurt', 'Brunch', 1958, 31, 75, 2, CURRENT_TIMESTAMP, CURRENT_TIMESTAMP);
insert into FoodIntake (FoodID, UserID, Date, FoodName, MealType, Calories, Protein, Carbs, Fat, Created, LastUpdate) values (80, 9, '2024-06-05', 'Salad', 'Breakfast', 1842, 26, 31, 27, CURRENT_TIMESTAMP, CURRENT_TIMESTAMP);
insert into FoodIntake (FoodID, UserID, Date, FoodName, MealType, Calories, Protein, Carbs, Fat, Created, LastUpdate) values (81, 61, '2024-07-30', 'Pizza', 'Lunch', 220, 30, 44, 1, CURRENT_TIMESTAMP, CURRENT_TIMESTAMP);
insert into FoodIntake (FoodID, UserID, Date, FoodName, MealType, Calories, Protein, Carbs, Fat, Created, LastUpdate) values (82, 42, '2024-05-20', 'Steak', 'Snack', 1707, 10, 85, 27, CURRENT_TIMESTAMP, CURRENT_TIMESTAMP);
insert into FoodIntake (FoodID, UserID, Date, FoodName, MealType, Calories, Protein, Carbs, Fat, Created, LastUpdate) values (83, 27, '2024-11-23', 'Fish', 'Dinner', 932, 23, 65, 30, CURRENT_TIMESTAMP, CURRENT_TIMESTAMP);
insert into FoodIntake (FoodID, UserID, Date, FoodName, MealType, Calories, Protein, Carbs, Fat, Created, LastUpdate) values (84, 86, '2024-04-09', 'Yogurt', 'Brunch', 444, 10, 64, 22, CURRENT_TIMESTAMP, CURRENT_TIMESTAMP);
insert into FoodIntake (FoodID, UserID, Date, FoodName, MealType, Calories, Protein, Carbs, Fat, Created, LastUpdate) values (85, 14, '2024-10-30', 'Salad', 'Breakfast', 1351, 17, 69, 12, CURRENT_TIMESTAMP, CURRENT_TIMESTAMP);
insert into FoodIntake (FoodID, UserID, Date, FoodName, MealType, Calories, Protein, Carbs, Fat, Created, LastUpdate) values (86, 81, '2024-03-27', 'Pizza', 'Lunch', 792, 22, 93, 0, CURRENT_TIMESTAMP, CURRENT_TIMESTAMP);
insert into FoodIntake (FoodID, UserID, Date, FoodName, MealType, Calories, Protein, Carbs, Fat, Created, LastUpdate) values (87, 87, '2024-01-06', 'Steak', 'Snack', 1719, 43, 54, 24, CURRENT_TIMESTAMP, CURRENT_TIMESTAMP);
insert into FoodIntake (FoodID, UserID, Date, FoodName, MealType, Calories, Protein, Carbs, Fat, Created, LastUpdate) values (88, 92, '2024-04-14', 'Fish', 'Dinner', 551, 23, 16, 11, CURRENT_TIMESTAMP, CURRENT_TIMESTAMP);
insert into FoodIntake (FoodID, UserID, Date, FoodName, MealType, Calories, Protein, Carbs, Fat, Created, LastUpdate) values (89, 70, '2024-06-28', 'Yogurt', 'Brunch', 1783, 27, 50, 3, CURRENT_TIMESTAMP, CURRENT_TIMESTAMP);
insert into FoodIntake (FoodID, UserID, Date, FoodName, MealType, Calories, Protein, Carbs, Fat, Created, LastUpdate) values (90, 15, '2024-07-11', 'Salad', 'Breakfast', 944, 46, 22, 4, CURRENT_TIMESTAMP, CURRENT_TIMESTAMP);
insert into FoodIntake (FoodID, UserID, Date, FoodName, MealType, Calories, Protein, Carbs, Fat, Created, LastUpdate) values (91, 43, '2024-06-23', 'Pizza', 'Lunch', 1322, 48, 55, 7, CURRENT_TIMESTAMP, CURRENT_TIMESTAMP);
insert into FoodIntake (FoodID, UserID, Date, FoodName, MealType, Calories, Protein, Carbs, Fat, Created, LastUpdate) values (92, 73, '2024-01-15', 'Steak', 'Snack', 1897, 28, 76, 30, CURRENT_TIMESTAMP, CURRENT_TIMESTAMP);
insert into FoodIntake (FoodID, UserID, Date, FoodName, MealType, Calories, Protein, Carbs, Fat, Created, LastUpdate) values (93, 34, '2024-11-09', 'Fish', 'Dinner', 1918, 13, 83, 2, CURRENT_TIMESTAMP, CURRENT_TIMESTAMP);
insert into FoodIntake (FoodID, UserID, Date, FoodName, MealType, Calories, Protein, Carbs, Fat, Created, LastUpdate) values (94, 21, '2024-05-09', 'Yogurt', 'Brunch', 1266, 31, 12, 13, CURRENT_TIMESTAMP, CURRENT_TIMESTAMP);
insert into FoodIntake (FoodID, UserID, Date, FoodName, MealType, Calories, Protein, Carbs, Fat, Created, LastUpdate) values (95, 43, '2024-09-15', 'Salad', 'Breakfast', 774, 28, 89, 13, CURRENT_TIMESTAMP, CURRENT_TIMESTAMP);
insert into FoodIntake (FoodID, UserID, Date, FoodName, MealType, Calories, Protein, Carbs, Fat, Created, LastUpdate) values (96, 99, '2024-11-16', 'Pizza', 'Lunch', 1079, 32, 95, 7, CURRENT_TIMESTAMP, CURRENT_TIMESTAMP);
insert into FoodIntake (FoodID, UserID, Date, FoodName, MealType, Calories, Protein, Carbs, Fat, Created, LastUpdate) values (97, 38, '2024-08-29', 'Steak', 'Snack', 218, 14, 38, 9, CURRENT_TIMESTAMP, CURRENT_TIMESTAMP);
insert into FoodIntake (FoodID, UserID, Date, FoodName, MealType, Calories, Protein, Carbs, Fat, Created, LastUpdate) values (98, 50, '2024-01-31', 'Fish', 'Dinner', 684, 28, 92, 7, CURRENT_TIMESTAMP, CURRENT_TIMESTAMP);
insert into FoodIntake (FoodID, UserID, Date, FoodName, MealType, Calories, Protein, Carbs, Fat, Created, LastUpdate) values (99, 80, '2024-11-12', 'Yogurt', 'Brunch', 491, 35, 89, 8, CURRENT_TIMESTAMP, CURRENT_TIMESTAMP);
insert into FoodIntake (FoodID, UserID, Date, FoodName, MealType, Calories, Protein, Carbs, Fat, Created, LastUpdate) values (100, 84, '2024-06-01', 'Salad', 'Breakfast', 1447, 19, 12, 17, CURRENT_TIMESTAMP, CURRENT_TIMESTAMP);
insert into FoodIntake (FoodID, UserID, Date, FoodName, MealType, Calories, Protein, Carbs, Fat, Created, LastUpdate) values (101, 56, '2024-07-01', 'Pizza', 'Lunch', 1690, 49, 49, 16, CURRENT_TIMESTAMP, CURRENT_TIMESTAMP);
insert into FoodIntake (FoodID, UserID, Date, FoodName, MealType, Calories, Protein, Carbs, Fat, Created, LastUpdate) values (102, 34, '2024-05-08', 'Steak', 'Snack', 1662, 32, 34, 29, CURRENT_TIMESTAMP, CURRENT_TIMESTAMP);
insert into FoodIntake (FoodID, UserID, Date, FoodName, MealType, Calories, Protein, Carbs, Fat, Created, LastUpdate) values (103, 50, '2024-03-30', 'Fish', 'Dinner', 1063, 18, 67, 19, CURRENT_TIMESTAMP, CURRENT_TIMESTAMP);
insert into FoodIntake (FoodID, UserID, Date, FoodName, MealType, Calories, Protein, Carbs, Fat, Created, LastUpdate) values (104, 44, '2024-11-18', 'Yogurt', 'Brunch', 361, 37, 39, 4, CURRENT_TIMESTAMP, CURRENT_TIMESTAMP);
insert into FoodIntake (FoodID, UserID, Date, FoodName, MealType, Calories, Protein, Carbs, Fat, Created, LastUpdate) values (105, 23, '2024-08-11', 'Salad', 'Breakfast', 1530, 45, 13, 10, CURRENT_TIMESTAMP, CURRENT_TIMESTAMP);
insert into FoodIntake (FoodID, UserID, Date, FoodName, MealType, Calories, Protein, Carbs, Fat, Created, LastUpdate) values (106, 26, '2024-07-12', 'Pizza', 'Lunch', 1461, 19, 70, 10, CURRENT_TIMESTAMP, CURRENT_TIMESTAMP);
insert into FoodIntake (FoodID, UserID, Date, FoodName, MealType, Calories, Protein, Carbs, Fat, Created, LastUpdate) values (107, 20, '2024-09-25', 'Steak', 'Snack', 881, 44, 79, 28, CURRENT_TIMESTAMP, CURRENT_TIMESTAMP);
insert into FoodIntake (FoodID, UserID, Date, FoodName, MealType, Calories, Protein, Carbs, Fat, Created, LastUpdate) values (108, 29, '2024-10-06', 'Fish', 'Dinner', 525, 37, 29, 24, CURRENT_TIMESTAMP, CURRENT_TIMESTAMP);
insert into FoodIntake (FoodID, UserID, Date, FoodName, MealType, Calories, Protein, Carbs, Fat, Created, LastUpdate) values (109, 58, '2024-04-20', 'Yogurt', 'Brunch', 1384, 35, 60, 26, CURRENT_TIMESTAMP, CURRENT_TIMESTAMP);
insert into FoodIntake (FoodID, UserID, Date, FoodName, MealType, Calories, Protein, Carbs, Fat, Created, LastUpdate) values (110, 68, '2024-12-09', 'Salad', 'Breakfast', 1741, 50, 31, 24, CURRENT_TIMESTAMP, CURRENT_TIMESTAMP);
insert into FoodIntake (FoodID, UserID, Date, FoodName, MealType, Calories, Protein, Carbs, Fat, Created, LastUpdate) values (111, 56, '2024-10-28', 'Pizza', 'Lunch', 1819, 24, 90, 8, CURRENT_TIMESTAMP, CURRENT_TIMESTAMP);
insert into FoodIntake (FoodID, UserID, Date, FoodName, MealType, Calories, Protein, Carbs, Fat, Created, LastUpdate) values (112, 49, '2024-03-13', 'Steak', 'Snack', 1105, 43, 98, 13, CURRENT_TIMESTAMP, CURRENT_TIMESTAMP);
insert into FoodIntake (FoodID, UserID, Date, FoodName, MealType, Calories, Protein, Carbs, Fat, Created, LastUpdate) values (113, 37, '2024-11-11', 'Fish', 'Dinner', 1846, 17, 48, 12, CURRENT_TIMESTAMP, CURRENT_TIMESTAMP);
insert into FoodIntake (FoodID, UserID, Date, FoodName, MealType, Calories, Protein, Carbs, Fat, Created, LastUpdate) values (114, 13, '2024-12-16', 'Yogurt', 'Brunch', 1263, 49, 47, 17, CURRENT_TIMESTAMP, CURRENT_TIMESTAMP);
insert into FoodIntake (FoodID, UserID, Date, FoodName, MealType, Calories, Protein, Carbs, Fat, Created, LastUpdate) values (115, 80, '2024-01-09', 'Salad', 'Breakfast', 1479, 38, 18, 8, CURRENT_TIMESTAMP, CURRENT_TIMESTAMP);
insert into FoodIntake (FoodID, UserID, Date, FoodName, MealType, Calories, Protein, Carbs, Fat, Created, LastUpdate) values (116, 76, '2024-05-20', 'Pizza', 'Lunch', 106, 45, 79, 17, CURRENT_TIMESTAMP, CURRENT_TIMESTAMP);
insert into FoodIntake (FoodID, UserID, Date, FoodName, MealType, Calories, Protein, Carbs, Fat, Created, LastUpdate) values (117, 14, '2024-08-14', 'Steak', 'Snack', 610, 26, 31, 23, CURRENT_TIMESTAMP, CURRENT_TIMESTAMP);
insert into FoodIntake (FoodID, UserID, Date, FoodName, MealType, Calories, Protein, Carbs, Fat, Created, LastUpdate) values (118, 77, '2024-01-21', 'Fish', 'Dinner', 748, 17, 51, 21, CURRENT_TIMESTAMP, CURRENT_TIMESTAMP);
insert into FoodIntake (FoodID, UserID, Date, FoodName, MealType, Calories, Protein, Carbs, Fat, Created, LastUpdate) values (119, 54, '2024-10-20', 'Yogurt', 'Brunch', 1377, 13, 52, 25, CURRENT_TIMESTAMP, CURRENT_TIMESTAMP);
insert into FoodIntake (FoodID, UserID, Date, FoodName, MealType, Calories, Protein, Carbs, Fat, Created, LastUpdate) values (120, 50, '2024-07-24', 'Salad', 'Breakfast', 404, 33, 59, 14, CURRENT_TIMESTAMP, CURRENT_TIMESTAMP);
insert into FoodIntake (FoodID, UserID, Date, FoodName, MealType, Calories, Protein, Carbs, Fat, Created, LastUpdate) values (121, 18, '2024-03-21', 'Pizza', 'Lunch', 1953, 10, 43, 16, CURRENT_TIMESTAMP, CURRENT_TIMESTAMP);
insert into FoodIntake (FoodID, UserID, Date, FoodName, MealType, Calories, Protein, Carbs, Fat, Created, LastUpdate) values (122, 2, '2024-03-20', 'Steak', 'Snack', 1140, 19, 42, 6, CURRENT_TIMESTAMP, CURRENT_TIMESTAMP);
insert into FoodIntake (FoodID, UserID, Date, FoodName, MealType, Calories, Protein, Carbs, Fat, Created, LastUpdate) values (123, 44, '2024-07-03', 'Fish', 'Dinner', 1931, 28, 17, 17, CURRENT_TIMESTAMP, CURRENT_TIMESTAMP);
insert into FoodIntake (FoodID, UserID, Date, FoodName, MealType, Calories, Protein, Carbs, Fat, Created, LastUpdate) values (124, 94, '2024-04-10', 'Yogurt', 'Brunch', 1876, 44, 15, 27, CURRENT_TIMESTAMP, CURRENT_TIMESTAMP);
insert into FoodIntake (FoodID, UserID, Date, FoodName, MealType, Calories, Protein, Carbs, Fat, Created, LastUpdate) values (125, 60, '2024-10-01', 'Salad', 'Breakfast', 1321, 48, 97, 23, CURRENT_TIMESTAMP, CURRENT_TIMESTAMP);
insert into FoodIntake (FoodID, UserID, Date, FoodName, MealType, Calories, Protein, Carbs, Fat, Created, LastUpdate) values (126, 23, '2024-04-16', 'Pizza', 'Lunch', 1465, 33, 51, 22, CURRENT_TIMESTAMP, CURRENT_TIMESTAMP);
insert into FoodIntake (FoodID, UserID, Date, FoodName, MealType, Calories, Protein, Carbs, Fat, Created, LastUpdate) values (127, 73, '2024-12-19', 'Steak', 'Snack', 1588, 43, 93, 19, CURRENT_TIMESTAMP, CURRENT_TIMESTAMP);
insert into FoodIntake (FoodID, UserID, Date, FoodName, MealType, Calories, Protein, Carbs, Fat, Created, LastUpdate) values (128, 26, '2024-06-27', 'Fish', 'Dinner', 1777, 34, 85, 3, CURRENT_TIMESTAMP, CURRENT_TIMESTAMP);
insert into FoodIntake (FoodID, UserID, Date, FoodName, MealType, Calories, Protein, Carbs, Fat, Created, LastUpdate) values (129, 89, '2024-07-11', 'Yogurt', 'Brunch', 304, 25, 53, 4, CURRENT_TIMESTAMP, CURRENT_TIMESTAMP);
insert into FoodIntake (FoodID, UserID, Date, FoodName, MealType, Calories, Protein, Carbs, Fat, Created, LastUpdate) values (130, 43, '2024-02-14', 'Salad', 'Breakfast', 1552, 31, 94, 11, CURRENT_TIMESTAMP, CURRENT_TIMESTAMP);
insert into FoodIntake (FoodID, UserID, Date, FoodName, MealType, Calories, Protein, Carbs, Fat, Created, LastUpdate) values (131, 61, '2024-05-12', 'Pizza', 'Lunch', 1038, 26, 98, 21, CURRENT_TIMESTAMP, CURRENT_TIMESTAMP);
insert into FoodIntake (FoodID, UserID, Date, FoodName, MealType, Calories, Protein, Carbs, Fat, Created, LastUpdate) values (132, 61, '2024-08-02', 'Steak', 'Snack', 1612, 17, 67, 23, CURRENT_TIMESTAMP, CURRENT_TIMESTAMP);
insert into FoodIntake (FoodID, UserID, Date, FoodName, MealType, Calories, Protein, Carbs, Fat, Created, LastUpdate) values (133, 50, '2024-01-11', 'Fish', 'Dinner', 1150, 48, 80, 3, CURRENT_TIMESTAMP, CURRENT_TIMESTAMP);
insert into FoodIntake (FoodID, UserID, Date, FoodName, MealType, Calories, Protein, Carbs, Fat, Created, LastUpdate) values (134, 61, '2024-07-06', 'Yogurt', 'Brunch', 969, 25, 21, 3, CURRENT_TIMESTAMP, CURRENT_TIMESTAMP);
insert into FoodIntake (FoodID, UserID, Date, FoodName, MealType, Calories, Protein, Carbs, Fat, Created, LastUpdate) values (135, 75, '2024-02-29', 'Salad', 'Breakfast', 558, 45, 54, 1, CURRENT_TIMESTAMP, CURRENT_TIMESTAMP);
insert into FoodIntake (FoodID, UserID, Date, FoodName, MealType, Calories, Protein, Carbs, Fat, Created, LastUpdate) values (136, 89, '2024-06-05', 'Pizza', 'Lunch', 933, 15, 45, 29, CURRENT_TIMESTAMP, CURRENT_TIMESTAMP);
insert into FoodIntake (FoodID, UserID, Date, FoodName, MealType, Calories, Protein, Carbs, Fat, Created, LastUpdate) values (137, 63, '2024-07-26', 'Steak', 'Snack', 1898, 15, 48, 25, CURRENT_TIMESTAMP, CURRENT_TIMESTAMP);
insert into FoodIntake (FoodID, UserID, Date, FoodName, MealType, Calories, Protein, Carbs, Fat, Created, LastUpdate) values (138, 15, '2024-11-18', 'Fish', 'Dinner', 689, 36, 71, 10, CURRENT_TIMESTAMP, CURRENT_TIMESTAMP);
insert into FoodIntake (FoodID, UserID, Date, FoodName, MealType, Calories, Protein, Carbs, Fat, Created, LastUpdate) values (139, 83, '2024-05-21', 'Yogurt', 'Brunch', 1545, 43, 58, 13, CURRENT_TIMESTAMP, CURRENT_TIMESTAMP);
insert into FoodIntake (FoodID, UserID, Date, FoodName, MealType, Calories, Protein, Carbs, Fat, Created, LastUpdate) values (140, 12, '2024-01-03', 'Salad', 'Breakfast', 1227, 11, 72, 6, CURRENT_TIMESTAMP, CURRENT_TIMESTAMP);
insert into FoodIntake (FoodID, UserID, Date, FoodName, MealType, Calories, Protein, Carbs, Fat, Created, LastUpdate) values (141, 43, '2024-02-05', 'Pizza', 'Lunch', 347, 44, 49, 12, CURRENT_TIMESTAMP, CURRENT_TIMESTAMP);
insert into FoodIntake (FoodID, UserID, Date, FoodName, MealType, Calories, Protein, Carbs, Fat, Created, LastUpdate) values (142, 34, '2024-09-29', 'Steak', 'Snack', 398, 38, 12, 12, CURRENT_TIMESTAMP, CURRENT_TIMESTAMP);
insert into FoodIntake (FoodID, UserID, Date, FoodName, MealType, Calories, Protein, Carbs, Fat, Created, LastUpdate) values (143, 22, '2024-10-23', 'Fish', 'Dinner', 330, 25, 69, 2, CURRENT_TIMESTAMP, CURRENT_TIMESTAMP);
insert into FoodIntake (FoodID, UserID, Date, FoodName, MealType, Calories, Protein, Carbs, Fat, Created, LastUpdate) values (144, 61, '2024-07-12', 'Yogurt', 'Brunch', 391, 14, 42, 8, CURRENT_TIMESTAMP, CURRENT_TIMESTAMP);
insert into FoodIntake (FoodID, UserID, Date, FoodName, MealType, Calories, Protein, Carbs, Fat, Created, LastUpdate) values (145, 10, '2024-04-13', 'Salad', 'Breakfast', 298, 25, 59, 6, CURRENT_TIMESTAMP, CURRENT_TIMESTAMP);
insert into FoodIntake (FoodID, UserID, Date, FoodName, MealType, Calories, Protein, Carbs, Fat, Created, LastUpdate) values (146, 93, '2024-06-30', 'Pizza', 'Lunch', 1438, 49, 92, 11, CURRENT_TIMESTAMP, CURRENT_TIMESTAMP);
insert into FoodIntake (FoodID, UserID, Date, FoodName, MealType, Calories, Protein, Carbs, Fat, Created, LastUpdate) values (147, 54, '2024-10-19', 'Steak', 'Snack', 698, 39, 42, 14, CURRENT_TIMESTAMP, CURRENT_TIMESTAMP);
insert into FoodIntake (FoodID, UserID, Date, FoodName, MealType, Calories, Protein, Carbs, Fat, Created, LastUpdate) values (148, 59, '2024-10-07', 'Fish', 'Dinner', 1680, 33, 20, 6, CURRENT_TIMESTAMP, CURRENT_TIMESTAMP);
insert into FoodIntake (FoodID, UserID, Date, FoodName, MealType, Calories, Protein, Carbs, Fat, Created, LastUpdate) values (149, 90, '2024-01-17', 'Yogurt', 'Brunch', 397, 40, 79, 14, CURRENT_TIMESTAMP, CURRENT_TIMESTAMP);
insert into FoodIntake (FoodID, UserID, Date, FoodName, MealType, Calories, Protein, Carbs, Fat, Created, LastUpdate) values (150, 72, '2024-05-24', 'Salad', 'Breakfast', 1076, 18, 42, 28, CURRENT_TIMESTAMP, CURRENT_TIMESTAMP);
insert into FoodIntake (FoodID, UserID, Date, FoodName, MealType, Calories, Protein, Carbs, Fat, Created, LastUpdate) values (151, 9, '2024-03-29', 'Pizza', 'Lunch', 1404, 36, 46, 18, CURRENT_TIMESTAMP, CURRENT_TIMESTAMP);
insert into FoodIntake (FoodID, UserID, Date, FoodName, MealType, Calories, Protein, Carbs, Fat, Created, LastUpdate) values (152, 88, '2024-10-05', 'Steak', 'Snack', 787, 30, 93, 2, CURRENT_TIMESTAMP, CURRENT_TIMESTAMP);
insert into FoodIntake (FoodID, UserID, Date, FoodName, MealType, Calories, Protein, Carbs, Fat, Created, LastUpdate) values (153, 55, '2024-11-01', 'Fish', 'Dinner', 780, 35, 60, 12, CURRENT_TIMESTAMP, CURRENT_TIMESTAMP);
insert into FoodIntake (FoodID, UserID, Date, FoodName, MealType, Calories, Protein, Carbs, Fat, Created, LastUpdate) values (154, 52, '2024-11-13', 'Yogurt', 'Brunch', 1573, 42, 90, 6, CURRENT_TIMESTAMP, CURRENT_TIMESTAMP);
insert into FoodIntake (FoodID, UserID, Date, FoodName, MealType, Calories, Protein, Carbs, Fat, Created, LastUpdate) values (155, 97, '2024-11-21', 'Salad', 'Breakfast', 418, 42, 55, 3, CURRENT_TIMESTAMP, CURRENT_TIMESTAMP);
insert into FoodIntake (FoodID, UserID, Date, FoodName, MealType, Calories, Protein, Carbs, Fat, Created, LastUpdate) values (156, 47, '2024-08-13', 'Pizza', 'Lunch', 205, 32, 33, 30, CURRENT_TIMESTAMP, CURRENT_TIMESTAMP);
insert into FoodIntake (FoodID, UserID, Date, FoodName, MealType, Calories, Protein, Carbs, Fat, Created, LastUpdate) values (157, 96, '2024-11-23', 'Steak', 'Snack', 655, 25, 66, 17, CURRENT_TIMESTAMP, CURRENT_TIMESTAMP);
insert into FoodIntake (FoodID, UserID, Date, FoodName, MealType, Calories, Protein, Carbs, Fat, Created, LastUpdate) values (158, 26, '2024-06-17', 'Fish', 'Dinner', 1881, 14, 86, 17, CURRENT_TIMESTAMP, CURRENT_TIMESTAMP);
insert into FoodIntake (FoodID, UserID, Date, FoodName, MealType, Calories, Protein, Carbs, Fat, Created, LastUpdate) values (159, 95, '2024-12-17', 'Yogurt', 'Brunch', 647, 17, 61, 28, CURRENT_TIMESTAMP, CURRENT_TIMESTAMP);
insert into FoodIntake (FoodID, UserID, Date, FoodName, MealType, Calories, Protein, Carbs, Fat, Created, LastUpdate) values (160, 24, '2024-09-22', 'Salad', 'Breakfast', 629, 30, 88, 6, CURRENT_TIMESTAMP, CURRENT_TIMESTAMP);
insert into FoodIntake (FoodID, UserID, Date, FoodName, MealType, Calories, Protein, Carbs, Fat, Created, LastUpdate) values (161, 56, '2024-02-26', 'Pizza', 'Lunch', 434, 29, 74, 0, CURRENT_TIMESTAMP, CURRENT_TIMESTAMP);
insert into FoodIntake (FoodID, UserID, Date, FoodName, MealType, Calories, Protein, Carbs, Fat, Created, LastUpdate) values (162, 76, '2024-12-09', 'Steak', 'Snack', 1730, 18, 23, 16, CURRENT_TIMESTAMP, CURRENT_TIMESTAMP);
insert into FoodIntake (FoodID, UserID, Date, FoodName, MealType, Calories, Protein, Carbs, Fat, Created, LastUpdate) values (163, 8, '2024-06-22', 'Fish', 'Dinner', 1261, 17, 29, 5, CURRENT_TIMESTAMP, CURRENT_TIMESTAMP);
insert into FoodIntake (FoodID, UserID, Date, FoodName, MealType, Calories, Protein, Carbs, Fat, Created, LastUpdate) values (164, 14, '2024-09-12', 'Yogurt', 'Brunch', 1349, 23, 40, 17, CURRENT_TIMESTAMP, CURRENT_TIMESTAMP);
insert into FoodIntake (FoodID, UserID, Date, FoodName, MealType, Calories, Protein, Carbs, Fat, Created, LastUpdate) values (165, 99, '2024-07-21', 'Salad', 'Breakfast', 1817, 19, 75, 6, CURRENT_TIMESTAMP, CURRENT_TIMESTAMP);
insert into FoodIntake (FoodID, UserID, Date, FoodName, MealType, Calories, Protein, Carbs, Fat, Created, LastUpdate) values (166, 44, '2024-06-19', 'Pizza', 'Lunch', 1448, 24, 31, 22, CURRENT_TIMESTAMP, CURRENT_TIMESTAMP);
insert into FoodIntake (FoodID, UserID, Date, FoodName, MealType, Calories, Protein, Carbs, Fat, Created, LastUpdate) values (167, 14, '2024-02-06', 'Steak', 'Snack', 1080, 12, 80, 29, CURRENT_TIMESTAMP, CURRENT_TIMESTAMP);
insert into FoodIntake (FoodID, UserID, Date, FoodName, MealType, Calories, Protein, Carbs, Fat, Created, LastUpdate) values (168, 58, '2024-10-23', 'Fish', 'Dinner', 753, 12, 26, 2, CURRENT_TIMESTAMP, CURRENT_TIMESTAMP);
insert into FoodIntake (FoodID, UserID, Date, FoodName, MealType, Calories, Protein, Carbs, Fat, Created, LastUpdate) values (169, 21, '2024-05-30', 'Yogurt', 'Brunch', 1902, 33, 93, 7, CURRENT_TIMESTAMP, CURRENT_TIMESTAMP);
insert into FoodIntake (FoodID, UserID, Date, FoodName, MealType, Calories, Protein, Carbs, Fat, Created, LastUpdate) values (170, 95, '2024-05-12', 'Salad', 'Breakfast', 309, 44, 63, 13, CURRENT_TIMESTAMP, CURRENT_TIMESTAMP);
insert into FoodIntake (FoodID, UserID, Date, FoodName, MealType, Calories, Protein, Carbs, Fat, Created, LastUpdate) values (171, 4, '2024-07-02', 'Pizza', 'Lunch', 1355, 40, 50, 14, CURRENT_TIMESTAMP, CURRENT_TIMESTAMP);
insert into FoodIntake (FoodID, UserID, Date, FoodName, MealType, Calories, Protein, Carbs, Fat, Created, LastUpdate) values (172, 61, '2024-05-02', 'Steak', 'Snack', 1146, 18, 69, 19, CURRENT_TIMESTAMP, CURRENT_TIMESTAMP);
insert into FoodIntake (FoodID, UserID, Date, FoodName, MealType, Calories, Protein, Carbs, Fat, Created, LastUpdate) values (173, 38, '2024-10-25', 'Fish', 'Dinner', 713, 46, 32, 23, CURRENT_TIMESTAMP, CURRENT_TIMESTAMP);
insert into FoodIntake (FoodID, UserID, Date, FoodName, MealType, Calories, Protein, Carbs, Fat, Created, LastUpdate) values (174, 42, '2024-02-21', 'Yogurt', 'Brunch', 1411, 48, 26, 0, CURRENT_TIMESTAMP, CURRENT_TIMESTAMP);
insert into FoodIntake (FoodID, UserID, Date, FoodName, MealType, Calories, Protein, Carbs, Fat, Created, LastUpdate) values (175, 59, '2024-11-21', 'Salad', 'Breakfast', 1761, 46, 26, 19, CURRENT_TIMESTAMP, CURRENT_TIMESTAMP);
insert into FoodIntake (FoodID, UserID, Date, FoodName, MealType, Calories, Protein, Carbs, Fat, Created, LastUpdate) values (176, 60, '2024-01-18', 'Pizza', 'Lunch', 352, 13, 25, 0, CURRENT_TIMESTAMP, CURRENT_TIMESTAMP);
insert into FoodIntake (FoodID, UserID, Date, FoodName, MealType, Calories, Protein, Carbs, Fat, Created, LastUpdate) values (177, 33, '2024-05-19', 'Steak', 'Snack', 329, 49, 63, 7, CURRENT_TIMESTAMP, CURRENT_TIMESTAMP);
insert into FoodIntake (FoodID, UserID, Date, FoodName, MealType, Calories, Protein, Carbs, Fat, Created, LastUpdate) values (178, 32, '2024-03-08', 'Fish', 'Dinner', 1786, 25, 11, 8, CURRENT_TIMESTAMP, CURRENT_TIMESTAMP);
insert into FoodIntake (FoodID, UserID, Date, FoodName, MealType, Calories, Protein, Carbs, Fat, Created, LastUpdate) values (179, 71, '2024-01-24', 'Yogurt', 'Brunch', 1929, 14, 13, 12, CURRENT_TIMESTAMP, CURRENT_TIMESTAMP);
insert into FoodIntake (FoodID, UserID, Date, FoodName, MealType, Calories, Protein, Carbs, Fat, Created, LastUpdate) values (180, 83, '2024-03-26', 'Salad', 'Breakfast', 1241, 10, 42, 20, CURRENT_TIMESTAMP, CURRENT_TIMESTAMP);
insert into FoodIntake (FoodID, UserID, Date, FoodName, MealType, Calories, Protein, Carbs, Fat, Created, LastUpdate) values (181, 84, '2024-04-08', 'Pizza', 'Lunch', 1110, 41, 75, 14, CURRENT_TIMESTAMP, CURRENT_TIMESTAMP);
insert into FoodIntake (FoodID, UserID, Date, FoodName, MealType, Calories, Protein, Carbs, Fat, Created, LastUpdate) values (182, 61, '2024-12-18', 'Steak', 'Snack', 1465, 23, 48, 17, CURRENT_TIMESTAMP, CURRENT_TIMESTAMP);
insert into FoodIntake (FoodID, UserID, Date, FoodName, MealType, Calories, Protein, Carbs, Fat, Created, LastUpdate) values (183, 6, '2024-09-24', 'Fish', 'Dinner', 1969, 28, 33, 7, CURRENT_TIMESTAMP, CURRENT_TIMESTAMP);
insert into FoodIntake (FoodID, UserID, Date, FoodName, MealType, Calories, Protein, Carbs, Fat, Created, LastUpdate) values (184, 88, '2024-04-18', 'Yogurt', 'Brunch', 1359, 11, 46, 9, CURRENT_TIMESTAMP, CURRENT_TIMESTAMP);
insert into FoodIntake (FoodID, UserID, Date, FoodName, MealType, Calories, Protein, Carbs, Fat, Created, LastUpdate) values (185, 2, '2024-03-03', 'Salad', 'Breakfast', 633, 28, 50, 4, CURRENT_TIMESTAMP, CURRENT_TIMESTAMP);
insert into FoodIntake (FoodID, UserID, Date, FoodName, MealType, Calories, Protein, Carbs, Fat, Created, LastUpdate) values (186, 78, '2024-04-29', 'Pizza', 'Lunch', 1591, 12, 17, 28, CURRENT_TIMESTAMP, CURRENT_TIMESTAMP);
insert into FoodIntake (FoodID, UserID, Date, FoodName, MealType, Calories, Protein, Carbs, Fat, Created, LastUpdate) values (187, 50, '2024-01-10', 'Steak', 'Snack', 1968, 32, 48, 27, CURRENT_TIMESTAMP, CURRENT_TIMESTAMP);
insert into FoodIntake (FoodID, UserID, Date, FoodName, MealType, Calories, Protein, Carbs, Fat, Created, LastUpdate) values (188, 26, '2024-06-10', 'Fish', 'Dinner', 371, 13, 32, 25, CURRENT_TIMESTAMP, CURRENT_TIMESTAMP);
insert into FoodIntake (FoodID, UserID, Date, FoodName, MealType, Calories, Protein, Carbs, Fat, Created, LastUpdate) values (189, 38, '2024-10-26', 'Yogurt', 'Brunch', 845, 45, 63, 18, CURRENT_TIMESTAMP, CURRENT_TIMESTAMP);
insert into FoodIntake (FoodID, UserID, Date, FoodName, MealType, Calories, Protein, Carbs, Fat, Created, LastUpdate) values (190, 66, '2024-03-29', 'Salad', 'Breakfast', 1719, 22, 49, 17, CURRENT_TIMESTAMP, CURRENT_TIMESTAMP);
insert into FoodIntake (FoodID, UserID, Date, FoodName, MealType, Calories, Protein, Carbs, Fat, Created, LastUpdate) values (191, 49, '2024-04-14', 'Pizza', 'Lunch', 540, 32, 41, 9, CURRENT_TIMESTAMP, CURRENT_TIMESTAMP);
insert into FoodIntake (FoodID, UserID, Date, FoodName, MealType, Calories, Protein, Carbs, Fat, Created, LastUpdate) values (192, 16, '2024-07-01', 'Steak', 'Snack', 793, 17, 95, 4, CURRENT_TIMESTAMP, CURRENT_TIMESTAMP);
insert into FoodIntake (FoodID, UserID, Date, FoodName, MealType, Calories, Protein, Carbs, Fat, Created, LastUpdate) values (193, 7, '2024-04-20', 'Fish', 'Dinner', 706, 46, 73, 28, CURRENT_TIMESTAMP, CURRENT_TIMESTAMP);
insert into FoodIntake (FoodID, UserID, Date, FoodName, MealType, Calories, Protein, Carbs, Fat, Created, LastUpdate) values (194, 67, '2024-05-10', 'Yogurt', 'Brunch', 1051, 13, 82, 13, CURRENT_TIMESTAMP, CURRENT_TIMESTAMP);
insert into FoodIntake (FoodID, UserID, Date, FoodName, MealType, Calories, Protein, Carbs, Fat, Created, LastUpdate) values (195, 41, '2024-01-24', 'Salad', 'Breakfast', 1552, 27, 14, 28, CURRENT_TIMESTAMP, CURRENT_TIMESTAMP);
insert into FoodIntake (FoodID, UserID, Date, FoodName, MealType, Calories, Protein, Carbs, Fat, Created, LastUpdate) values (196, 10, '2024-05-17', 'Pizza', 'Lunch', 1449, 47, 35, 28, CURRENT_TIMESTAMP, CURRENT_TIMESTAMP);
insert into FoodIntake (FoodID, UserID, Date, FoodName, MealType, Calories, Protein, Carbs, Fat, Created, LastUpdate) values (197, 64, '2024-12-10', 'Steak', 'Snack', 1925, 49, 22, 7, CURRENT_TIMESTAMP, CURRENT_TIMESTAMP);
insert into FoodIntake (FoodID, UserID, Date, FoodName, MealType, Calories, Protein, Carbs, Fat, Created, LastUpdate) values (198, 89, '2024-01-25', 'Fish', 'Dinner', 1371, 25, 82, 14, CURRENT_TIMESTAMP, CURRENT_TIMESTAMP);
insert into FoodIntake (FoodID, UserID, Date, FoodName, MealType, Calories, Protein, Carbs, Fat, Created, LastUpdate) values (199, 95, '2024-05-23', 'Yogurt', 'Brunch', 551, 47, 69, 9, CURRENT_TIMESTAMP, CURRENT_TIMESTAMP);
insert into FoodIntake (FoodID, UserID, Date, FoodName, MealType, Calories, Protein, Carbs, Fat, Created, LastUpdate) values (200, 7, '2024-06-07', 'Salad', 'Breakfast', 1340, 47, 94, 7, CURRENT_TIMESTAMP, CURRENT_TIMESTAMP);
insert into FoodIntake (FoodID, UserID, Date, FoodName, MealType, Calories, Protein, Carbs, Fat, Created, LastUpdate) values (201, 52, '2024-07-20', 'Pizza', 'Lunch', 1046, 47, 96, 22, CURRENT_TIMESTAMP, CURRENT_TIMESTAMP);
insert into FoodIntake (FoodID, UserID, Date, FoodName, MealType, Calories, Protein, Carbs, Fat, Created, LastUpdate) values (202, 86, '2024-02-24', 'Steak', 'Snack', 967, 24, 92, 23, CURRENT_TIMESTAMP, CURRENT_TIMESTAMP);
insert into FoodIntake (FoodID, UserID, Date, FoodName, MealType, Calories, Protein, Carbs, Fat, Created, LastUpdate) values (203, 27, '2024-04-02', 'Fish', 'Dinner', 864, 13, 47, 15, CURRENT_TIMESTAMP, CURRENT_TIMESTAMP);
insert into FoodIntake (FoodID, UserID, Date, FoodName, MealType, Calories, Protein, Carbs, Fat, Created, LastUpdate) values (204, 27, '2024-10-05', 'Yogurt', 'Brunch', 1940, 19, 23, 28, CURRENT_TIMESTAMP, CURRENT_TIMESTAMP);
insert into FoodIntake (FoodID, UserID, Date, FoodName, MealType, Calories, Protein, Carbs, Fat, Created, LastUpdate) values (205, 87, '2024-08-09', 'Salad', 'Breakfast', 486, 47, 37, 15, CURRENT_TIMESTAMP, CURRENT_TIMESTAMP);
insert into FoodIntake (FoodID, UserID, Date, FoodName, MealType, Calories, Protein, Carbs, Fat, Created, LastUpdate) values (206, 70, '2024-07-13', 'Pizza', 'Lunch', 484, 31, 14, 10, CURRENT_TIMESTAMP, CURRENT_TIMESTAMP);
insert into FoodIntake (FoodID, UserID, Date, FoodName, MealType, Calories, Protein, Carbs, Fat, Created, LastUpdate) values (207, 99, '2024-01-23', 'Steak', 'Snack', 1484, 44, 15, 28, CURRENT_TIMESTAMP, CURRENT_TIMESTAMP);
insert into FoodIntake (FoodID, UserID, Date, FoodName, MealType, Calories, Protein, Carbs, Fat, Created, LastUpdate) values (208, 47, '2024-03-07', 'Fish', 'Dinner', 1895, 50, 86, 18, CURRENT_TIMESTAMP, CURRENT_TIMESTAMP);
insert into FoodIntake (FoodID, UserID, Date, FoodName, MealType, Calories, Protein, Carbs, Fat, Created, LastUpdate) values (209, 50, '2024-02-04', 'Yogurt', 'Brunch', 1055, 19, 63, 3, CURRENT_TIMESTAMP, CURRENT_TIMESTAMP);
insert into FoodIntake (FoodID, UserID, Date, FoodName, MealType, Calories, Protein, Carbs, Fat, Created, LastUpdate) values (210, 93, '2024-08-08', 'Salad', 'Breakfast', 1481, 49, 43, 9, CURRENT_TIMESTAMP, CURRENT_TIMESTAMP);
insert into FoodIntake (FoodID, UserID, Date, FoodName, MealType, Calories, Protein, Carbs, Fat, Created, LastUpdate) values (211, 74, '2024-02-28', 'Pizza', 'Lunch', 938, 25, 37, 18, CURRENT_TIMESTAMP, CURRENT_TIMESTAMP);
insert into FoodIntake (FoodID, UserID, Date, FoodName, MealType, Calories, Protein, Carbs, Fat, Created, LastUpdate) values (212, 84, '2024-05-10', 'Steak', 'Snack', 554, 35, 93, 17, CURRENT_TIMESTAMP, CURRENT_TIMESTAMP);
insert into FoodIntake (FoodID, UserID, Date, FoodName, MealType, Calories, Protein, Carbs, Fat, Created, LastUpdate) values (213, 83, '2024-06-28', 'Fish', 'Dinner', 1688, 25, 10, 26, CURRENT_TIMESTAMP, CURRENT_TIMESTAMP);
insert into FoodIntake (FoodID, UserID, Date, FoodName, MealType, Calories, Protein, Carbs, Fat, Created, LastUpdate) values (214, 8, '2024-11-04', 'Yogurt', 'Brunch', 1304, 34, 34, 15, CURRENT_TIMESTAMP, CURRENT_TIMESTAMP);
insert into FoodIntake (FoodID, UserID, Date, FoodName, MealType, Calories, Protein, Carbs, Fat, Created, LastUpdate) values (215, 74, '2024-11-26', 'Salad', 'Breakfast', 960, 46, 65, 8, CURRENT_TIMESTAMP, CURRENT_TIMESTAMP);
insert into FoodIntake (FoodID, UserID, Date, FoodName, MealType, Calories, Protein, Carbs, Fat, Created, LastUpdate) values (216, 77, '2024-02-22', 'Pizza', 'Lunch', 966, 33, 16, 13, CURRENT_TIMESTAMP, CURRENT_TIMESTAMP);
insert into FoodIntake (FoodID, UserID, Date, FoodName, MealType, Calories, Protein, Carbs, Fat, Created, LastUpdate) values (217, 14, '2024-10-13', 'Steak', 'Snack', 1187, 35, 75, 23, CURRENT_TIMESTAMP, CURRENT_TIMESTAMP);
insert into FoodIntake (FoodID, UserID, Date, FoodName, MealType, Calories, Protein, Carbs, Fat, Created, LastUpdate) values (218, 74, '2024-07-31', 'Fish', 'Dinner', 112, 34, 11, 9, CURRENT_TIMESTAMP, CURRENT_TIMESTAMP);
insert into FoodIntake (FoodID, UserID, Date, FoodName, MealType, Calories, Protein, Carbs, Fat, Created, LastUpdate) values (219, 78, '2024-02-15', 'Yogurt', 'Brunch', 1620, 22, 20, 1, CURRENT_TIMESTAMP, CURRENT_TIMESTAMP);
insert into FoodIntake (FoodID, UserID, Date, FoodName, MealType, Calories, Protein, Carbs, Fat, Created, LastUpdate) values (220, 52, '2024-08-26', 'Salad', 'Breakfast', 1900, 23, 84, 17, CURRENT_TIMESTAMP, CURRENT_TIMESTAMP);
insert into FoodIntake (FoodID, UserID, Date, FoodName, MealType, Calories, Protein, Carbs, Fat, Created, LastUpdate) values (221, 82, '2024-05-03', 'Pizza', 'Lunch', 1990, 20, 74, 6, CURRENT_TIMESTAMP, CURRENT_TIMESTAMP);
insert into FoodIntake (FoodID, UserID, Date, FoodName, MealType, Calories, Protein, Carbs, Fat, Created, LastUpdate) values (222, 50, '2024-10-05', 'Steak', 'Snack', 846, 50, 56, 25, CURRENT_TIMESTAMP, CURRENT_TIMESTAMP);
insert into FoodIntake (FoodID, UserID, Date, FoodName, MealType, Calories, Protein, Carbs, Fat, Created, LastUpdate) values (223, 68, '2024-08-27', 'Fish', 'Dinner', 760, 34, 93, 4, CURRENT_TIMESTAMP, CURRENT_TIMESTAMP);
insert into FoodIntake (FoodID, UserID, Date, FoodName, MealType, Calories, Protein, Carbs, Fat, Created, LastUpdate) values (224, 4, '2024-01-05', 'Yogurt', 'Brunch', 1538, 37, 58, 29, CURRENT_TIMESTAMP, CURRENT_TIMESTAMP);
insert into FoodIntake (FoodID, UserID, Date, FoodName, MealType, Calories, Protein, Carbs, Fat, Created, LastUpdate) values (225, 83, '2024-05-15', 'Salad', 'Breakfast', 915, 46, 47, 16, CURRENT_TIMESTAMP, CURRENT_TIMESTAMP);
insert into FoodIntake (FoodID, UserID, Date, FoodName, MealType, Calories, Protein, Carbs, Fat, Created, LastUpdate) values (226, 86, '2024-11-26', 'Pizza', 'Lunch', 1796, 16, 59, 19, CURRENT_TIMESTAMP, CURRENT_TIMESTAMP);
insert into FoodIntake (FoodID, UserID, Date, FoodName, MealType, Calories, Protein, Carbs, Fat, Created, LastUpdate) values (227, 42, '2024-01-29', 'Steak', 'Snack', 647, 25, 83, 17, CURRENT_TIMESTAMP, CURRENT_TIMESTAMP);
insert into FoodIntake (FoodID, UserID, Date, FoodName, MealType, Calories, Protein, Carbs, Fat, Created, LastUpdate) values (228, 71, '2024-10-31', 'Fish', 'Dinner', 1958, 13, 43, 26, CURRENT_TIMESTAMP, CURRENT_TIMESTAMP);
insert into FoodIntake (FoodID, UserID, Date, FoodName, MealType, Calories, Protein, Carbs, Fat, Created, LastUpdate) values (229, 13, '2024-04-14', 'Yogurt', 'Brunch', 306, 43, 19, 18, CURRENT_TIMESTAMP, CURRENT_TIMESTAMP);
insert into FoodIntake (FoodID, UserID, Date, FoodName, MealType, Calories, Protein, Carbs, Fat, Created, LastUpdate) values (230, 47, '2024-08-11', 'Salad', 'Breakfast', 1968, 41, 63, 13, CURRENT_TIMESTAMP, CURRENT_TIMESTAMP);
insert into FoodIntake (FoodID, UserID, Date, FoodName, MealType, Calories, Protein, Carbs, Fat, Created, LastUpdate) values (231, 41, '2024-09-13', 'Pizza', 'Lunch', 1795, 32, 95, 28, CURRENT_TIMESTAMP, CURRENT_TIMESTAMP);
insert into FoodIntake (FoodID, UserID, Date, FoodName, MealType, Calories, Protein, Carbs, Fat, Created, LastUpdate) values (232, 21, '2024-03-09', 'Steak', 'Snack', 1860, 11, 84, 17, CURRENT_TIMESTAMP, CURRENT_TIMESTAMP);
insert into FoodIntake (FoodID, UserID, Date, FoodName, MealType, Calories, Protein, Carbs, Fat, Created, LastUpdate) values (233, 73, '2024-08-27', 'Fish', 'Dinner', 1177, 28, 12, 10, CURRENT_TIMESTAMP, CURRENT_TIMESTAMP);
insert into FoodIntake (FoodID, UserID, Date, FoodName, MealType, Calories, Protein, Carbs, Fat, Created, LastUpdate) values (234, 66, '2024-06-12', 'Yogurt', 'Brunch', 940, 36, 70, 19, CURRENT_TIMESTAMP, CURRENT_TIMESTAMP);
insert into FoodIntake (FoodID, UserID, Date, FoodName, MealType, Calories, Protein, Carbs, Fat, Created, LastUpdate) values (235, 56, '2024-08-04', 'Salad', 'Breakfast', 1637, 41, 91, 20, CURRENT_TIMESTAMP, CURRENT_TIMESTAMP);
insert into FoodIntake (FoodID, UserID, Date, FoodName, MealType, Calories, Protein, Carbs, Fat, Created, LastUpdate) values (236, 20, '2024-01-04', 'Pizza', 'Lunch', 984, 24, 14, 6, CURRENT_TIMESTAMP, CURRENT_TIMESTAMP);
insert into FoodIntake (FoodID, UserID, Date, FoodName, MealType, Calories, Protein, Carbs, Fat, Created, LastUpdate) values (237, 95, '2024-01-08', 'Steak', 'Snack', 844, 13, 83, 26, CURRENT_TIMESTAMP, CURRENT_TIMESTAMP);
insert into FoodIntake (FoodID, UserID, Date, FoodName, MealType, Calories, Protein, Carbs, Fat, Created, LastUpdate) values (238, 49, '2024-02-02', 'Fish', 'Dinner', 1487, 39, 75, 13, CURRENT_TIMESTAMP, CURRENT_TIMESTAMP);
insert into FoodIntake (FoodID, UserID, Date, FoodName, MealType, Calories, Protein, Carbs, Fat, Created, LastUpdate) values (239, 2, '2024-09-30', 'Yogurt', 'Brunch', 1064, 40, 53, 20, CURRENT_TIMESTAMP, CURRENT_TIMESTAMP);
insert into FoodIntake (FoodID, UserID, Date, FoodName, MealType, Calories, Protein, Carbs, Fat, Created, LastUpdate) values (240, 37, '2024-07-08', 'Salad', 'Breakfast', 1561, 12, 41, 17, CURRENT_TIMESTAMP, CURRENT_TIMESTAMP);
insert into FoodIntake (FoodID, UserID, Date, FoodName, MealType, Calories, Protein, Carbs, Fat, Created, LastUpdate) values (241, 6, '2024-11-01', 'Pizza', 'Lunch', 1375, 35, 34, 25, CURRENT_TIMESTAMP, CURRENT_TIMESTAMP);
insert into FoodIntake (FoodID, UserID, Date, FoodName, MealType, Calories, Protein, Carbs, Fat, Created, LastUpdate) values (242, 97, '2024-07-04', 'Steak', 'Snack', 185, 18, 76, 0, CURRENT_TIMESTAMP, CURRENT_TIMESTAMP);
insert into FoodIntake (FoodID, UserID, Date, FoodName, MealType, Calories, Protein, Carbs, Fat, Created, LastUpdate) values (243, 50, '2024-05-19', 'Fish', 'Dinner', 635, 46, 13, 26, CURRENT_TIMESTAMP, CURRENT_TIMESTAMP);
insert into FoodIntake (FoodID, UserID, Date, FoodName, MealType, Calories, Protein, Carbs, Fat, Created, LastUpdate) values (244, 91, '2024-03-12', 'Yogurt', 'Brunch', 287, 34, 27, 2, CURRENT_TIMESTAMP, CURRENT_TIMESTAMP);
insert into FoodIntake (FoodID, UserID, Date, FoodName, MealType, Calories, Protein, Carbs, Fat, Created, LastUpdate) values (245, 74, '2024-03-11', 'Salad', 'Breakfast', 1663, 22, 66, 23, CURRENT_TIMESTAMP, CURRENT_TIMESTAMP);
insert into FoodIntake (FoodID, UserID, Date, FoodName, MealType, Calories, Protein, Carbs, Fat, Created, LastUpdate) values (246, 39, '2024-08-08', 'Pizza', 'Lunch', 517, 44, 70, 1, CURRENT_TIMESTAMP, CURRENT_TIMESTAMP);
insert into FoodIntake (FoodID, UserID, Date, FoodName, MealType, Calories, Protein, Carbs, Fat, Created, LastUpdate) values (247, 2, '2024-04-07', 'Steak', 'Snack', 275, 39, 71, 1, CURRENT_TIMESTAMP, CURRENT_TIMESTAMP);
insert into FoodIntake (FoodID, UserID, Date, FoodName, MealType, Calories, Protein, Carbs, Fat, Created, LastUpdate) values (248, 22, '2024-07-25', 'Fish', 'Dinner', 1809, 11, 24, 25, CURRENT_TIMESTAMP, CURRENT_TIMESTAMP);
insert into FoodIntake (FoodID, UserID, Date, FoodName, MealType, Calories, Protein, Carbs, Fat, Created, LastUpdate) values (249, 83, '2024-04-18', 'Yogurt', 'Brunch', 338, 32, 20, 28, CURRENT_TIMESTAMP, CURRENT_TIMESTAMP);
insert into FoodIntake (FoodID, UserID, Date, FoodName, MealType, Calories, Protein, Carbs, Fat, Created, LastUpdate) values (250, 99, '2024-05-13', 'Salad', 'Breakfast', 1116, 24, 48, 15, CURRENT_TIMESTAMP, CURRENT_TIMESTAMP);


-- Dumping data for MentalState table
insert into MentalState (StateID, UserID, Date, State, Created, LastUpdate) values (1, 15, '2024-02-17', 'Very unhappy', CURRENT_TIMESTAMP, CURRENT_TIMESTAMP);
insert into MentalState (StateID, UserID, Date, State, Created, LastUpdate) values (2, 39, '2024-01-11', 'Unhappy', CURRENT_TIMESTAMP, CURRENT_TIMESTAMP);
insert into MentalState (StateID, UserID, Date, State, Created, LastUpdate) values (3, 38, '2024-01-22', 'Very Happy', CURRENT_TIMESTAMP, CURRENT_TIMESTAMP);
insert into MentalState (StateID, UserID, Date, State, Created, LastUpdate) values (4, 39, '2024-06-15', 'Content', CURRENT_TIMESTAMP, CURRENT_TIMESTAMP);
insert into MentalState (StateID, UserID, Date, State, Created, LastUpdate) values (5, 20, '2024-01-21', 'Content', CURRENT_TIMESTAMP, CURRENT_TIMESTAMP);
insert into MentalState (StateID, UserID, Date, State, Created, LastUpdate) values (6, 68, '2024-09-09', 'Happy', CURRENT_TIMESTAMP, CURRENT_TIMESTAMP);
insert into MentalState (StateID, UserID, Date, State, Created, LastUpdate) values (7, 44, '2023-12-30', 'Very unhappy', CURRENT_TIMESTAMP, CURRENT_TIMESTAMP);
insert into MentalState (StateID, UserID, Date, State, Created, LastUpdate) values (8, 16, '2024-07-11', 'Unhappy', CURRENT_TIMESTAMP, CURRENT_TIMESTAMP);
insert into MentalState (StateID, UserID, Date, State, Created, LastUpdate) values (9, 79, '2024-07-20', 'Very Happy', CURRENT_TIMESTAMP, CURRENT_TIMESTAMP);
insert into MentalState (StateID, UserID, Date, State, Created, LastUpdate) values (10, 41, '2024-04-05', 'Content', CURRENT_TIMESTAMP, CURRENT_TIMESTAMP);
insert into MentalState (StateID, UserID, Date, State, Created, LastUpdate) values (11, 92, '2024-03-21', 'Content', CURRENT_TIMESTAMP, CURRENT_TIMESTAMP);
insert into MentalState (StateID, UserID, Date, State, Created, LastUpdate) values (12, 8, '2024-05-16', 'Happy', CURRENT_TIMESTAMP, CURRENT_TIMESTAMP);
insert into MentalState (StateID, UserID, Date, State, Created, LastUpdate) values (13, 26, '2024-11-16', 'Very unhappy', CURRENT_TIMESTAMP, CURRENT_TIMESTAMP);
insert into MentalState (StateID, UserID, Date, State, Created, LastUpdate) values (14, 51, '2024-05-13', 'Unhappy', CURRENT_TIMESTAMP, CURRENT_TIMESTAMP);
insert into MentalState (StateID, UserID, Date, State, Created, LastUpdate) values (15, 7, '2024-02-07', 'Very Happy', CURRENT_TIMESTAMP, CURRENT_TIMESTAMP);
insert into MentalState (StateID, UserID, Date, State, Created, LastUpdate) values (16, 84, '2024-06-14', 'Content', CURRENT_TIMESTAMP, CURRENT_TIMESTAMP);
insert into MentalState (StateID, UserID, Date, State, Created, LastUpdate) values (17, 51, '2024-03-19', 'Content', CURRENT_TIMESTAMP, CURRENT_TIMESTAMP);
insert into MentalState (StateID, UserID, Date, State, Created, LastUpdate) values (18, 99, '2024-07-24', 'Happy', CURRENT_TIMESTAMP, CURRENT_TIMESTAMP);
insert into MentalState (StateID, UserID, Date, State, Created, LastUpdate) values (19, 95, '2024-11-18', 'Very unhappy', CURRENT_TIMESTAMP, CURRENT_TIMESTAMP);
insert into MentalState (StateID, UserID, Date, State, Created, LastUpdate) values (20, 7, '2024-09-05', 'Unhappy', CURRENT_TIMESTAMP, CURRENT_TIMESTAMP);
insert into MentalState (StateID, UserID, Date, State, Created, LastUpdate) values (21, 27, '2024-01-08', 'Very Happy', CURRENT_TIMESTAMP, CURRENT_TIMESTAMP);
insert into MentalState (StateID, UserID, Date, State, Created, LastUpdate) values (22, 22, '2024-09-19', 'Content', CURRENT_TIMESTAMP, CURRENT_TIMESTAMP);
insert into MentalState (StateID, UserID, Date, State, Created, LastUpdate) values (23, 98, '2024-09-13', 'Content', CURRENT_TIMESTAMP, CURRENT_TIMESTAMP);
insert into MentalState (StateID, UserID, Date, State, Created, LastUpdate) values (24, 98, '2024-05-28', 'Happy', CURRENT_TIMESTAMP, CURRENT_TIMESTAMP);
insert into MentalState (StateID, UserID, Date, State, Created, LastUpdate) values (25, 46, '2024-01-13', 'Very unhappy', CURRENT_TIMESTAMP, CURRENT_TIMESTAMP);
insert into MentalState (StateID, UserID, Date, State, Created, LastUpdate) values (26, 42, '2024-05-15', 'Unhappy', CURRENT_TIMESTAMP, CURRENT_TIMESTAMP);
insert into MentalState (StateID, UserID, Date, State, Created, LastUpdate) values (27, 13, '2024-10-27', 'Very Happy', CURRENT_TIMESTAMP, CURRENT_TIMESTAMP);
insert into MentalState (StateID, UserID, Date, State, Created, LastUpdate) values (28, 56, '2024-02-25', 'Content', CURRENT_TIMESTAMP, CURRENT_TIMESTAMP);
insert into MentalState (StateID, UserID, Date, State, Created, LastUpdate) values (29, 92, '2024-06-08', 'Content', CURRENT_TIMESTAMP, CURRENT_TIMESTAMP);
insert into MentalState (StateID, UserID, Date, State, Created, LastUpdate) values (30, 30, '2024-08-13', 'Happy', CURRENT_TIMESTAMP, CURRENT_TIMESTAMP);
insert into MentalState (StateID, UserID, Date, State, Created, LastUpdate) values (31, 80, '2024-01-03', 'Very unhappy', CURRENT_TIMESTAMP, CURRENT_TIMESTAMP);
insert into MentalState (StateID, UserID, Date, State, Created, LastUpdate) values (32, 8, '2024-06-22', 'Unhappy', CURRENT_TIMESTAMP, CURRENT_TIMESTAMP);
insert into MentalState (StateID, UserID, Date, State, Created, LastUpdate) values (33, 32, '2024-07-26', 'Very Happy', CURRENT_TIMESTAMP, CURRENT_TIMESTAMP);
insert into MentalState (StateID, UserID, Date, State, Created, LastUpdate) values (34, 41, '2024-09-08', 'Content', CURRENT_TIMESTAMP, CURRENT_TIMESTAMP);
insert into MentalState (StateID, UserID, Date, State, Created, LastUpdate) values (35, 8, '2024-12-09', 'Content', CURRENT_TIMESTAMP, CURRENT_TIMESTAMP);
insert into MentalState (StateID, UserID, Date, State, Created, LastUpdate) values (36, 22, '2024-04-03', 'Happy', CURRENT_TIMESTAMP, CURRENT_TIMESTAMP);
insert into MentalState (StateID, UserID, Date, State, Created, LastUpdate) values (37, 52, '2024-05-22', 'Very unhappy', CURRENT_TIMESTAMP, CURRENT_TIMESTAMP);
insert into MentalState (StateID, UserID, Date, State, Created, LastUpdate) values (38, 74, '2024-10-17', 'Unhappy', CURRENT_TIMESTAMP, CURRENT_TIMESTAMP);
insert into MentalState (StateID, UserID, Date, State, Created, LastUpdate) values (39, 8, '2024-01-30', 'Very Happy', CURRENT_TIMESTAMP, CURRENT_TIMESTAMP);
insert into MentalState (StateID, UserID, Date, State, Created, LastUpdate) values (40, 49, '2024-04-21', 'Content', CURRENT_TIMESTAMP, CURRENT_TIMESTAMP);
insert into MentalState (StateID, UserID, Date, State, Created, LastUpdate) values (41, 84, '2024-12-09', 'Content', CURRENT_TIMESTAMP, CURRENT_TIMESTAMP);
insert into MentalState (StateID, UserID, Date, State, Created, LastUpdate) values (42, 5, '2024-10-06', 'Happy', CURRENT_TIMESTAMP, CURRENT_TIMESTAMP);
insert into MentalState (StateID, UserID, Date, State, Created, LastUpdate) values (43, 88, '2024-11-13', 'Very unhappy', CURRENT_TIMESTAMP, CURRENT_TIMESTAMP);
insert into MentalState (StateID, UserID, Date, State, Created, LastUpdate) values (44, 72, '2024-12-22', 'Unhappy', CURRENT_TIMESTAMP, CURRENT_TIMESTAMP);
insert into MentalState (StateID, UserID, Date, State, Created, LastUpdate) values (45, 40, '2024-05-14', 'Very Happy', CURRENT_TIMESTAMP, CURRENT_TIMESTAMP);
insert into MentalState (StateID, UserID, Date, State, Created, LastUpdate) values (46, 89, '2024-10-25', 'Content', CURRENT_TIMESTAMP, CURRENT_TIMESTAMP);
insert into MentalState (StateID, UserID, Date, State, Created, LastUpdate) values (47, 50, '2024-03-14', 'Content', CURRENT_TIMESTAMP, CURRENT_TIMESTAMP);
insert into MentalState (StateID, UserID, Date, State, Created, LastUpdate) values (48, 25, '2024-04-11', 'Happy', CURRENT_TIMESTAMP, CURRENT_TIMESTAMP);
insert into MentalState (StateID, UserID, Date, State, Created, LastUpdate) values (49, 80, '2024-10-27', 'Very unhappy', CURRENT_TIMESTAMP, CURRENT_TIMESTAMP);
insert into MentalState (StateID, UserID, Date, State, Created, LastUpdate) values (50, 25, '2024-08-07', 'Unhappy', CURRENT_TIMESTAMP, CURRENT_TIMESTAMP);
insert into MentalState (StateID, UserID, Date, State, Created, LastUpdate) values (51, 98, '2024-07-03', 'Very Happy', CURRENT_TIMESTAMP, CURRENT_TIMESTAMP);
insert into MentalState (StateID, UserID, Date, State, Created, LastUpdate) values (52, 30, '2024-07-31', 'Content', CURRENT_TIMESTAMP, CURRENT_TIMESTAMP);
insert into MentalState (StateID, UserID, Date, State, Created, LastUpdate) values (53, 53, '2024-11-10', 'Content', CURRENT_TIMESTAMP, CURRENT_TIMESTAMP);
insert into MentalState (StateID, UserID, Date, State, Created, LastUpdate) values (54, 95, '2024-11-26', 'Happy', CURRENT_TIMESTAMP, CURRENT_TIMESTAMP);
insert into MentalState (StateID, UserID, Date, State, Created, LastUpdate) values (55, 14, '2024-06-20', 'Very unhappy', CURRENT_TIMESTAMP, CURRENT_TIMESTAMP);
insert into MentalState (StateID, UserID, Date, State, Created, LastUpdate) values (56, 70, '2024-08-19', 'Unhappy', CURRENT_TIMESTAMP, CURRENT_TIMESTAMP);
insert into MentalState (StateID, UserID, Date, State, Created, LastUpdate) values (57, 43, '2024-04-07', 'Very Happy', CURRENT_TIMESTAMP, CURRENT_TIMESTAMP);
insert into MentalState (StateID, UserID, Date, State, Created, LastUpdate) values (58, 9, '2024-05-03', 'Content', CURRENT_TIMESTAMP, CURRENT_TIMESTAMP);
insert into MentalState (StateID, UserID, Date, State, Created, LastUpdate) values (59, 57, '2024-01-19', 'Content', CURRENT_TIMESTAMP, CURRENT_TIMESTAMP);
insert into MentalState (StateID, UserID, Date, State, Created, LastUpdate) values (60, 73, '2024-11-06', 'Happy', CURRENT_TIMESTAMP, CURRENT_TIMESTAMP);
insert into MentalState (StateID, UserID, Date, State, Created, LastUpdate) values (61, 1, '2024-03-28', 'Very unhappy', CURRENT_TIMESTAMP, CURRENT_TIMESTAMP);
insert into MentalState (StateID, UserID, Date, State, Created, LastUpdate) values (62, 81, '2024-04-27', 'Unhappy', CURRENT_TIMESTAMP, CURRENT_TIMESTAMP);
insert into MentalState (StateID, UserID, Date, State, Created, LastUpdate) values (63, 34, '2024-09-07', 'Very Happy', CURRENT_TIMESTAMP, CURRENT_TIMESTAMP);
insert into MentalState (StateID, UserID, Date, State, Created, LastUpdate) values (64, 21, '2024-07-15', 'Content', CURRENT_TIMESTAMP, CURRENT_TIMESTAMP);
insert into MentalState (StateID, UserID, Date, State, Created, LastUpdate) values (65, 63, '2024-09-21', 'Content', CURRENT_TIMESTAMP, CURRENT_TIMESTAMP);
insert into MentalState (StateID, UserID, Date, State, Created, LastUpdate) values (66, 22, '2024-01-20', 'Happy', CURRENT_TIMESTAMP, CURRENT_TIMESTAMP);
insert into MentalState (StateID, UserID, Date, State, Created, LastUpdate) values (67, 35, '2024-03-26', 'Very unhappy', CURRENT_TIMESTAMP, CURRENT_TIMESTAMP);
insert into MentalState (StateID, UserID, Date, State, Created, LastUpdate) values (68, 4, '2024-11-14', 'Unhappy', CURRENT_TIMESTAMP, CURRENT_TIMESTAMP);
insert into MentalState (StateID, UserID, Date, State, Created, LastUpdate) values (69, 100, '2024-08-24', 'Very Happy', CURRENT_TIMESTAMP, CURRENT_TIMESTAMP);
insert into MentalState (StateID, UserID, Date, State, Created, LastUpdate) values (70, 13, '2024-09-26', 'Content', CURRENT_TIMESTAMP, CURRENT_TIMESTAMP);
insert into MentalState (StateID, UserID, Date, State, Created, LastUpdate) values (71, 17, '2024-09-24', 'Content', CURRENT_TIMESTAMP, CURRENT_TIMESTAMP);
insert into MentalState (StateID, UserID, Date, State, Created, LastUpdate) values (72, 74, '2024-01-08', 'Happy', CURRENT_TIMESTAMP, CURRENT_TIMESTAMP);
insert into MentalState (StateID, UserID, Date, State, Created, LastUpdate) values (73, 50, '2024-05-05', 'Very unhappy', CURRENT_TIMESTAMP, CURRENT_TIMESTAMP);
insert into MentalState (StateID, UserID, Date, State, Created, LastUpdate) values (74, 64, '2024-12-02', 'Unhappy', CURRENT_TIMESTAMP, CURRENT_TIMESTAMP);
insert into MentalState (StateID, UserID, Date, State, Created, LastUpdate) values (75, 62, '2024-11-09', 'Very Happy', CURRENT_TIMESTAMP, CURRENT_TIMESTAMP);
insert into MentalState (StateID, UserID, Date, State, Created, LastUpdate) values (76, 96, '2024-02-28', 'Content', CURRENT_TIMESTAMP, CURRENT_TIMESTAMP);
insert into MentalState (StateID, UserID, Date, State, Created, LastUpdate) values (77, 49, '2024-01-05', 'Content', CURRENT_TIMESTAMP, CURRENT_TIMESTAMP);
insert into MentalState (StateID, UserID, Date, State, Created, LastUpdate) values (78, 82, '2024-06-10', 'Happy', CURRENT_TIMESTAMP, CURRENT_TIMESTAMP);
insert into MentalState (StateID, UserID, Date, State, Created, LastUpdate) values (79, 79, '2024-11-23', 'Very unhappy', CURRENT_TIMESTAMP, CURRENT_TIMESTAMP);
insert into MentalState (StateID, UserID, Date, State, Created, LastUpdate) values (80, 56, '2024-05-12', 'Unhappy', CURRENT_TIMESTAMP, CURRENT_TIMESTAMP);
insert into MentalState (StateID, UserID, Date, State, Created, LastUpdate) values (81, 69, '2024-10-22', 'Very Happy', CURRENT_TIMESTAMP, CURRENT_TIMESTAMP);
insert into MentalState (StateID, UserID, Date, State, Created, LastUpdate) values (82, 35, '2024-02-28', 'Content', CURRENT_TIMESTAMP, CURRENT_TIMESTAMP);
insert into MentalState (StateID, UserID, Date, State, Created, LastUpdate) values (83, 94, '2024-04-07', 'Content', CURRENT_TIMESTAMP, CURRENT_TIMESTAMP);
insert into MentalState (StateID, UserID, Date, State, Created, LastUpdate) values (84, 99, '2024-05-07', 'Happy', CURRENT_TIMESTAMP, CURRENT_TIMESTAMP);
insert into MentalState (StateID, UserID, Date, State, Created, LastUpdate) values (85, 24, '2024-02-07', 'Very unhappy', CURRENT_TIMESTAMP, CURRENT_TIMESTAMP);
insert into MentalState (StateID, UserID, Date, State, Created, LastUpdate) values (86, 98, '2024-01-20', 'Unhappy', CURRENT_TIMESTAMP, CURRENT_TIMESTAMP);
insert into MentalState (StateID, UserID, Date, State, Created, LastUpdate) values (87, 59, '2024-02-28', 'Very Happy', CURRENT_TIMESTAMP, CURRENT_TIMESTAMP);
insert into MentalState (StateID, UserID, Date, State, Created, LastUpdate) values (88, 22, '2024-05-07', 'Content', CURRENT_TIMESTAMP, CURRENT_TIMESTAMP);
insert into MentalState (StateID, UserID, Date, State, Created, LastUpdate) values (89, 15, '2024-07-06', 'Content', CURRENT_TIMESTAMP, CURRENT_TIMESTAMP);
insert into MentalState (StateID, UserID, Date, State, Created, LastUpdate) values (90, 51, '2024-02-19', 'Happy', CURRENT_TIMESTAMP, CURRENT_TIMESTAMP);
insert into MentalState (StateID, UserID, Date, State, Created, LastUpdate) values (91, 52, '2024-03-20', 'Very unhappy', CURRENT_TIMESTAMP, CURRENT_TIMESTAMP);
insert into MentalState (StateID, UserID, Date, State, Created, LastUpdate) values (92, 14, '2024-04-07', 'Unhappy', CURRENT_TIMESTAMP, CURRENT_TIMESTAMP);
insert into MentalState (StateID, UserID, Date, State, Created, LastUpdate) values (93, 77, '2024-08-24', 'Very Happy', CURRENT_TIMESTAMP, CURRENT_TIMESTAMP);
insert into MentalState (StateID, UserID, Date, State, Created, LastUpdate) values (94, 2, '2024-10-23', 'Content', CURRENT_TIMESTAMP, CURRENT_TIMESTAMP);
insert into MentalState (StateID, UserID, Date, State, Created, LastUpdate) values (95, 49, '2024-07-23', 'Content', CURRENT_TIMESTAMP, CURRENT_TIMESTAMP);
insert into MentalState (StateID, UserID, Date, State, Created, LastUpdate) values (96, 77, '2024-02-19', 'Happy', CURRENT_TIMESTAMP, CURRENT_TIMESTAMP);
insert into MentalState (StateID, UserID, Date, State, Created, LastUpdate) values (97, 5, '2024-01-23', 'Very unhappy', CURRENT_TIMESTAMP, CURRENT_TIMESTAMP);
insert into MentalState (StateID, UserID, Date, State, Created, LastUpdate) values (98, 63, '2024-06-16', 'Unhappy', CURRENT_TIMESTAMP, CURRENT_TIMESTAMP);
insert into MentalState (StateID, UserID, Date, State, Created, LastUpdate) values (99, 25, '2024-02-27', 'Very Happy', CURRENT_TIMESTAMP, CURRENT_TIMESTAMP);
insert into MentalState (StateID, UserID, Date, State, Created, LastUpdate) values (100, 63, '2024-10-03', 'Content', CURRENT_TIMESTAMP, CURRENT_TIMESTAMP);
insert into MentalState (StateID, UserID, Date, State, Created, LastUpdate) values (101, 33, '2023-12-31', 'Content', CURRENT_TIMESTAMP, CURRENT_TIMESTAMP);
insert into MentalState (StateID, UserID, Date, State, Created, LastUpdate) values (102, 40, '2024-01-06', 'Happy', CURRENT_TIMESTAMP, CURRENT_TIMESTAMP);
insert into MentalState (StateID, UserID, Date, State, Created, LastUpdate) values (103, 66, '2024-07-12', 'Very unhappy', CURRENT_TIMESTAMP, CURRENT_TIMESTAMP);
insert into MentalState (StateID, UserID, Date, State, Created, LastUpdate) values (104, 95, '2024-04-19', 'Unhappy', CURRENT_TIMESTAMP, CURRENT_TIMESTAMP);
insert into MentalState (StateID, UserID, Date, State, Created, LastUpdate) values (105, 40, '2024-04-18', 'Very Happy', CURRENT_TIMESTAMP, CURRENT_TIMESTAMP);
insert into MentalState (StateID, UserID, Date, State, Created, LastUpdate) values (106, 69, '2024-05-18', 'Content', CURRENT_TIMESTAMP, CURRENT_TIMESTAMP);
insert into MentalState (StateID, UserID, Date, State, Created, LastUpdate) values (107, 30, '2024-11-14', 'Content', CURRENT_TIMESTAMP, CURRENT_TIMESTAMP);
insert into MentalState (StateID, UserID, Date, State, Created, LastUpdate) values (108, 55, '2024-08-02', 'Happy', CURRENT_TIMESTAMP, CURRENT_TIMESTAMP);
insert into MentalState (StateID, UserID, Date, State, Created, LastUpdate) values (109, 4, '2024-06-23', 'Very unhappy', CURRENT_TIMESTAMP, CURRENT_TIMESTAMP);
insert into MentalState (StateID, UserID, Date, State, Created, LastUpdate) values (110, 26, '2024-05-01', 'Unhappy', CURRENT_TIMESTAMP, CURRENT_TIMESTAMP);
insert into MentalState (StateID, UserID, Date, State, Created, LastUpdate) values (111, 92, '2024-09-17', 'Very Happy', CURRENT_TIMESTAMP, CURRENT_TIMESTAMP);
insert into MentalState (StateID, UserID, Date, State, Created, LastUpdate) values (112, 20, '2024-03-21', 'Content', CURRENT_TIMESTAMP, CURRENT_TIMESTAMP);
insert into MentalState (StateID, UserID, Date, State, Created, LastUpdate) values (113, 79, '2024-01-08', 'Content', CURRENT_TIMESTAMP, CURRENT_TIMESTAMP);
insert into MentalState (StateID, UserID, Date, State, Created, LastUpdate) values (114, 93, '2024-12-21', 'Happy', CURRENT_TIMESTAMP, CURRENT_TIMESTAMP);
insert into MentalState (StateID, UserID, Date, State, Created, LastUpdate) values (115, 29, '2024-11-17', 'Very unhappy', CURRENT_TIMESTAMP, CURRENT_TIMESTAMP);
insert into MentalState (StateID, UserID, Date, State, Created, LastUpdate) values (116, 94, '2024-02-23', 'Unhappy', CURRENT_TIMESTAMP, CURRENT_TIMESTAMP);
insert into MentalState (StateID, UserID, Date, State, Created, LastUpdate) values (117, 39, '2024-04-11', 'Very Happy', CURRENT_TIMESTAMP, CURRENT_TIMESTAMP);
insert into MentalState (StateID, UserID, Date, State, Created, LastUpdate) values (118, 61, '2024-01-07', 'Content', CURRENT_TIMESTAMP, CURRENT_TIMESTAMP);
insert into MentalState (StateID, UserID, Date, State, Created, LastUpdate) values (119, 41, '2024-04-12', 'Content', CURRENT_TIMESTAMP, CURRENT_TIMESTAMP);
insert into MentalState (StateID, UserID, Date, State, Created, LastUpdate) values (120, 33, '2024-03-02', 'Happy', CURRENT_TIMESTAMP, CURRENT_TIMESTAMP);
insert into MentalState (StateID, UserID, Date, State, Created, LastUpdate) values (121, 1, '2024-02-29', 'Very unhappy', CURRENT_TIMESTAMP, CURRENT_TIMESTAMP);
insert into MentalState (StateID, UserID, Date, State, Created, LastUpdate) values (122, 79, '2024-08-28', 'Unhappy', CURRENT_TIMESTAMP, CURRENT_TIMESTAMP);
insert into MentalState (StateID, UserID, Date, State, Created, LastUpdate) values (123, 9, '2024-09-28', 'Very Happy', CURRENT_TIMESTAMP, CURRENT_TIMESTAMP);
insert into MentalState (StateID, UserID, Date, State, Created, LastUpdate) values (124, 63, '2024-10-07', 'Content', CURRENT_TIMESTAMP, CURRENT_TIMESTAMP);
insert into MentalState (StateID, UserID, Date, State, Created, LastUpdate) values (125, 27, '2024-10-03', 'Content', CURRENT_TIMESTAMP, CURRENT_TIMESTAMP);
insert into MentalState (StateID, UserID, Date, State, Created, LastUpdate) values (126, 85, '2024-11-14', 'Happy', CURRENT_TIMESTAMP, CURRENT_TIMESTAMP);
insert into MentalState (StateID, UserID, Date, State, Created, LastUpdate) values (127, 68, '2024-06-02', 'Very unhappy', CURRENT_TIMESTAMP, CURRENT_TIMESTAMP);
insert into MentalState (StateID, UserID, Date, State, Created, LastUpdate) values (128, 59, '2024-05-12', 'Unhappy', CURRENT_TIMESTAMP, CURRENT_TIMESTAMP);
insert into MentalState (StateID, UserID, Date, State, Created, LastUpdate) values (129, 44, '2024-02-19', 'Very Happy', CURRENT_TIMESTAMP, CURRENT_TIMESTAMP);
insert into MentalState (StateID, UserID, Date, State, Created, LastUpdate) values (130, 63, '2024-12-08', 'Content', CURRENT_TIMESTAMP, CURRENT_TIMESTAMP);
insert into MentalState (StateID, UserID, Date, State, Created, LastUpdate) values (131, 54, '2024-09-06', 'Content', CURRENT_TIMESTAMP, CURRENT_TIMESTAMP);
insert into MentalState (StateID, UserID, Date, State, Created, LastUpdate) values (132, 4, '2024-11-01', 'Happy', CURRENT_TIMESTAMP, CURRENT_TIMESTAMP);
insert into MentalState (StateID, UserID, Date, State, Created, LastUpdate) values (133, 47, '2024-11-07', 'Very unhappy', CURRENT_TIMESTAMP, CURRENT_TIMESTAMP);
insert into MentalState (StateID, UserID, Date, State, Created, LastUpdate) values (134, 89, '2024-07-23', 'Unhappy', CURRENT_TIMESTAMP, CURRENT_TIMESTAMP);
insert into MentalState (StateID, UserID, Date, State, Created, LastUpdate) values (135, 94, '2024-09-29', 'Very Happy', CURRENT_TIMESTAMP, CURRENT_TIMESTAMP);
insert into MentalState (StateID, UserID, Date, State, Created, LastUpdate) values (136, 34, '2024-11-27', 'Content', CURRENT_TIMESTAMP, CURRENT_TIMESTAMP);
insert into MentalState (StateID, UserID, Date, State, Created, LastUpdate) values (137, 57, '2024-01-18', 'Content', CURRENT_TIMESTAMP, CURRENT_TIMESTAMP);
insert into MentalState (StateID, UserID, Date, State, Created, LastUpdate) values (138, 81, '2024-06-01', 'Happy', CURRENT_TIMESTAMP, CURRENT_TIMESTAMP);
insert into MentalState (StateID, UserID, Date, State, Created, LastUpdate) values (139, 54, '2024-05-10', 'Very unhappy', CURRENT_TIMESTAMP, CURRENT_TIMESTAMP);
insert into MentalState (StateID, UserID, Date, State, Created, LastUpdate) values (140, 11, '2024-05-09', 'Unhappy', CURRENT_TIMESTAMP, CURRENT_TIMESTAMP);
insert into MentalState (StateID, UserID, Date, State, Created, LastUpdate) values (141, 23, '2024-03-26', 'Very Happy', CURRENT_TIMESTAMP, CURRENT_TIMESTAMP);
insert into MentalState (StateID, UserID, Date, State, Created, LastUpdate) values (142, 93, '2024-06-06', 'Content', CURRENT_TIMESTAMP, CURRENT_TIMESTAMP);
insert into MentalState (StateID, UserID, Date, State, Created, LastUpdate) values (143, 46, '2024-08-25', 'Content', CURRENT_TIMESTAMP, CURRENT_TIMESTAMP);
insert into MentalState (StateID, UserID, Date, State, Created, LastUpdate) values (144, 71, '2024-04-06', 'Happy', CURRENT_TIMESTAMP, CURRENT_TIMESTAMP);
insert into MentalState (StateID, UserID, Date, State, Created, LastUpdate) values (145, 16, '2024-10-18', 'Very unhappy', CURRENT_TIMESTAMP, CURRENT_TIMESTAMP);
insert into MentalState (StateID, UserID, Date, State, Created, LastUpdate) values (146, 93, '2024-07-31', 'Unhappy', CURRENT_TIMESTAMP, CURRENT_TIMESTAMP);
insert into MentalState (StateID, UserID, Date, State, Created, LastUpdate) values (147, 55, '2024-04-13', 'Very Happy', CURRENT_TIMESTAMP, CURRENT_TIMESTAMP);
insert into MentalState (StateID, UserID, Date, State, Created, LastUpdate) values (148, 86, '2024-07-05', 'Content', CURRENT_TIMESTAMP, CURRENT_TIMESTAMP);
insert into MentalState (StateID, UserID, Date, State, Created, LastUpdate) values (149, 57, '2024-03-17', 'Content', CURRENT_TIMESTAMP, CURRENT_TIMESTAMP);
insert into MentalState (StateID, UserID, Date, State, Created, LastUpdate) values (150, 15, '2024-01-11', 'Happy', CURRENT_TIMESTAMP, CURRENT_TIMESTAMP);
insert into MentalState (StateID, UserID, Date, State, Created, LastUpdate) values (151, 12, '2024-02-03', 'Very unhappy', CURRENT_TIMESTAMP, CURRENT_TIMESTAMP);
insert into MentalState (StateID, UserID, Date, State, Created, LastUpdate) values (152, 1, '2024-04-14', 'Unhappy', CURRENT_TIMESTAMP, CURRENT_TIMESTAMP);
insert into MentalState (StateID, UserID, Date, State, Created, LastUpdate) values (153, 56, '2024-10-29', 'Very Happy', CURRENT_TIMESTAMP, CURRENT_TIMESTAMP);
insert into MentalState (StateID, UserID, Date, State, Created, LastUpdate) values (154, 70, '2024-04-01', 'Content', CURRENT_TIMESTAMP, CURRENT_TIMESTAMP);
insert into MentalState (StateID, UserID, Date, State, Created, LastUpdate) values (155, 25, '2024-07-02', 'Content', CURRENT_TIMESTAMP, CURRENT_TIMESTAMP);
insert into MentalState (StateID, UserID, Date, State, Created, LastUpdate) values (156, 25, '2024-07-16', 'Happy', CURRENT_TIMESTAMP, CURRENT_TIMESTAMP);
insert into MentalState (StateID, UserID, Date, State, Created, LastUpdate) values (157, 44, '2024-08-11', 'Very unhappy', CURRENT_TIMESTAMP, CURRENT_TIMESTAMP);
insert into MentalState (StateID, UserID, Date, State, Created, LastUpdate) values (158, 68, '2024-02-27', 'Unhappy', CURRENT_TIMESTAMP, CURRENT_TIMESTAMP);
insert into MentalState (StateID, UserID, Date, State, Created, LastUpdate) values (159, 18, '2024-10-09', 'Very Happy', CURRENT_TIMESTAMP, CURRENT_TIMESTAMP);
insert into MentalState (StateID, UserID, Date, State, Created, LastUpdate) values (160, 86, '2024-06-11', 'Content', CURRENT_TIMESTAMP, CURRENT_TIMESTAMP);
insert into MentalState (StateID, UserID, Date, State, Created, LastUpdate) values (161, 83, '2024-04-20', 'Content', CURRENT_TIMESTAMP, CURRENT_TIMESTAMP);
insert into MentalState (StateID, UserID, Date, State, Created, LastUpdate) values (162, 87, '2024-09-03', 'Happy', CURRENT_TIMESTAMP, CURRENT_TIMESTAMP);
insert into MentalState (StateID, UserID, Date, State, Created, LastUpdate) values (163, 33, '2024-09-23', 'Very unhappy', CURRENT_TIMESTAMP, CURRENT_TIMESTAMP);
insert into MentalState (StateID, UserID, Date, State, Created, LastUpdate) values (164, 62, '2024-09-22', 'Unhappy', CURRENT_TIMESTAMP, CURRENT_TIMESTAMP);
insert into MentalState (StateID, UserID, Date, State, Created, LastUpdate) values (165, 12, '2024-01-17', 'Very Happy', CURRENT_TIMESTAMP, CURRENT_TIMESTAMP);
insert into MentalState (StateID, UserID, Date, State, Created, LastUpdate) values (166, 92, '2024-08-14', 'Content', CURRENT_TIMESTAMP, CURRENT_TIMESTAMP);
insert into MentalState (StateID, UserID, Date, State, Created, LastUpdate) values (167, 19, '2024-04-03', 'Content', CURRENT_TIMESTAMP, CURRENT_TIMESTAMP);
insert into MentalState (StateID, UserID, Date, State, Created, LastUpdate) values (168, 47, '2024-10-30', 'Happy', CURRENT_TIMESTAMP, CURRENT_TIMESTAMP);
insert into MentalState (StateID, UserID, Date, State, Created, LastUpdate) values (169, 14, '2024-01-01', 'Very unhappy', CURRENT_TIMESTAMP, CURRENT_TIMESTAMP);
insert into MentalState (StateID, UserID, Date, State, Created, LastUpdate) values (170, 87, '2024-09-16', 'Unhappy', CURRENT_TIMESTAMP, CURRENT_TIMESTAMP);
insert into MentalState (StateID, UserID, Date, State, Created, LastUpdate) values (171, 59, '2024-07-23', 'Very Happy', CURRENT_TIMESTAMP, CURRENT_TIMESTAMP);
insert into MentalState (StateID, UserID, Date, State, Created, LastUpdate) values (172, 56, '2024-06-10', 'Content', CURRENT_TIMESTAMP, CURRENT_TIMESTAMP);
insert into MentalState (StateID, UserID, Date, State, Created, LastUpdate) values (173, 25, '2024-10-03', 'Content', CURRENT_TIMESTAMP, CURRENT_TIMESTAMP);
insert into MentalState (StateID, UserID, Date, State, Created, LastUpdate) values (174, 45, '2024-04-17', 'Happy', CURRENT_TIMESTAMP, CURRENT_TIMESTAMP);
insert into MentalState (StateID, UserID, Date, State, Created, LastUpdate) values (175, 10, '2024-04-15', 'Very unhappy', CURRENT_TIMESTAMP, CURRENT_TIMESTAMP);
insert into MentalState (StateID, UserID, Date, State, Created, LastUpdate) values (176, 82, '2024-12-07', 'Unhappy', CURRENT_TIMESTAMP, CURRENT_TIMESTAMP);
insert into MentalState (StateID, UserID, Date, State, Created, LastUpdate) values (177, 11, '2024-04-12', 'Very Happy', CURRENT_TIMESTAMP, CURRENT_TIMESTAMP);
insert into MentalState (StateID, UserID, Date, State, Created, LastUpdate) values (178, 44, '2024-07-31', 'Content', CURRENT_TIMESTAMP, CURRENT_TIMESTAMP);
insert into MentalState (StateID, UserID, Date, State, Created, LastUpdate) values (179, 20, '2024-06-14', 'Content', CURRENT_TIMESTAMP, CURRENT_TIMESTAMP);
insert into MentalState (StateID, UserID, Date, State, Created, LastUpdate) values (180, 74, '2024-11-21', 'Happy', CURRENT_TIMESTAMP, CURRENT_TIMESTAMP);
insert into MentalState (StateID, UserID, Date, State, Created, LastUpdate) values (181, 48, '2024-01-09', 'Very unhappy', CURRENT_TIMESTAMP, CURRENT_TIMESTAMP);
insert into MentalState (StateID, UserID, Date, State, Created, LastUpdate) values (182, 27, '2024-09-29', 'Unhappy', CURRENT_TIMESTAMP, CURRENT_TIMESTAMP);
insert into MentalState (StateID, UserID, Date, State, Created, LastUpdate) values (183, 63, '2024-06-26', 'Very Happy', CURRENT_TIMESTAMP, CURRENT_TIMESTAMP);
insert into MentalState (StateID, UserID, Date, State, Created, LastUpdate) values (184, 49, '2024-04-01', 'Content', CURRENT_TIMESTAMP, CURRENT_TIMESTAMP);
insert into MentalState (StateID, UserID, Date, State, Created, LastUpdate) values (185, 16, '2024-10-09', 'Content', CURRENT_TIMESTAMP, CURRENT_TIMESTAMP);
insert into MentalState (StateID, UserID, Date, State, Created, LastUpdate) values (186, 2, '2024-05-07', 'Happy', CURRENT_TIMESTAMP, CURRENT_TIMESTAMP);
insert into MentalState (StateID, UserID, Date, State, Created, LastUpdate) values (187, 45, '2024-07-03', 'Very unhappy', CURRENT_TIMESTAMP, CURRENT_TIMESTAMP);
insert into MentalState (StateID, UserID, Date, State, Created, LastUpdate) values (188, 20, '2024-06-07', 'Unhappy', CURRENT_TIMESTAMP, CURRENT_TIMESTAMP);
insert into MentalState (StateID, UserID, Date, State, Created, LastUpdate) values (189, 80, '2024-07-19', 'Very Happy', CURRENT_TIMESTAMP, CURRENT_TIMESTAMP);
insert into MentalState (StateID, UserID, Date, State, Created, LastUpdate) values (190, 29, '2024-06-11', 'Content', CURRENT_TIMESTAMP, CURRENT_TIMESTAMP);
insert into MentalState (StateID, UserID, Date, State, Created, LastUpdate) values (191, 72, '2024-12-19', 'Content', CURRENT_TIMESTAMP, CURRENT_TIMESTAMP);
insert into MentalState (StateID, UserID, Date, State, Created, LastUpdate) values (192, 74, '2024-02-01', 'Happy', CURRENT_TIMESTAMP, CURRENT_TIMESTAMP);
insert into MentalState (StateID, UserID, Date, State, Created, LastUpdate) values (193, 15, '2024-03-22', 'Very unhappy', CURRENT_TIMESTAMP, CURRENT_TIMESTAMP);
insert into MentalState (StateID, UserID, Date, State, Created, LastUpdate) values (194, 75, '2024-03-23', 'Unhappy', CURRENT_TIMESTAMP, CURRENT_TIMESTAMP);
insert into MentalState (StateID, UserID, Date, State, Created, LastUpdate) values (195, 16, '2024-01-30', 'Very Happy', CURRENT_TIMESTAMP, CURRENT_TIMESTAMP);
insert into MentalState (StateID, UserID, Date, State, Created, LastUpdate) values (196, 75, '2024-11-09', 'Content', CURRENT_TIMESTAMP, CURRENT_TIMESTAMP);
insert into MentalState (StateID, UserID, Date, State, Created, LastUpdate) values (197, 100, '2024-02-02', 'Content', CURRENT_TIMESTAMP, CURRENT_TIMESTAMP);
insert into MentalState (StateID, UserID, Date, State, Created, LastUpdate) values (198, 94, '2024-09-10', 'Happy', CURRENT_TIMESTAMP, CURRENT_TIMESTAMP);
insert into MentalState (StateID, UserID, Date, State, Created, LastUpdate) values (199, 72, '2024-10-01', 'Very unhappy', CURRENT_TIMESTAMP, CURRENT_TIMESTAMP);
insert into MentalState (StateID, UserID, Date, State, Created, LastUpdate) values (200, 8, '2024-11-16', 'Unhappy', CURRENT_TIMESTAMP, CURRENT_TIMESTAMP);
insert into MentalState (StateID, UserID, Date, State, Created, LastUpdate) values (201, 83, '2024-03-30', 'Very Happy', CURRENT_TIMESTAMP, CURRENT_TIMESTAMP);
insert into MentalState (StateID, UserID, Date, State, Created, LastUpdate) values (202, 12, '2024-01-09', 'Content', CURRENT_TIMESTAMP, CURRENT_TIMESTAMP);
insert into MentalState (StateID, UserID, Date, State, Created, LastUpdate) values (203, 50, '2024-07-06', 'Content', CURRENT_TIMESTAMP, CURRENT_TIMESTAMP);
insert into MentalState (StateID, UserID, Date, State, Created, LastUpdate) values (204, 80, '2024-07-30', 'Happy', CURRENT_TIMESTAMP, CURRENT_TIMESTAMP);
insert into MentalState (StateID, UserID, Date, State, Created, LastUpdate) values (205, 98, '2024-05-27', 'Very unhappy', CURRENT_TIMESTAMP, CURRENT_TIMESTAMP);
insert into MentalState (StateID, UserID, Date, State, Created, LastUpdate) values (206, 15, '2024-03-04', 'Unhappy', CURRENT_TIMESTAMP, CURRENT_TIMESTAMP);
insert into MentalState (StateID, UserID, Date, State, Created, LastUpdate) values (207, 5, '2024-10-23', 'Very Happy', CURRENT_TIMESTAMP, CURRENT_TIMESTAMP);
insert into MentalState (StateID, UserID, Date, State, Created, LastUpdate) values (208, 42, '2024-09-06', 'Content', CURRENT_TIMESTAMP, CURRENT_TIMESTAMP);
insert into MentalState (StateID, UserID, Date, State, Created, LastUpdate) values (209, 21, '2024-09-26', 'Content', CURRENT_TIMESTAMP, CURRENT_TIMESTAMP);
insert into MentalState (StateID, UserID, Date, State, Created, LastUpdate) values (210, 42, '2024-05-28', 'Happy', CURRENT_TIMESTAMP, CURRENT_TIMESTAMP);
insert into MentalState (StateID, UserID, Date, State, Created, LastUpdate) values (211, 80, '2024-04-24', 'Very unhappy', CURRENT_TIMESTAMP, CURRENT_TIMESTAMP);
insert into MentalState (StateID, UserID, Date, State, Created, LastUpdate) values (212, 16, '2024-11-19', 'Unhappy', CURRENT_TIMESTAMP, CURRENT_TIMESTAMP);
insert into MentalState (StateID, UserID, Date, State, Created, LastUpdate) values (213, 42, '2024-12-23', 'Very Happy', CURRENT_TIMESTAMP, CURRENT_TIMESTAMP);
insert into MentalState (StateID, UserID, Date, State, Created, LastUpdate) values (214, 65, '2024-05-11', 'Content', CURRENT_TIMESTAMP, CURRENT_TIMESTAMP);
insert into MentalState (StateID, UserID, Date, State, Created, LastUpdate) values (215, 27, '2024-11-24', 'Content', CURRENT_TIMESTAMP, CURRENT_TIMESTAMP);
insert into MentalState (StateID, UserID, Date, State, Created, LastUpdate) values (216, 28, '2024-10-25', 'Happy', CURRENT_TIMESTAMP, CURRENT_TIMESTAMP);
insert into MentalState (StateID, UserID, Date, State, Created, LastUpdate) values (217, 77, '2024-04-25', 'Very unhappy', CURRENT_TIMESTAMP, CURRENT_TIMESTAMP);
insert into MentalState (StateID, UserID, Date, State, Created, LastUpdate) values (218, 31, '2024-08-29', 'Unhappy', CURRENT_TIMESTAMP, CURRENT_TIMESTAMP);
insert into MentalState (StateID, UserID, Date, State, Created, LastUpdate) values (219, 7, '2024-04-17', 'Very Happy', CURRENT_TIMESTAMP, CURRENT_TIMESTAMP);
insert into MentalState (StateID, UserID, Date, State, Created, LastUpdate) values (220, 19, '2024-04-14', 'Content', CURRENT_TIMESTAMP, CURRENT_TIMESTAMP);
insert into MentalState (StateID, UserID, Date, State, Created, LastUpdate) values (221, 39, '2024-09-27', 'Content', CURRENT_TIMESTAMP, CURRENT_TIMESTAMP);
insert into MentalState (StateID, UserID, Date, State, Created, LastUpdate) values (222, 66, '2024-05-12', 'Happy', CURRENT_TIMESTAMP, CURRENT_TIMESTAMP);
insert into MentalState (StateID, UserID, Date, State, Created, LastUpdate) values (223, 92, '2024-09-17', 'Very unhappy', CURRENT_TIMESTAMP, CURRENT_TIMESTAMP);
insert into MentalState (StateID, UserID, Date, State, Created, LastUpdate) values (224, 49, '2024-07-10', 'Unhappy', CURRENT_TIMESTAMP, CURRENT_TIMESTAMP);
insert into MentalState (StateID, UserID, Date, State, Created, LastUpdate) values (225, 98, '2024-03-09', 'Very Happy', CURRENT_TIMESTAMP, CURRENT_TIMESTAMP);
insert into MentalState (StateID, UserID, Date, State, Created, LastUpdate) values (226, 55, '2024-11-11', 'Content', CURRENT_TIMESTAMP, CURRENT_TIMESTAMP);
insert into MentalState (StateID, UserID, Date, State, Created, LastUpdate) values (227, 53, '2024-07-28', 'Content', CURRENT_TIMESTAMP, CURRENT_TIMESTAMP);
insert into MentalState (StateID, UserID, Date, State, Created, LastUpdate) values (228, 22, '2024-09-06', 'Happy', CURRENT_TIMESTAMP, CURRENT_TIMESTAMP);
insert into MentalState (StateID, UserID, Date, State, Created, LastUpdate) values (229, 80, '2024-09-24', 'Very unhappy', CURRENT_TIMESTAMP, CURRENT_TIMESTAMP);
insert into MentalState (StateID, UserID, Date, State, Created, LastUpdate) values (230, 6, '2024-08-27', 'Unhappy', CURRENT_TIMESTAMP, CURRENT_TIMESTAMP);
insert into MentalState (StateID, UserID, Date, State, Created, LastUpdate) values (231, 22, '2024-02-25', 'Very Happy', CURRENT_TIMESTAMP, CURRENT_TIMESTAMP);
insert into MentalState (StateID, UserID, Date, State, Created, LastUpdate) values (232, 47, '2024-07-17', 'Content', CURRENT_TIMESTAMP, CURRENT_TIMESTAMP);
insert into MentalState (StateID, UserID, Date, State, Created, LastUpdate) values (233, 89, '2024-02-15', 'Content', CURRENT_TIMESTAMP, CURRENT_TIMESTAMP);
insert into MentalState (StateID, UserID, Date, State, Created, LastUpdate) values (234, 54, '2024-11-27', 'Happy', CURRENT_TIMESTAMP, CURRENT_TIMESTAMP);
insert into MentalState (StateID, UserID, Date, State, Created, LastUpdate) values (235, 45, '2024-01-11', 'Very unhappy', CURRENT_TIMESTAMP, CURRENT_TIMESTAMP);
insert into MentalState (StateID, UserID, Date, State, Created, LastUpdate) values (236, 76, '2024-11-04', 'Unhappy', CURRENT_TIMESTAMP, CURRENT_TIMESTAMP);
insert into MentalState (StateID, UserID, Date, State, Created, LastUpdate) values (237, 93, '2024-10-14', 'Very Happy', CURRENT_TIMESTAMP, CURRENT_TIMESTAMP);
insert into MentalState (StateID, UserID, Date, State, Created, LastUpdate) values (238, 63, '2024-09-21', 'Content', CURRENT_TIMESTAMP, CURRENT_TIMESTAMP);
insert into MentalState (StateID, UserID, Date, State, Created, LastUpdate) values (239, 5, '2024-11-14', 'Content', CURRENT_TIMESTAMP, CURRENT_TIMESTAMP);
insert into MentalState (StateID, UserID, Date, State, Created, LastUpdate) values (240, 39, '2024-02-09', 'Happy', CURRENT_TIMESTAMP, CURRENT_TIMESTAMP);
insert into MentalState (StateID, UserID, Date, State, Created, LastUpdate) values (241, 47, '2024-01-02', 'Very unhappy', CURRENT_TIMESTAMP, CURRENT_TIMESTAMP);
insert into MentalState (StateID, UserID, Date, State, Created, LastUpdate) values (242, 37, '2024-11-17', 'Unhappy', CURRENT_TIMESTAMP, CURRENT_TIMESTAMP);
insert into MentalState (StateID, UserID, Date, State, Created, LastUpdate) values (243, 62, '2024-06-20', 'Very Happy', CURRENT_TIMESTAMP, CURRENT_TIMESTAMP);
insert into MentalState (StateID, UserID, Date, State, Created, LastUpdate) values (244, 62, '2024-10-17', 'Content', CURRENT_TIMESTAMP, CURRENT_TIMESTAMP);
insert into MentalState (StateID, UserID, Date, State, Created, LastUpdate) values (245, 78, '2024-12-07', 'Content', CURRENT_TIMESTAMP, CURRENT_TIMESTAMP);
insert into MentalState (StateID, UserID, Date, State, Created, LastUpdate) values (246, 5, '2024-12-10', 'Happy', CURRENT_TIMESTAMP, CURRENT_TIMESTAMP);
insert into MentalState (StateID, UserID, Date, State, Created, LastUpdate) values (247, 76, '2024-07-21', 'Very unhappy', CURRENT_TIMESTAMP, CURRENT_TIMESTAMP);
insert into MentalState (StateID, UserID, Date, State, Created, LastUpdate) values (248, 63, '2024-10-25', 'Unhappy', CURRENT_TIMESTAMP, CURRENT_TIMESTAMP);
insert into MentalState (StateID, UserID, Date, State, Created, LastUpdate) values (249, 78, '2024-11-29', 'Very Happy', CURRENT_TIMESTAMP, CURRENT_TIMESTAMP);
insert into MentalState (StateID, UserID, Date, State, Created, LastUpdate) values (250, 48, '2024-05-08', 'Content', CURRENT_TIMESTAMP, CURRENT_TIMESTAMP);


-- Dumping data for Chest Exercises
INSERT INTO Exercise VALUES
    (1, 'Push-up', 'Chest', 'Beginner', 'Compound', CURRENT_TIMESTAMP, CURRENT_TIMESTAMP),
    (2, 'Diamond Push Up', 'Chest', 'Intermediate', 'Compound', CURRENT_TIMESTAMP, CURRENT_TIMESTAMP),
    (3, 'Bench Press', 'Chest', 'Advanced', 'Compound', CURRENT_TIMESTAMP, CURRENT_TIMESTAMP),
    (4, 'Dumbbell Chest Fly', 'Chest', 'Intermediate', 'Isolation', CURRENT_TIMESTAMP, CURRENT_TIMESTAMP),
    (5, 'Incline Dumbbell Press', 'Chest', 'Intermediate', 'Compound', CURRENT_TIMESTAMP, CURRENT_TIMESTAMP),
    (6, 'Incline Machine Press', 'Chest', 'Intermediate', 'Compound', CURRENT_TIMESTAMP, CURRENT_TIMESTAMP),
    (7, 'Cable Crossover', 'Chest', 'Advanced', 'Isolation', CURRENT_TIMESTAMP, CURRENT_TIMESTAMP),
    (8, 'Chest Dip', 'Chest', 'Advanced', 'Compound', CURRENT_TIMESTAMP, CURRENT_TIMESTAMP),
    (9, 'Machine Fly', 'Chest', 'Intermediate', 'Isolation', CURRENT_TIMESTAMP, CURRENT_TIMESTAMP),
    (10, 'Decline Bench Press', 'Chest', 'Advanced', 'Compound', CURRENT_TIMESTAMP, CURRENT_TIMESTAMP);

-- Dumping data for Back Exercises
INSERT INTO Exercise VALUES
    (11, 'Bent-over Rows', 'Back', 'Intermediate', 'Compound', CURRENT_TIMESTAMP, CURRENT_TIMESTAMP),
    (12, 'Seated Cable Rows', 'Back', 'Intermediate', 'Compound', CURRENT_TIMESTAMP, CURRENT_TIMESTAMP),
    (13, 'Single Arm Dumbbell Row', 'Back', 'Intermediate', 'Compound', CURRENT_TIMESTAMP, CURRENT_TIMESTAMP),
    (14, 'Cable Pull-Overs', 'Back', 'Intermediate', 'Isolation', CURRENT_TIMESTAMP, CURRENT_TIMESTAMP),
    (15, 'Conventional Deadlift', 'Back', 'Advanced', 'Compound', CURRENT_TIMESTAMP, CURRENT_TIMESTAMP),
    (16, 'Sumo Deadlift', 'Back', 'Advanced', 'Compound', CURRENT_TIMESTAMP, CURRENT_TIMESTAMP),
    (17, 'Pull-ups', 'Back', 'Intermediate', 'Compound', CURRENT_TIMESTAMP, CURRENT_TIMESTAMP),
    (18, 'Lat Pulldowns', 'Back', 'Intermediate', 'Compound', CURRENT_TIMESTAMP, CURRENT_TIMESTAMP),
    (19, 'Rack Pulls', 'Back', 'Advanced', 'Compound', CURRENT_TIMESTAMP, CURRENT_TIMESTAMP),
    (20, 'Trap Bar Deadlift', 'Back', 'Advanced', 'Compound', CURRENT_TIMESTAMP, CURRENT_TIMESTAMP);

-- Dumping data for Bicep Exercises
INSERT INTO Exercise VALUES
    (21, 'Hammer Curl', 'Bicep', 'Intermediate', 'Isolation', CURRENT_TIMESTAMP, CURRENT_TIMESTAMP),
    (22, 'Bicep Curl', 'Bicep', 'Intermediate', 'Isolation', CURRENT_TIMESTAMP, CURRENT_TIMESTAMP),
    (23, 'Concentration Curl', 'Bicep', 'Intermediate', 'Isolation', CURRENT_TIMESTAMP, CURRENT_TIMESTAMP),
    (24, 'High Cable Curl', 'Bicep', 'Intermediate', 'Isolation', CURRENT_TIMESTAMP, CURRENT_TIMESTAMP),
    (25, 'Preacher Curl', 'Bicep', 'Intermediate', 'Isolation', CURRENT_TIMESTAMP, CURRENT_TIMESTAMP),
    (26, 'EZ Bar Curl', 'Bicep', 'Intermediate', 'Isolation', CURRENT_TIMESTAMP, CURRENT_TIMESTAMP),
    (27, 'Cable Rope Hammer Curl', 'Bicep', 'Intermediate', 'Isolation', CURRENT_TIMESTAMP, CURRENT_TIMESTAMP);

-- Dumping data for Tricep Exercises
INSERT INTO Exercise VALUES
    (28, 'Overhead Tricep Extensions', 'Tricep', 'Intermediate', 'Isolation', CURRENT_TIMESTAMP, CURRENT_TIMESTAMP),
    (29, 'Push-downs', 'Tricep', 'Intermediate', 'Isolation', CURRENT_TIMESTAMP, CURRENT_TIMESTAMP),
    (30, 'Bench Dips', 'Tricep', 'Intermediate', 'Compound', CURRENT_TIMESTAMP, CURRENT_TIMESTAMP),
    (31, 'Close Grip Push Up', 'Tricep', 'Intermediate', 'Compound', CURRENT_TIMESTAMP, CURRENT_TIMESTAMP),
    (32, 'Skull Crusher', 'Tricep', 'Intermediate', 'Isolation', CURRENT_TIMESTAMP, CURRENT_TIMESTAMP),
    (33, 'Machine Tricep Extension', 'Tricep', 'Intermediate', 'Isolation', CURRENT_TIMESTAMP, CURRENT_TIMESTAMP),
    (34, 'Close Grip Bench Press', 'Tricep', 'Intermediate', 'Compound', CURRENT_TIMESTAMP, CURRENT_TIMESTAMP);

-- Dumping data for Shoulder Exercises
INSERT INTO Exercise VALUES
    (35, 'Shoulder Press', 'Shoulder', 'Intermediate', 'Compound', CURRENT_TIMESTAMP, CURRENT_TIMESTAMP),
    (36, 'Lateral Raise', 'Shoulder', 'Intermediate', 'Isolation', CURRENT_TIMESTAMP, CURRENT_TIMESTAMP),
    (37, 'Dumbbell Front Raise', 'Shoulder', 'Intermediate', 'Isolation', CURRENT_TIMESTAMP, CURRENT_TIMESTAMP),
    (38, 'Face Pull', 'Shoulder', 'Intermediate', 'Isolation', CURRENT_TIMESTAMP, CURRENT_TIMESTAMP),
    (39, 'Arnold Press', 'Shoulder', 'Intermediate', 'Compound', CURRENT_TIMESTAMP, CURRENT_TIMESTAMP),
    (40, 'Barbell Military Press', 'Shoulder', 'Intermediate', 'Compound', CURRENT_TIMESTAMP, CURRENT_TIMESTAMP),
    (41, 'Barbell Upright Row', 'Shoulder', 'Intermediate', 'Compound', CURRENT_TIMESTAMP, CURRENT_TIMESTAMP),
    (42, 'Barbell Overhead Press', 'Shoulder', 'Intermediate', 'Compound', CURRENT_TIMESTAMP, CURRENT_TIMESTAMP),
    (43, 'Pull-up', 'Shoulder', 'Intermediate', 'Compound', CURRENT_TIMESTAMP, CURRENT_TIMESTAMP);

-- Dumping data for Leg Exercises
INSERT INTO Exercise VALUES
    (44, 'Bulgarian Split Squats', 'Leg', 'Intermediate', 'Compound', CURRENT_TIMESTAMP, CURRENT_TIMESTAMP),
    (45, 'Leg Press', 'Leg', 'Intermediate', 'Compound', CURRENT_TIMESTAMP, CURRENT_TIMESTAMP),
    (46, 'Romanian Deadlift', 'Leg', 'Intermediate', 'Compound', CURRENT_TIMESTAMP, CURRENT_TIMESTAMP),
    (47, 'Reverse Lunges', 'Leg', 'Intermediate', 'Compound', CURRENT_TIMESTAMP, CURRENT_TIMESTAMP),
    (48, 'Leg Extension', 'Leg', 'Intermediate', 'Isolation', CURRENT_TIMESTAMP, CURRENT_TIMESTAMP),
    (49, 'Side lunge', 'Leg', 'Intermediate', 'Compound', CURRENT_TIMESTAMP, CURRENT_TIMESTAMP),
    (50, 'Box Jump', 'Leg', 'Intermediate', 'Compound', CURRENT_TIMESTAMP, CURRENT_TIMESTAMP),
    (51, 'Bodyweight Squat', 'Leg', 'Beginner', 'Compound', CURRENT_TIMESTAMP, CURRENT_TIMESTAMP),
    (52, 'Barbell Squat', 'Leg', 'Intermediate', 'Compound', CURRENT_TIMESTAMP, CURRENT_TIMESTAMP),
    (53, 'Goblet Squat', 'Leg', 'Intermediate', 'Compound', CURRENT_TIMESTAMP, CURRENT_TIMESTAMP),
    (54, 'Hamstring Curl', 'Leg', 'Intermediate', 'Isolation', CURRENT_TIMESTAMP, CURRENT_TIMESTAMP),
    (55, 'Step-up', 'Leg', 'Intermediate', 'Compound', CURRENT_TIMESTAMP, CURRENT_TIMESTAMP),
    (56, 'Calf-raises', 'Leg', 'Intermediate', 'Isolation', CURRENT_TIMESTAMP, CURRENT_TIMESTAMP);

-- Dumping data for Abdominal Exercises
INSERT INTO Exercise VALUES
    (57, 'Ab wheel rollout', 'Abdominal', 'Intermediate', 'Isolation', CURRENT_TIMESTAMP, CURRENT_TIMESTAMP),
    (58, 'Arms-high partial sit up', 'Abdominal', 'Intermediate', 'Isolation', CURRENT_TIMESTAMP, CURRENT_TIMESTAMP),
    (59, 'Barbell Russian Twist', 'Abdominal', 'Intermediate', 'Isolation', CURRENT_TIMESTAMP, CURRENT_TIMESTAMP),
    (60, 'Leg Raises', 'Abdominal', 'Intermediate', 'Isolation', CURRENT_TIMESTAMP, CURRENT_TIMESTAMP),
    (61, 'Flutter Kick', 'Abdominal', 'Intermediate', 'Isolation', CURRENT_TIMESTAMP, CURRENT_TIMESTAMP),
    (62, 'Russian Twist', 'Abdominal', 'Intermediate', 'Isolation', CURRENT_TIMESTAMP, CURRENT_TIMESTAMP),
    (63, 'Mountain Climber', 'Abdominal', 'Intermediate', 'Compound', CURRENT_TIMESTAMP, CURRENT_TIMESTAMP),
    (64, 'Superman', 'Abdominal', 'Intermediate', 'Isolation', CURRENT_TIMESTAMP, CURRENT_TIMESTAMP),
    (65, 'Plank', 'Abdominal', 'Intermediate', 'Isolation', CURRENT_TIMESTAMP, CURRENT_TIMESTAMP),
    (66, 'Side Plank', 'Abdominal', 'Intermediate', 'Isolation', CURRENT_TIMESTAMP, CURRENT_TIMESTAMP),
    (67, 'Star Plank', 'Abdominal', 'Intermediate', 'Isolation', CURRENT_TIMESTAMP, CURRENT_TIMESTAMP),
    (68, 'Knee Raises', 'Abdominal', 'Intermediate', 'Isolation', CURRENT_TIMESTAMP, CURRENT_TIMESTAMP),
    (69, 'Crunches', 'Abdominal', 'Intermediate', 'Isolation', CURRENT_TIMESTAMP, CURRENT_TIMESTAMP),
    (70, 'Side Crunches', 'Abdominal', 'Intermediate', 'Isolation', CURRENT_TIMESTAMP, CURRENT_TIMESTAMP),
    (71, 'Reverse Crunches', 'Abdominal', 'Intermediate', 'Isolation', CURRENT_TIMESTAMP, CURRENT_TIMESTAMP),
    (72, 'V-ups', 'Abdominal', 'Intermediate', 'Isolation', CURRENT_TIMESTAMP, CURRENT_TIMESTAMP),
    (73, 'Sit-ups', 'Abdominal', 'Intermediate', 'Isolation', CURRENT_TIMESTAMP, CURRENT_TIMESTAMP);

-- Dumping data for WorkoutPlan table
insert into WorkoutPlan (PlanID, UserID, ExerciseID, DayOfWeek, Created, LastUpdate) values (1, 92, 73, 'Thursday', CURRENT_TIMESTAMP, CURRENT_TIMESTAMP);
insert into WorkoutPlan (PlanID, UserID, ExerciseID, DayOfWeek, Created, LastUpdate) values (2, 52, 36, 'Tuesday', CURRENT_TIMESTAMP, CURRENT_TIMESTAMP);
insert into WorkoutPlan (PlanID, UserID, ExerciseID, DayOfWeek, Created, LastUpdate) values (3, 12, 1, 'Tuesday', CURRENT_TIMESTAMP, CURRENT_TIMESTAMP);
insert into WorkoutPlan (PlanID, UserID, ExerciseID, DayOfWeek, Created, LastUpdate) values (4, 66, 2, 'Wednesday', CURRENT_TIMESTAMP, CURRENT_TIMESTAMP);
insert into WorkoutPlan (PlanID, UserID, ExerciseID, DayOfWeek, Created, LastUpdate) values (5, 11, 61, 'Sunday', CURRENT_TIMESTAMP, CURRENT_TIMESTAMP);
insert into WorkoutPlan (PlanID, UserID, ExerciseID, DayOfWeek, Created, LastUpdate) values (6, 28, 32, 'Friday', CURRENT_TIMESTAMP, CURRENT_TIMESTAMP);
insert into WorkoutPlan (PlanID, UserID, ExerciseID, DayOfWeek, Created, LastUpdate) values (7, 77, 13, 'Sunday', CURRENT_TIMESTAMP, CURRENT_TIMESTAMP);
insert into WorkoutPlan (PlanID, UserID, ExerciseID, DayOfWeek, Created, LastUpdate) values (8, 15, 24, 'Thursday', CURRENT_TIMESTAMP, CURRENT_TIMESTAMP);
insert into WorkoutPlan (PlanID, UserID, ExerciseID, DayOfWeek, Created, LastUpdate) values (9, 18, 15, 'Tuesday', CURRENT_TIMESTAMP, CURRENT_TIMESTAMP);
insert into WorkoutPlan (PlanID, UserID, ExerciseID, DayOfWeek, Created, LastUpdate) values (10, 71, 33, 'Sunday', CURRENT_TIMESTAMP, CURRENT_TIMESTAMP);
insert into WorkoutPlan (PlanID, UserID, ExerciseID, DayOfWeek, Created, LastUpdate) values (11, 33, 18, 'Friday', CURRENT_TIMESTAMP, CURRENT_TIMESTAMP);
insert into WorkoutPlan (PlanID, UserID, ExerciseID, DayOfWeek, Created, LastUpdate) values (12, 90, 54, 'Sunday', CURRENT_TIMESTAMP, CURRENT_TIMESTAMP);
insert into WorkoutPlan (PlanID, UserID, ExerciseID, DayOfWeek, Created, LastUpdate) values (13, 12, 25, 'Friday', CURRENT_TIMESTAMP, CURRENT_TIMESTAMP);
insert into WorkoutPlan (PlanID, UserID, ExerciseID, DayOfWeek, Created, LastUpdate) values (14, 64, 6, 'Sunday', CURRENT_TIMESTAMP, CURRENT_TIMESTAMP);
insert into WorkoutPlan (PlanID, UserID, ExerciseID, DayOfWeek, Created, LastUpdate) values (15, 45, 53, 'Friday', CURRENT_TIMESTAMP, CURRENT_TIMESTAMP);
insert into WorkoutPlan (PlanID, UserID, ExerciseID, DayOfWeek, Created, LastUpdate) values (16, 78, 6, 'Sunday', CURRENT_TIMESTAMP, CURRENT_TIMESTAMP);
insert into WorkoutPlan (PlanID, UserID, ExerciseID, DayOfWeek, Created, LastUpdate) values (17, 25, 6, 'Sunday', CURRENT_TIMESTAMP, CURRENT_TIMESTAMP);
insert into WorkoutPlan (PlanID, UserID, ExerciseID, DayOfWeek, Created, LastUpdate) values (18, 8, 60, 'Friday', CURRENT_TIMESTAMP, CURRENT_TIMESTAMP);
insert into WorkoutPlan (PlanID, UserID, ExerciseID, DayOfWeek, Created, LastUpdate) values (19, 37, 54, 'Sunday', CURRENT_TIMESTAMP, CURRENT_TIMESTAMP);
insert into WorkoutPlan (PlanID, UserID, ExerciseID, DayOfWeek, Created, LastUpdate) values (20, 9, 68, 'Sunday', CURRENT_TIMESTAMP, CURRENT_TIMESTAMP);
insert into WorkoutPlan (PlanID, UserID, ExerciseID, DayOfWeek, Created, LastUpdate) values (21, 58, 39, 'Friday', CURRENT_TIMESTAMP, CURRENT_TIMESTAMP);
insert into WorkoutPlan (PlanID, UserID, ExerciseID, DayOfWeek, Created, LastUpdate) values (22, 23, 3, 'Thursday', CURRENT_TIMESTAMP, CURRENT_TIMESTAMP);
insert into WorkoutPlan (PlanID, UserID, ExerciseID, DayOfWeek, Created, LastUpdate) values (23, 10, 70, 'Monday', CURRENT_TIMESTAMP, CURRENT_TIMESTAMP);
insert into WorkoutPlan (PlanID, UserID, ExerciseID, DayOfWeek, Created, LastUpdate) values (24, 32, 24, 'Thursday', CURRENT_TIMESTAMP, CURRENT_TIMESTAMP);
insert into WorkoutPlan (PlanID, UserID, ExerciseID, DayOfWeek, Created, LastUpdate) values (25, 48, 69, 'Sunday', CURRENT_TIMESTAMP, CURRENT_TIMESTAMP);
insert into WorkoutPlan (PlanID, UserID, ExerciseID, DayOfWeek, Created, LastUpdate) values (26, 57, 20, 'Sunday', CURRENT_TIMESTAMP, CURRENT_TIMESTAMP);
insert into WorkoutPlan (PlanID, UserID, ExerciseID, DayOfWeek, Created, LastUpdate) values (27, 46, 32, 'Friday', CURRENT_TIMESTAMP, CURRENT_TIMESTAMP);
insert into WorkoutPlan (PlanID, UserID, ExerciseID, DayOfWeek, Created, LastUpdate) values (28, 9, 26, 'Sunday', CURRENT_TIMESTAMP, CURRENT_TIMESTAMP);
insert into WorkoutPlan (PlanID, UserID, ExerciseID, DayOfWeek, Created, LastUpdate) values (29, 35, 41, 'Sunday', CURRENT_TIMESTAMP, CURRENT_TIMESTAMP);
insert into WorkoutPlan (PlanID, UserID, ExerciseID, DayOfWeek, Created, LastUpdate) values (30, 61, 72, 'Wednesday', CURRENT_TIMESTAMP, CURRENT_TIMESTAMP);
insert into WorkoutPlan (PlanID, UserID, ExerciseID, DayOfWeek, Created, LastUpdate) values (31, 21, 35, 'Monday', CURRENT_TIMESTAMP, CURRENT_TIMESTAMP);
insert into WorkoutPlan (PlanID, UserID, ExerciseID, DayOfWeek, Created, LastUpdate) values (32, 52, 17, 'Thursday', CURRENT_TIMESTAMP, CURRENT_TIMESTAMP);
insert into WorkoutPlan (PlanID, UserID, ExerciseID, DayOfWeek, Created, LastUpdate) values (33, 79, 73, 'Thursday', CURRENT_TIMESTAMP, CURRENT_TIMESTAMP);
insert into WorkoutPlan (PlanID, UserID, ExerciseID, DayOfWeek, Created, LastUpdate) values (34, 16, 32, 'Friday', CURRENT_TIMESTAMP, CURRENT_TIMESTAMP);
insert into WorkoutPlan (PlanID, UserID, ExerciseID, DayOfWeek, Created, LastUpdate) values (35, 5, 35, 'Monday', CURRENT_TIMESTAMP, CURRENT_TIMESTAMP);
insert into WorkoutPlan (PlanID, UserID, ExerciseID, DayOfWeek, Created, LastUpdate) values (36, 90, 61, 'Sunday', CURRENT_TIMESTAMP, CURRENT_TIMESTAMP);
insert into WorkoutPlan (PlanID, UserID, ExerciseID, DayOfWeek, Created, LastUpdate) values (37, 69, 29, 'Tuesday', CURRENT_TIMESTAMP, CURRENT_TIMESTAMP);
insert into WorkoutPlan (PlanID, UserID, ExerciseID, DayOfWeek, Created, LastUpdate) values (38, 72, 30, 'Wednesday', CURRENT_TIMESTAMP, CURRENT_TIMESTAMP);
insert into WorkoutPlan (PlanID, UserID, ExerciseID, DayOfWeek, Created, LastUpdate) values (39, 98, 57, 'Tuesday', CURRENT_TIMESTAMP, CURRENT_TIMESTAMP);
insert into WorkoutPlan (PlanID, UserID, ExerciseID, DayOfWeek, Created, LastUpdate) values (40, 3, 41, 'Sunday', CURRENT_TIMESTAMP, CURRENT_TIMESTAMP);
insert into WorkoutPlan (PlanID, UserID, ExerciseID, DayOfWeek, Created, LastUpdate) values (41, 41, 17, 'Thursday', CURRENT_TIMESTAMP, CURRENT_TIMESTAMP);
insert into WorkoutPlan (PlanID, UserID, ExerciseID, DayOfWeek, Created, LastUpdate) values (42, 83, 48, 'Sunday', CURRENT_TIMESTAMP, CURRENT_TIMESTAMP);
insert into WorkoutPlan (PlanID, UserID, ExerciseID, DayOfWeek, Created, LastUpdate) values (43, 7, 41, 'Sunday', CURRENT_TIMESTAMP, CURRENT_TIMESTAMP);
insert into WorkoutPlan (PlanID, UserID, ExerciseID, DayOfWeek, Created, LastUpdate) values (44, 43, 70, 'Monday', CURRENT_TIMESTAMP, CURRENT_TIMESTAMP);
insert into WorkoutPlan (PlanID, UserID, ExerciseID, DayOfWeek, Created, LastUpdate) values (45, 28, 44, 'Wednesday', CURRENT_TIMESTAMP, CURRENT_TIMESTAMP);
insert into WorkoutPlan (PlanID, UserID, ExerciseID, DayOfWeek, Created, LastUpdate) values (46, 41, 5, 'Sunday', CURRENT_TIMESTAMP, CURRENT_TIMESTAMP);
insert into WorkoutPlan (PlanID, UserID, ExerciseID, DayOfWeek, Created, LastUpdate) values (47, 37, 17, 'Thursday', CURRENT_TIMESTAMP, CURRENT_TIMESTAMP);
insert into WorkoutPlan (PlanID, UserID, ExerciseID, DayOfWeek, Created, LastUpdate) values (48, 37, 4, 'Friday', CURRENT_TIMESTAMP, CURRENT_TIMESTAMP);
insert into WorkoutPlan (PlanID, UserID, ExerciseID, DayOfWeek, Created, LastUpdate) values (49, 47, 18, 'Friday', CURRENT_TIMESTAMP, CURRENT_TIMESTAMP);
insert into WorkoutPlan (PlanID, UserID, ExerciseID, DayOfWeek, Created, LastUpdate) values (50, 37, 53, 'Friday', CURRENT_TIMESTAMP, CURRENT_TIMESTAMP);
insert into WorkoutPlan (PlanID, UserID, ExerciseID, DayOfWeek, Created, LastUpdate) values (51, 89, 70, 'Monday', CURRENT_TIMESTAMP, CURRENT_TIMESTAMP);
insert into WorkoutPlan (PlanID, UserID, ExerciseID, DayOfWeek, Created, LastUpdate) values (52, 41, 1, 'Tuesday', CURRENT_TIMESTAMP, CURRENT_TIMESTAMP);
insert into WorkoutPlan (PlanID, UserID, ExerciseID, DayOfWeek, Created, LastUpdate) values (53, 51, 25, 'Friday', CURRENT_TIMESTAMP, CURRENT_TIMESTAMP);
insert into WorkoutPlan (PlanID, UserID, ExerciseID, DayOfWeek, Created, LastUpdate) values (54, 94, 10, 'Thursday', CURRENT_TIMESTAMP, CURRENT_TIMESTAMP);
insert into WorkoutPlan (PlanID, UserID, ExerciseID, DayOfWeek, Created, LastUpdate) values (55, 95, 55, 'Sunday', CURRENT_TIMESTAMP, CURRENT_TIMESTAMP);
insert into WorkoutPlan (PlanID, UserID, ExerciseID, DayOfWeek, Created, LastUpdate) values (56, 8, 3, 'Thursday', CURRENT_TIMESTAMP, CURRENT_TIMESTAMP);
insert into WorkoutPlan (PlanID, UserID, ExerciseID, DayOfWeek, Created, LastUpdate) values (57, 23, 65, 'Wednesday', CURRENT_TIMESTAMP, CURRENT_TIMESTAMP);
insert into WorkoutPlan (PlanID, UserID, ExerciseID, DayOfWeek, Created, LastUpdate) values (58, 56, 61, 'Sunday', CURRENT_TIMESTAMP, CURRENT_TIMESTAMP);
insert into WorkoutPlan (PlanID, UserID, ExerciseID, DayOfWeek, Created, LastUpdate) values (59, 41, 45, 'Thursday', CURRENT_TIMESTAMP, CURRENT_TIMESTAMP);
insert into WorkoutPlan (PlanID, UserID, ExerciseID, DayOfWeek, Created, LastUpdate) values (60, 60, 33, 'Sunday', CURRENT_TIMESTAMP, CURRENT_TIMESTAMP);
insert into WorkoutPlan (PlanID, UserID, ExerciseID, DayOfWeek, Created, LastUpdate) values (61, 59, 62, 'Sunday', CURRENT_TIMESTAMP, CURRENT_TIMESTAMP);
insert into WorkoutPlan (PlanID, UserID, ExerciseID, DayOfWeek, Created, LastUpdate) values (62, 37, 64, 'Tuesday', CURRENT_TIMESTAMP, CURRENT_TIMESTAMP);
insert into WorkoutPlan (PlanID, UserID, ExerciseID, DayOfWeek, Created, LastUpdate) values (63, 30, 53, 'Friday', CURRENT_TIMESTAMP, CURRENT_TIMESTAMP);
insert into WorkoutPlan (PlanID, UserID, ExerciseID, DayOfWeek, Created, LastUpdate) values (64, 93, 25, 'Friday', CURRENT_TIMESTAMP, CURRENT_TIMESTAMP);
insert into WorkoutPlan (PlanID, UserID, ExerciseID, DayOfWeek, Created, LastUpdate) values (65, 63, 54, 'Sunday', CURRENT_TIMESTAMP, CURRENT_TIMESTAMP);
insert into WorkoutPlan (PlanID, UserID, ExerciseID, DayOfWeek, Created, LastUpdate) values (66, 97, 69, 'Sunday', CURRENT_TIMESTAMP, CURRENT_TIMESTAMP);
insert into WorkoutPlan (PlanID, UserID, ExerciseID, DayOfWeek, Created, LastUpdate) values (67, 16, 32, 'Friday', CURRENT_TIMESTAMP, CURRENT_TIMESTAMP);
insert into WorkoutPlan (PlanID, UserID, ExerciseID, DayOfWeek, Created, LastUpdate) values (68, 66, 59, 'Thursday', CURRENT_TIMESTAMP, CURRENT_TIMESTAMP);
insert into WorkoutPlan (PlanID, UserID, ExerciseID, DayOfWeek, Created, LastUpdate) values (69, 8, 15, 'Tuesday', CURRENT_TIMESTAMP, CURRENT_TIMESTAMP);
insert into WorkoutPlan (PlanID, UserID, ExerciseID, DayOfWeek, Created, LastUpdate) values (70, 20, 37, 'Wednesday', CURRENT_TIMESTAMP, CURRENT_TIMESTAMP);
insert into WorkoutPlan (PlanID, UserID, ExerciseID, DayOfWeek, Created, LastUpdate) values (71, 59, 15, 'Tuesday', CURRENT_TIMESTAMP, CURRENT_TIMESTAMP);
insert into WorkoutPlan (PlanID, UserID, ExerciseID, DayOfWeek, Created, LastUpdate) values (72, 27, 16, 'Wednesday', CURRENT_TIMESTAMP, CURRENT_TIMESTAMP);
insert into WorkoutPlan (PlanID, UserID, ExerciseID, DayOfWeek, Created, LastUpdate) values (73, 18, 24, 'Thursday', CURRENT_TIMESTAMP, CURRENT_TIMESTAMP);
insert into WorkoutPlan (PlanID, UserID, ExerciseID, DayOfWeek, Created, LastUpdate) values (74, 5, 44, 'Wednesday', CURRENT_TIMESTAMP, CURRENT_TIMESTAMP);
insert into WorkoutPlan (PlanID, UserID, ExerciseID, DayOfWeek, Created, LastUpdate) values (75, 89, 68, 'Sunday', CURRENT_TIMESTAMP, CURRENT_TIMESTAMP);
insert into WorkoutPlan (PlanID, UserID, ExerciseID, DayOfWeek, Created, LastUpdate) values (76, 29, 7, 'Monday', CURRENT_TIMESTAMP, CURRENT_TIMESTAMP);
insert into WorkoutPlan (PlanID, UserID, ExerciseID, DayOfWeek, Created, LastUpdate) values (77, 58, 11, 'Friday', CURRENT_TIMESTAMP, CURRENT_TIMESTAMP);
insert into WorkoutPlan (PlanID, UserID, ExerciseID, DayOfWeek, Created, LastUpdate) values (78, 3, 70, 'Monday', CURRENT_TIMESTAMP, CURRENT_TIMESTAMP);
insert into WorkoutPlan (PlanID, UserID, ExerciseID, DayOfWeek, Created, LastUpdate) values (79, 43, 49, 'Monday', CURRENT_TIMESTAMP, CURRENT_TIMESTAMP);
insert into WorkoutPlan (PlanID, UserID, ExerciseID, DayOfWeek, Created, LastUpdate) values (80, 35, 13, 'Sunday', CURRENT_TIMESTAMP, CURRENT_TIMESTAMP);
insert into WorkoutPlan (PlanID, UserID, ExerciseID, DayOfWeek, Created, LastUpdate) values (81, 22, 26, 'Sunday', CURRENT_TIMESTAMP, CURRENT_TIMESTAMP);
insert into WorkoutPlan (PlanID, UserID, ExerciseID, DayOfWeek, Created, LastUpdate) values (82, 62, 2, 'Wednesday', CURRENT_TIMESTAMP, CURRENT_TIMESTAMP);
insert into WorkoutPlan (PlanID, UserID, ExerciseID, DayOfWeek, Created, LastUpdate) values (83, 67, 51, 'Wednesday', CURRENT_TIMESTAMP, CURRENT_TIMESTAMP);
insert into WorkoutPlan (PlanID, UserID, ExerciseID, DayOfWeek, Created, LastUpdate) values (84, 92, 4, 'Friday', CURRENT_TIMESTAMP, CURRENT_TIMESTAMP);
insert into WorkoutPlan (PlanID, UserID, ExerciseID, DayOfWeek, Created, LastUpdate) values (85, 64, 23, 'Wednesday', CURRENT_TIMESTAMP, CURRENT_TIMESTAMP);
insert into WorkoutPlan (PlanID, UserID, ExerciseID, DayOfWeek, Created, LastUpdate) values (86, 23, 31, 'Thursday', CURRENT_TIMESTAMP, CURRENT_TIMESTAMP);
insert into WorkoutPlan (PlanID, UserID, ExerciseID, DayOfWeek, Created, LastUpdate) values (87, 78, 64, 'Tuesday', CURRENT_TIMESTAMP, CURRENT_TIMESTAMP);
insert into WorkoutPlan (PlanID, UserID, ExerciseID, DayOfWeek, Created, LastUpdate) values (88, 50, 40, 'Sunday', CURRENT_TIMESTAMP, CURRENT_TIMESTAMP);
insert into WorkoutPlan (PlanID, UserID, ExerciseID, DayOfWeek, Created, LastUpdate) values (89, 98, 49, 'Monday', CURRENT_TIMESTAMP, CURRENT_TIMESTAMP);
insert into WorkoutPlan (PlanID, UserID, ExerciseID, DayOfWeek, Created, LastUpdate) values (90, 18, 24, 'Thursday', CURRENT_TIMESTAMP, CURRENT_TIMESTAMP);
insert into WorkoutPlan (PlanID, UserID, ExerciseID, DayOfWeek, Created, LastUpdate) values (91, 57, 58, 'Wednesday', CURRENT_TIMESTAMP, CURRENT_TIMESTAMP);
insert into WorkoutPlan (PlanID, UserID, ExerciseID, DayOfWeek, Created, LastUpdate) values (92, 74, 26, 'Sunday', CURRENT_TIMESTAMP, CURRENT_TIMESTAMP);
insert into WorkoutPlan (PlanID, UserID, ExerciseID, DayOfWeek, Created, LastUpdate) values (93, 23, 27, 'Sunday', CURRENT_TIMESTAMP, CURRENT_TIMESTAMP);
insert into WorkoutPlan (PlanID, UserID, ExerciseID, DayOfWeek, Created, LastUpdate) values (94, 7, 19, 'Sunday', CURRENT_TIMESTAMP, CURRENT_TIMESTAMP);
insert into WorkoutPlan (PlanID, UserID, ExerciseID, DayOfWeek, Created, LastUpdate) values (95, 98, 66, 'Thursday', CURRENT_TIMESTAMP, CURRENT_TIMESTAMP);
insert into WorkoutPlan (PlanID, UserID, ExerciseID, DayOfWeek, Created, LastUpdate) values (96, 12, 34, 'Sunday', CURRENT_TIMESTAMP, CURRENT_TIMESTAMP);
insert into WorkoutPlan (PlanID, UserID, ExerciseID, DayOfWeek, Created, LastUpdate) values (97, 81, 22, 'Tuesday', CURRENT_TIMESTAMP, CURRENT_TIMESTAMP);
insert into WorkoutPlan (PlanID, UserID, ExerciseID, DayOfWeek, Created, LastUpdate) values (98, 50, 16, 'Wednesday', CURRENT_TIMESTAMP, CURRENT_TIMESTAMP);
insert into WorkoutPlan (PlanID, UserID, ExerciseID, DayOfWeek, Created, LastUpdate) values (99, 53, 8, 'Tuesday', CURRENT_TIMESTAMP, CURRENT_TIMESTAMP);
insert into WorkoutPlan (PlanID, UserID, ExerciseID, DayOfWeek, Created, LastUpdate) values (100, 79, 52, 'Thursday', CURRENT_TIMESTAMP, CURRENT_TIMESTAMP);
insert into WorkoutPlan (PlanID, UserID, ExerciseID, DayOfWeek, Created, LastUpdate) values (101, 65, 12, 'Sunday', CURRENT_TIMESTAMP, CURRENT_TIMESTAMP);
insert into WorkoutPlan (PlanID, UserID, ExerciseID, DayOfWeek, Created, LastUpdate) values (102, 18, 8, 'Tuesday', CURRENT_TIMESTAMP, CURRENT_TIMESTAMP);
insert into WorkoutPlan (PlanID, UserID, ExerciseID, DayOfWeek, Created, LastUpdate) values (103, 33, 13, 'Sunday', CURRENT_TIMESTAMP, CURRENT_TIMESTAMP);
insert into WorkoutPlan (PlanID, UserID, ExerciseID, DayOfWeek, Created, LastUpdate) values (104, 28, 37, 'Wednesday', CURRENT_TIMESTAMP, CURRENT_TIMESTAMP);
insert into WorkoutPlan (PlanID, UserID, ExerciseID, DayOfWeek, Created, LastUpdate) values (105, 32, 49, 'Monday', CURRENT_TIMESTAMP, CURRENT_TIMESTAMP);
insert into WorkoutPlan (PlanID, UserID, ExerciseID, DayOfWeek, Created, LastUpdate) values (106, 17, 10, 'Thursday', CURRENT_TIMESTAMP, CURRENT_TIMESTAMP);
insert into WorkoutPlan (PlanID, UserID, ExerciseID, DayOfWeek, Created, LastUpdate) values (107, 31, 30, 'Wednesday', CURRENT_TIMESTAMP, CURRENT_TIMESTAMP);
insert into WorkoutPlan (PlanID, UserID, ExerciseID, DayOfWeek, Created, LastUpdate) values (108, 16, 48, 'Sunday', CURRENT_TIMESTAMP, CURRENT_TIMESTAMP);
insert into WorkoutPlan (PlanID, UserID, ExerciseID, DayOfWeek, Created, LastUpdate) values (109, 98, 38, 'Thursday', CURRENT_TIMESTAMP, CURRENT_TIMESTAMP);
insert into WorkoutPlan (PlanID, UserID, ExerciseID, DayOfWeek, Created, LastUpdate) values (110, 92, 59, 'Thursday', CURRENT_TIMESTAMP, CURRENT_TIMESTAMP);
insert into WorkoutPlan (PlanID, UserID, ExerciseID, DayOfWeek, Created, LastUpdate) values (111, 50, 59, 'Thursday', CURRENT_TIMESTAMP, CURRENT_TIMESTAMP);
insert into WorkoutPlan (PlanID, UserID, ExerciseID, DayOfWeek, Created, LastUpdate) values (112, 96, 21, 'Monday', CURRENT_TIMESTAMP, CURRENT_TIMESTAMP);
insert into WorkoutPlan (PlanID, UserID, ExerciseID, DayOfWeek, Created, LastUpdate) values (113, 25, 52, 'Thursday', CURRENT_TIMESTAMP, CURRENT_TIMESTAMP);
insert into WorkoutPlan (PlanID, UserID, ExerciseID, DayOfWeek, Created, LastUpdate) values (114, 31, 9, 'Wednesday', CURRENT_TIMESTAMP, CURRENT_TIMESTAMP);
insert into WorkoutPlan (PlanID, UserID, ExerciseID, DayOfWeek, Created, LastUpdate) values (115, 93, 4, 'Friday', CURRENT_TIMESTAMP, CURRENT_TIMESTAMP);
insert into WorkoutPlan (PlanID, UserID, ExerciseID, DayOfWeek, Created, LastUpdate) values (116, 98, 28, 'Monday', CURRENT_TIMESTAMP, CURRENT_TIMESTAMP);
insert into WorkoutPlan (PlanID, UserID, ExerciseID, DayOfWeek, Created, LastUpdate) values (117, 29, 49, 'Monday', CURRENT_TIMESTAMP, CURRENT_TIMESTAMP);
insert into WorkoutPlan (PlanID, UserID, ExerciseID, DayOfWeek, Created, LastUpdate) values (118, 98, 5, 'Sunday', CURRENT_TIMESTAMP, CURRENT_TIMESTAMP);
insert into WorkoutPlan (PlanID, UserID, ExerciseID, DayOfWeek, Created, LastUpdate) values (119, 60, 46, 'Friday', CURRENT_TIMESTAMP, CURRENT_TIMESTAMP);
insert into WorkoutPlan (PlanID, UserID, ExerciseID, DayOfWeek, Created, LastUpdate) values (120, 28, 45, 'Thursday', CURRENT_TIMESTAMP, CURRENT_TIMESTAMP);
insert into WorkoutPlan (PlanID, UserID, ExerciseID, DayOfWeek, Created, LastUpdate) values (121, 60, 57, 'Tuesday', CURRENT_TIMESTAMP, CURRENT_TIMESTAMP);
insert into WorkoutPlan (PlanID, UserID, ExerciseID, DayOfWeek, Created, LastUpdate) values (122, 30, 24, 'Thursday', CURRENT_TIMESTAMP, CURRENT_TIMESTAMP);
insert into WorkoutPlan (PlanID, UserID, ExerciseID, DayOfWeek, Created, LastUpdate) values (123, 22, 26, 'Sunday', CURRENT_TIMESTAMP, CURRENT_TIMESTAMP);
insert into WorkoutPlan (PlanID, UserID, ExerciseID, DayOfWeek, Created, LastUpdate) values (124, 46, 40, 'Sunday', CURRENT_TIMESTAMP, CURRENT_TIMESTAMP);
insert into WorkoutPlan (PlanID, UserID, ExerciseID, DayOfWeek, Created, LastUpdate) values (125, 57, 52, 'Thursday', CURRENT_TIMESTAMP, CURRENT_TIMESTAMP);
insert into WorkoutPlan (PlanID, UserID, ExerciseID, DayOfWeek, Created, LastUpdate) values (126, 26, 46, 'Friday', CURRENT_TIMESTAMP, CURRENT_TIMESTAMP);
insert into WorkoutPlan (PlanID, UserID, ExerciseID, DayOfWeek, Created, LastUpdate) values (127, 94, 1, 'Tuesday', CURRENT_TIMESTAMP, CURRENT_TIMESTAMP);
insert into WorkoutPlan (PlanID, UserID, ExerciseID, DayOfWeek, Created, LastUpdate) values (128, 85, 54, 'Sunday', CURRENT_TIMESTAMP, CURRENT_TIMESTAMP);
insert into WorkoutPlan (PlanID, UserID, ExerciseID, DayOfWeek, Created, LastUpdate) values (129, 55, 58, 'Wednesday', CURRENT_TIMESTAMP, CURRENT_TIMESTAMP);
insert into WorkoutPlan (PlanID, UserID, ExerciseID, DayOfWeek, Created, LastUpdate) values (130, 81, 43, 'Tuesday', CURRENT_TIMESTAMP, CURRENT_TIMESTAMP);
insert into WorkoutPlan (PlanID, UserID, ExerciseID, DayOfWeek, Created, LastUpdate) values (131, 72, 54, 'Sunday', CURRENT_TIMESTAMP, CURRENT_TIMESTAMP);
insert into WorkoutPlan (PlanID, UserID, ExerciseID, DayOfWeek, Created, LastUpdate) values (132, 37, 34, 'Sunday', CURRENT_TIMESTAMP, CURRENT_TIMESTAMP);
insert into WorkoutPlan (PlanID, UserID, ExerciseID, DayOfWeek, Created, LastUpdate) values (133, 30, 20, 'Sunday', CURRENT_TIMESTAMP, CURRENT_TIMESTAMP);
insert into WorkoutPlan (PlanID, UserID, ExerciseID, DayOfWeek, Created, LastUpdate) values (134, 37, 60, 'Friday', CURRENT_TIMESTAMP, CURRENT_TIMESTAMP);
insert into WorkoutPlan (PlanID, UserID, ExerciseID, DayOfWeek, Created, LastUpdate) values (135, 54, 73, 'Thursday', CURRENT_TIMESTAMP, CURRENT_TIMESTAMP);
insert into WorkoutPlan (PlanID, UserID, ExerciseID, DayOfWeek, Created, LastUpdate) values (136, 46, 33, 'Sunday', CURRENT_TIMESTAMP, CURRENT_TIMESTAMP);
insert into WorkoutPlan (PlanID, UserID, ExerciseID, DayOfWeek, Created, LastUpdate) values (137, 76, 31, 'Thursday', CURRENT_TIMESTAMP, CURRENT_TIMESTAMP);
insert into WorkoutPlan (PlanID, UserID, ExerciseID, DayOfWeek, Created, LastUpdate) values (138, 92, 60, 'Friday', CURRENT_TIMESTAMP, CURRENT_TIMESTAMP);
insert into WorkoutPlan (PlanID, UserID, ExerciseID, DayOfWeek, Created, LastUpdate) values (139, 57, 72, 'Wednesday', CURRENT_TIMESTAMP, CURRENT_TIMESTAMP);
insert into WorkoutPlan (PlanID, UserID, ExerciseID, DayOfWeek, Created, LastUpdate) values (140, 97, 30, 'Wednesday', CURRENT_TIMESTAMP, CURRENT_TIMESTAMP);
insert into WorkoutPlan (PlanID, UserID, ExerciseID, DayOfWeek, Created, LastUpdate) values (141, 5, 62, 'Sunday', CURRENT_TIMESTAMP, CURRENT_TIMESTAMP);
insert into WorkoutPlan (PlanID, UserID, ExerciseID, DayOfWeek, Created, LastUpdate) values (142, 72, 51, 'Wednesday', CURRENT_TIMESTAMP, CURRENT_TIMESTAMP);
insert into WorkoutPlan (PlanID, UserID, ExerciseID, DayOfWeek, Created, LastUpdate) values (143, 66, 63, 'Monday', CURRENT_TIMESTAMP, CURRENT_TIMESTAMP);
insert into WorkoutPlan (PlanID, UserID, ExerciseID, DayOfWeek, Created, LastUpdate) values (144, 24, 42, 'Monday', CURRENT_TIMESTAMP, CURRENT_TIMESTAMP);
insert into WorkoutPlan (PlanID, UserID, ExerciseID, DayOfWeek, Created, LastUpdate) values (145, 92, 19, 'Sunday', CURRENT_TIMESTAMP, CURRENT_TIMESTAMP);
insert into WorkoutPlan (PlanID, UserID, ExerciseID, DayOfWeek, Created, LastUpdate) values (146, 71, 65, 'Wednesday', CURRENT_TIMESTAMP, CURRENT_TIMESTAMP);
insert into WorkoutPlan (PlanID, UserID, ExerciseID, DayOfWeek, Created, LastUpdate) values (147, 26, 66, 'Thursday', CURRENT_TIMESTAMP, CURRENT_TIMESTAMP);
insert into WorkoutPlan (PlanID, UserID, ExerciseID, DayOfWeek, Created, LastUpdate) values (148, 15, 49, 'Monday', CURRENT_TIMESTAMP, CURRENT_TIMESTAMP);
insert into WorkoutPlan (PlanID, UserID, ExerciseID, DayOfWeek, Created, LastUpdate) values (149, 41, 6, 'Sunday', CURRENT_TIMESTAMP, CURRENT_TIMESTAMP);
insert into WorkoutPlan (PlanID, UserID, ExerciseID, DayOfWeek, Created, LastUpdate) values (150, 15, 46, 'Friday', CURRENT_TIMESTAMP, CURRENT_TIMESTAMP);
insert into WorkoutPlan (PlanID, UserID, ExerciseID, DayOfWeek, Created, LastUpdate) values (151, 62, 24, 'Thursday', CURRENT_TIMESTAMP, CURRENT_TIMESTAMP);
insert into WorkoutPlan (PlanID, UserID, ExerciseID, DayOfWeek, Created, LastUpdate) values (152, 71, 48, 'Sunday', CURRENT_TIMESTAMP, CURRENT_TIMESTAMP);
insert into WorkoutPlan (PlanID, UserID, ExerciseID, DayOfWeek, Created, LastUpdate) values (153, 13, 59, 'Thursday', CURRENT_TIMESTAMP, CURRENT_TIMESTAMP);
insert into WorkoutPlan (PlanID, UserID, ExerciseID, DayOfWeek, Created, LastUpdate) values (154, 20, 47, 'Sunday', CURRENT_TIMESTAMP, CURRENT_TIMESTAMP);
insert into WorkoutPlan (PlanID, UserID, ExerciseID, DayOfWeek, Created, LastUpdate) values (155, 78, 33, 'Sunday', CURRENT_TIMESTAMP, CURRENT_TIMESTAMP);
insert into WorkoutPlan (PlanID, UserID, ExerciseID, DayOfWeek, Created, LastUpdate) values (156, 37, 15, 'Tuesday', CURRENT_TIMESTAMP, CURRENT_TIMESTAMP);
insert into WorkoutPlan (PlanID, UserID, ExerciseID, DayOfWeek, Created, LastUpdate) values (157, 13, 68, 'Sunday', CURRENT_TIMESTAMP, CURRENT_TIMESTAMP);
insert into WorkoutPlan (PlanID, UserID, ExerciseID, DayOfWeek, Created, LastUpdate) values (158, 50, 60, 'Friday', CURRENT_TIMESTAMP, CURRENT_TIMESTAMP);
insert into WorkoutPlan (PlanID, UserID, ExerciseID, DayOfWeek, Created, LastUpdate) values (159, 25, 60, 'Friday', CURRENT_TIMESTAMP, CURRENT_TIMESTAMP);
insert into WorkoutPlan (PlanID, UserID, ExerciseID, DayOfWeek, Created, LastUpdate) values (160, 55, 17, 'Thursday', CURRENT_TIMESTAMP, CURRENT_TIMESTAMP);
insert into WorkoutPlan (PlanID, UserID, ExerciseID, DayOfWeek, Created, LastUpdate) values (161, 82, 64, 'Tuesday', CURRENT_TIMESTAMP, CURRENT_TIMESTAMP);
insert into WorkoutPlan (PlanID, UserID, ExerciseID, DayOfWeek, Created, LastUpdate) values (162, 19, 47, 'Sunday', CURRENT_TIMESTAMP, CURRENT_TIMESTAMP);
insert into WorkoutPlan (PlanID, UserID, ExerciseID, DayOfWeek, Created, LastUpdate) values (163, 48, 50, 'Tuesday', CURRENT_TIMESTAMP, CURRENT_TIMESTAMP);
insert into WorkoutPlan (PlanID, UserID, ExerciseID, DayOfWeek, Created, LastUpdate) values (164, 24, 9, 'Wednesday', CURRENT_TIMESTAMP, CURRENT_TIMESTAMP);
insert into WorkoutPlan (PlanID, UserID, ExerciseID, DayOfWeek, Created, LastUpdate) values (165, 11, 63, 'Monday', CURRENT_TIMESTAMP, CURRENT_TIMESTAMP);
insert into WorkoutPlan (PlanID, UserID, ExerciseID, DayOfWeek, Created, LastUpdate) values (166, 3, 53, 'Friday', CURRENT_TIMESTAMP, CURRENT_TIMESTAMP);
insert into WorkoutPlan (PlanID, UserID, ExerciseID, DayOfWeek, Created, LastUpdate) values (167, 6, 73, 'Thursday', CURRENT_TIMESTAMP, CURRENT_TIMESTAMP);
insert into WorkoutPlan (PlanID, UserID, ExerciseID, DayOfWeek, Created, LastUpdate) values (168, 3, 47, 'Sunday', CURRENT_TIMESTAMP, CURRENT_TIMESTAMP);
insert into WorkoutPlan (PlanID, UserID, ExerciseID, DayOfWeek, Created, LastUpdate) values (169, 20, 65, 'Wednesday', CURRENT_TIMESTAMP, CURRENT_TIMESTAMP);
insert into WorkoutPlan (PlanID, UserID, ExerciseID, DayOfWeek, Created, LastUpdate) values (170, 65, 20, 'Sunday', CURRENT_TIMESTAMP, CURRENT_TIMESTAMP);
insert into WorkoutPlan (PlanID, UserID, ExerciseID, DayOfWeek, Created, LastUpdate) values (171, 28, 46, 'Friday', CURRENT_TIMESTAMP, CURRENT_TIMESTAMP);
insert into WorkoutPlan (PlanID, UserID, ExerciseID, DayOfWeek, Created, LastUpdate) values (172, 81, 13, 'Sunday', CURRENT_TIMESTAMP, CURRENT_TIMESTAMP);
insert into WorkoutPlan (PlanID, UserID, ExerciseID, DayOfWeek, Created, LastUpdate) values (173, 10, 31, 'Thursday', CURRENT_TIMESTAMP, CURRENT_TIMESTAMP);
insert into WorkoutPlan (PlanID, UserID, ExerciseID, DayOfWeek, Created, LastUpdate) values (174, 50, 1, 'Tuesday', CURRENT_TIMESTAMP, CURRENT_TIMESTAMP);
insert into WorkoutPlan (PlanID, UserID, ExerciseID, DayOfWeek, Created, LastUpdate) values (175, 6, 41, 'Sunday', CURRENT_TIMESTAMP, CURRENT_TIMESTAMP);
insert into WorkoutPlan (PlanID, UserID, ExerciseID, DayOfWeek, Created, LastUpdate) values (176, 7, 72, 'Wednesday', CURRENT_TIMESTAMP, CURRENT_TIMESTAMP);
insert into WorkoutPlan (PlanID, UserID, ExerciseID, DayOfWeek, Created, LastUpdate) values (177, 19, 9, 'Wednesday', CURRENT_TIMESTAMP, CURRENT_TIMESTAMP);
insert into WorkoutPlan (PlanID, UserID, ExerciseID, DayOfWeek, Created, LastUpdate) values (178, 4, 24, 'Thursday', CURRENT_TIMESTAMP, CURRENT_TIMESTAMP);
insert into WorkoutPlan (PlanID, UserID, ExerciseID, DayOfWeek, Created, LastUpdate) values (179, 57, 25, 'Friday', CURRENT_TIMESTAMP, CURRENT_TIMESTAMP);
insert into WorkoutPlan (PlanID, UserID, ExerciseID, DayOfWeek, Created, LastUpdate) values (180, 96, 14, 'Monday', CURRENT_TIMESTAMP, CURRENT_TIMESTAMP);
insert into WorkoutPlan (PlanID, UserID, ExerciseID, DayOfWeek, Created, LastUpdate) values (181, 29, 14, 'Monday', CURRENT_TIMESTAMP, CURRENT_TIMESTAMP);
insert into WorkoutPlan (PlanID, UserID, ExerciseID, DayOfWeek, Created, LastUpdate) values (182, 74, 38, 'Thursday', CURRENT_TIMESTAMP, CURRENT_TIMESTAMP);
insert into WorkoutPlan (PlanID, UserID, ExerciseID, DayOfWeek, Created, LastUpdate) values (183, 24, 8, 'Tuesday', CURRENT_TIMESTAMP, CURRENT_TIMESTAMP);
insert into WorkoutPlan (PlanID, UserID, ExerciseID, DayOfWeek, Created, LastUpdate) values (184, 80, 53, 'Friday', CURRENT_TIMESTAMP, CURRENT_TIMESTAMP);
insert into WorkoutPlan (PlanID, UserID, ExerciseID, DayOfWeek, Created, LastUpdate) values (185, 94, 14, 'Monday', CURRENT_TIMESTAMP, CURRENT_TIMESTAMP);
insert into WorkoutPlan (PlanID, UserID, ExerciseID, DayOfWeek, Created, LastUpdate) values (186, 22, 34, 'Sunday', CURRENT_TIMESTAMP, CURRENT_TIMESTAMP);
insert into WorkoutPlan (PlanID, UserID, ExerciseID, DayOfWeek, Created, LastUpdate) values (187, 48, 42, 'Monday', CURRENT_TIMESTAMP, CURRENT_TIMESTAMP);
insert into WorkoutPlan (PlanID, UserID, ExerciseID, DayOfWeek, Created, LastUpdate) values (188, 87, 67, 'Friday', CURRENT_TIMESTAMP, CURRENT_TIMESTAMP);
insert into WorkoutPlan (PlanID, UserID, ExerciseID, DayOfWeek, Created, LastUpdate) values (189, 56, 14, 'Monday', CURRENT_TIMESTAMP, CURRENT_TIMESTAMP);
insert into WorkoutPlan (PlanID, UserID, ExerciseID, DayOfWeek, Created, LastUpdate) values (190, 58, 5, 'Sunday', CURRENT_TIMESTAMP, CURRENT_TIMESTAMP);
insert into WorkoutPlan (PlanID, UserID, ExerciseID, DayOfWeek, Created, LastUpdate) values (191, 36, 21, 'Monday', CURRENT_TIMESTAMP, CURRENT_TIMESTAMP);
insert into WorkoutPlan (PlanID, UserID, ExerciseID, DayOfWeek, Created, LastUpdate) values (192, 55, 59, 'Thursday', CURRENT_TIMESTAMP, CURRENT_TIMESTAMP);
insert into WorkoutPlan (PlanID, UserID, ExerciseID, DayOfWeek, Created, LastUpdate) values (193, 14, 32, 'Friday', CURRENT_TIMESTAMP, CURRENT_TIMESTAMP);
insert into WorkoutPlan (PlanID, UserID, ExerciseID, DayOfWeek, Created, LastUpdate) values (194, 68, 31, 'Thursday', CURRENT_TIMESTAMP, CURRENT_TIMESTAMP);
insert into WorkoutPlan (PlanID, UserID, ExerciseID, DayOfWeek, Created, LastUpdate) values (195, 58, 7, 'Monday', CURRENT_TIMESTAMP, CURRENT_TIMESTAMP);
insert into WorkoutPlan (PlanID, UserID, ExerciseID, DayOfWeek, Created, LastUpdate) values (196, 63, 71, 'Tuesday', CURRENT_TIMESTAMP, CURRENT_TIMESTAMP);
insert into WorkoutPlan (PlanID, UserID, ExerciseID, DayOfWeek, Created, LastUpdate) values (197, 91, 66, 'Thursday', CURRENT_TIMESTAMP, CURRENT_TIMESTAMP);
insert into WorkoutPlan (PlanID, UserID, ExerciseID, DayOfWeek, Created, LastUpdate) values (198, 65, 7, 'Monday', CURRENT_TIMESTAMP, CURRENT_TIMESTAMP);
insert into WorkoutPlan (PlanID, UserID, ExerciseID, DayOfWeek, Created, LastUpdate) values (199, 52, 28, 'Monday', CURRENT_TIMESTAMP, CURRENT_TIMESTAMP);
insert into WorkoutPlan (PlanID, UserID, ExerciseID, DayOfWeek, Created, LastUpdate) values (200, 71, 30, 'Wednesday', CURRENT_TIMESTAMP, CURRENT_TIMESTAMP);
insert into WorkoutPlan (PlanID, UserID, ExerciseID, DayOfWeek, Created, LastUpdate) values (201, 89, 14, 'Monday', CURRENT_TIMESTAMP, CURRENT_TIMESTAMP);
insert into WorkoutPlan (PlanID, UserID, ExerciseID, DayOfWeek, Created, LastUpdate) values (202, 62, 21, 'Monday', CURRENT_TIMESTAMP, CURRENT_TIMESTAMP);
insert into WorkoutPlan (PlanID, UserID, ExerciseID, DayOfWeek, Created, LastUpdate) values (203, 85, 20, 'Sunday', CURRENT_TIMESTAMP, CURRENT_TIMESTAMP);
insert into WorkoutPlan (PlanID, UserID, ExerciseID, DayOfWeek, Created, LastUpdate) values (204, 91, 67, 'Friday', CURRENT_TIMESTAMP, CURRENT_TIMESTAMP);
insert into WorkoutPlan (PlanID, UserID, ExerciseID, DayOfWeek, Created, LastUpdate) values (205, 89, 52, 'Thursday', CURRENT_TIMESTAMP, CURRENT_TIMESTAMP);
insert into WorkoutPlan (PlanID, UserID, ExerciseID, DayOfWeek, Created, LastUpdate) values (206, 75, 29, 'Tuesday', CURRENT_TIMESTAMP, CURRENT_TIMESTAMP);
insert into WorkoutPlan (PlanID, UserID, ExerciseID, DayOfWeek, Created, LastUpdate) values (207, 39, 53, 'Friday', CURRENT_TIMESTAMP, CURRENT_TIMESTAMP);
insert into WorkoutPlan (PlanID, UserID, ExerciseID, DayOfWeek, Created, LastUpdate) values (208, 36, 29, 'Tuesday', CURRENT_TIMESTAMP, CURRENT_TIMESTAMP);
insert into WorkoutPlan (PlanID, UserID, ExerciseID, DayOfWeek, Created, LastUpdate) values (209, 94, 20, 'Sunday', CURRENT_TIMESTAMP, CURRENT_TIMESTAMP);
insert into WorkoutPlan (PlanID, UserID, ExerciseID, DayOfWeek, Created, LastUpdate) values (210, 97, 60, 'Friday', CURRENT_TIMESTAMP, CURRENT_TIMESTAMP);
insert into WorkoutPlan (PlanID, UserID, ExerciseID, DayOfWeek, Created, LastUpdate) values (211, 71, 13, 'Sunday', CURRENT_TIMESTAMP, CURRENT_TIMESTAMP);
insert into WorkoutPlan (PlanID, UserID, ExerciseID, DayOfWeek, Created, LastUpdate) values (212, 40, 54, 'Sunday', CURRENT_TIMESTAMP, CURRENT_TIMESTAMP);
insert into WorkoutPlan (PlanID, UserID, ExerciseID, DayOfWeek, Created, LastUpdate) values (213, 20, 34, 'Sunday', CURRENT_TIMESTAMP, CURRENT_TIMESTAMP);
insert into WorkoutPlan (PlanID, UserID, ExerciseID, DayOfWeek, Created, LastUpdate) values (214, 37, 73, 'Thursday', CURRENT_TIMESTAMP, CURRENT_TIMESTAMP);
insert into WorkoutPlan (PlanID, UserID, ExerciseID, DayOfWeek, Created, LastUpdate) values (215, 80, 62, 'Sunday', CURRENT_TIMESTAMP, CURRENT_TIMESTAMP);
insert into WorkoutPlan (PlanID, UserID, ExerciseID, DayOfWeek, Created, LastUpdate) values (216, 29, 32, 'Friday', CURRENT_TIMESTAMP, CURRENT_TIMESTAMP);
insert into WorkoutPlan (PlanID, UserID, ExerciseID, DayOfWeek, Created, LastUpdate) values (217, 6, 3, 'Thursday', CURRENT_TIMESTAMP, CURRENT_TIMESTAMP);
insert into WorkoutPlan (PlanID, UserID, ExerciseID, DayOfWeek, Created, LastUpdate) values (218, 27, 72, 'Wednesday', CURRENT_TIMESTAMP, CURRENT_TIMESTAMP);
insert into WorkoutPlan (PlanID, UserID, ExerciseID, DayOfWeek, Created, LastUpdate) values (219, 86, 59, 'Thursday', CURRENT_TIMESTAMP, CURRENT_TIMESTAMP);
insert into WorkoutPlan (PlanID, UserID, ExerciseID, DayOfWeek, Created, LastUpdate) values (220, 73, 69, 'Sunday', CURRENT_TIMESTAMP, CURRENT_TIMESTAMP);
insert into WorkoutPlan (PlanID, UserID, ExerciseID, DayOfWeek, Created, LastUpdate) values (221, 22, 46, 'Friday', CURRENT_TIMESTAMP, CURRENT_TIMESTAMP);
insert into WorkoutPlan (PlanID, UserID, ExerciseID, DayOfWeek, Created, LastUpdate) values (222, 72, 73, 'Thursday', CURRENT_TIMESTAMP, CURRENT_TIMESTAMP);
insert into WorkoutPlan (PlanID, UserID, ExerciseID, DayOfWeek, Created, LastUpdate) values (223, 93, 32, 'Friday', CURRENT_TIMESTAMP, CURRENT_TIMESTAMP);
insert into WorkoutPlan (PlanID, UserID, ExerciseID, DayOfWeek, Created, LastUpdate) values (224, 6, 32, 'Friday', CURRENT_TIMESTAMP, CURRENT_TIMESTAMP);
insert into WorkoutPlan (PlanID, UserID, ExerciseID, DayOfWeek, Created, LastUpdate) values (225, 16, 64, 'Tuesday', CURRENT_TIMESTAMP, CURRENT_TIMESTAMP);
insert into WorkoutPlan (PlanID, UserID, ExerciseID, DayOfWeek, Created, LastUpdate) values (226, 27, 8, 'Tuesday', CURRENT_TIMESTAMP, CURRENT_TIMESTAMP);
insert into WorkoutPlan (PlanID, UserID, ExerciseID, DayOfWeek, Created, LastUpdate) values (227, 40, 59, 'Thursday', CURRENT_TIMESTAMP, CURRENT_TIMESTAMP);
insert into WorkoutPlan (PlanID, UserID, ExerciseID, DayOfWeek, Created, LastUpdate) values (228, 98, 36, 'Tuesday', CURRENT_TIMESTAMP, CURRENT_TIMESTAMP);
insert into WorkoutPlan (PlanID, UserID, ExerciseID, DayOfWeek, Created, LastUpdate) values (229, 28, 56, 'Monday', CURRENT_TIMESTAMP, CURRENT_TIMESTAMP);
insert into WorkoutPlan (PlanID, UserID, ExerciseID, DayOfWeek, Created, LastUpdate) values (230, 35, 10, 'Thursday', CURRENT_TIMESTAMP, CURRENT_TIMESTAMP);
insert into WorkoutPlan (PlanID, UserID, ExerciseID, DayOfWeek, Created, LastUpdate) values (231, 86, 23, 'Wednesday', CURRENT_TIMESTAMP, CURRENT_TIMESTAMP);
insert into WorkoutPlan (PlanID, UserID, ExerciseID, DayOfWeek, Created, LastUpdate) values (232, 68, 8, 'Tuesday', CURRENT_TIMESTAMP, CURRENT_TIMESTAMP);
insert into WorkoutPlan (PlanID, UserID, ExerciseID, DayOfWeek, Created, LastUpdate) values (233, 67, 32, 'Friday', CURRENT_TIMESTAMP, CURRENT_TIMESTAMP);
insert into WorkoutPlan (PlanID, UserID, ExerciseID, DayOfWeek, Created, LastUpdate) values (234, 72, 60, 'Friday', CURRENT_TIMESTAMP, CURRENT_TIMESTAMP);
insert into WorkoutPlan (PlanID, UserID, ExerciseID, DayOfWeek, Created, LastUpdate) values (235, 53, 5, 'Sunday', CURRENT_TIMESTAMP, CURRENT_TIMESTAMP);
insert into WorkoutPlan (PlanID, UserID, ExerciseID, DayOfWeek, Created, LastUpdate) values (236, 13, 33, 'Sunday', CURRENT_TIMESTAMP, CURRENT_TIMESTAMP);
insert into WorkoutPlan (PlanID, UserID, ExerciseID, DayOfWeek, Created, LastUpdate) values (237, 41, 68, 'Sunday', CURRENT_TIMESTAMP, CURRENT_TIMESTAMP);
insert into WorkoutPlan (PlanID, UserID, ExerciseID, DayOfWeek, Created, LastUpdate) values (238, 86, 40, 'Sunday', CURRENT_TIMESTAMP, CURRENT_TIMESTAMP);
insert into WorkoutPlan (PlanID, UserID, ExerciseID, DayOfWeek, Created, LastUpdate) values (239, 73, 73, 'Thursday', CURRENT_TIMESTAMP, CURRENT_TIMESTAMP);
insert into WorkoutPlan (PlanID, UserID, ExerciseID, DayOfWeek, Created, LastUpdate) values (240, 38, 72, 'Wednesday', CURRENT_TIMESTAMP, CURRENT_TIMESTAMP);
insert into WorkoutPlan (PlanID, UserID, ExerciseID, DayOfWeek, Created, LastUpdate) values (241, 28, 41, 'Sunday', CURRENT_TIMESTAMP, CURRENT_TIMESTAMP);
insert into WorkoutPlan (PlanID, UserID, ExerciseID, DayOfWeek, Created, LastUpdate) values (242, 82, 35, 'Monday', CURRENT_TIMESTAMP, CURRENT_TIMESTAMP);
insert into WorkoutPlan (PlanID, UserID, ExerciseID, DayOfWeek, Created, LastUpdate) values (243, 97, 72, 'Wednesday', CURRENT_TIMESTAMP, CURRENT_TIMESTAMP);
insert into WorkoutPlan (PlanID, UserID, ExerciseID, DayOfWeek, Created, LastUpdate) values (244, 71, 62, 'Sunday', CURRENT_TIMESTAMP, CURRENT_TIMESTAMP);
insert into WorkoutPlan (PlanID, UserID, ExerciseID, DayOfWeek, Created, LastUpdate) values (245, 56, 36, 'Tuesday', CURRENT_TIMESTAMP, CURRENT_TIMESTAMP);
insert into WorkoutPlan (PlanID, UserID, ExerciseID, DayOfWeek, Created, LastUpdate) values (246, 72, 73, 'Thursday', CURRENT_TIMESTAMP, CURRENT_TIMESTAMP);
insert into WorkoutPlan (PlanID, UserID, ExerciseID, DayOfWeek, Created, LastUpdate) values (247, 68, 29, 'Tuesday', CURRENT_TIMESTAMP, CURRENT_TIMESTAMP);
insert into WorkoutPlan (PlanID, UserID, ExerciseID, DayOfWeek, Created, LastUpdate) values (248, 83, 19, 'Sunday', CURRENT_TIMESTAMP, CURRENT_TIMESTAMP);
insert into WorkoutPlan (PlanID, UserID, ExerciseID, DayOfWeek, Created, LastUpdate) values (249, 68, 32, 'Friday', CURRENT_TIMESTAMP, CURRENT_TIMESTAMP);
insert into WorkoutPlan (PlanID, UserID, ExerciseID, DayOfWeek, Created, LastUpdate) values (250, 60, 49, 'Monday', CURRENT_TIMESTAMP, CURRENT_TIMESTAMP);



-- Dumping data for Record table
insert into Record (RecordID, PlanID, ExerciseID, Date, Reps, Sets, Weight, Duration, Created, LastUpdate) values (1, 209, 30, '2022-12-31', 15, 9, 326, 49, CURRENT_TIMESTAMP, CURRENT_TIMESTAMP);
insert into Record (RecordID, PlanID, ExerciseID, Date, Reps, Sets, Weight, Duration, Created, LastUpdate) values (2, 31, 65, '2022-12-03', 4, 5, 257, 31, CURRENT_TIMESTAMP, CURRENT_TIMESTAMP);
insert into Record (RecordID, PlanID, ExerciseID, Date, Reps, Sets, Weight, Duration, Created, LastUpdate) values (3, 64, 7, '2023-01-04', 4, 2, 242, 26, CURRENT_TIMESTAMP, CURRENT_TIMESTAMP);
insert into Record (RecordID, PlanID, ExerciseID, Date, Reps, Sets, Weight, Duration, Created, LastUpdate) values (4, 118, 48, '2023-02-12', 6, 3, 51, 20, CURRENT_TIMESTAMP, CURRENT_TIMESTAMP);
insert into Record (RecordID, PlanID, ExerciseID, Date, Reps, Sets, Weight, Duration, Created, LastUpdate) values (5, 135, 72, '2023-10-06', 15, 4, 30, 60, CURRENT_TIMESTAMP, CURRENT_TIMESTAMP);
insert into Record (RecordID, PlanID, ExerciseID, Date, Reps, Sets, Weight, Duration, Created, LastUpdate) values (6, 175, 36, '2023-02-25', 2, 10, 33, 7, CURRENT_TIMESTAMP, CURRENT_TIMESTAMP);
insert into Record (RecordID, PlanID, ExerciseID, Date, Reps, Sets, Weight, Duration, Created, LastUpdate) values (7, 196, 44, '2023-09-10', 2, 10, 292, 29, CURRENT_TIMESTAMP, CURRENT_TIMESTAMP);
insert into Record (RecordID, PlanID, ExerciseID, Date, Reps, Sets, Weight, Duration, Created, LastUpdate) values (8, 113, 71, '2023-04-18', 8, 2, 186, 6, CURRENT_TIMESTAMP, CURRENT_TIMESTAMP);
insert into Record (RecordID, PlanID, ExerciseID, Date, Reps, Sets, Weight, Duration, Created, LastUpdate) values (9, 150, 7, '2023-08-21', 3, 6, 256, 29, CURRENT_TIMESTAMP, CURRENT_TIMESTAMP);
insert into Record (RecordID, PlanID, ExerciseID, Date, Reps, Sets, Weight, Duration, Created, LastUpdate) values (10, 60, 59, '2023-10-06', 14, 9, 222, 45, CURRENT_TIMESTAMP, CURRENT_TIMESTAMP);
insert into Record (RecordID, PlanID, ExerciseID, Date, Reps, Sets, Weight, Duration, Created, LastUpdate) values (11, 107, 2, '2023-08-16', 6, 7, 231, 42, CURRENT_TIMESTAMP, CURRENT_TIMESTAMP);
insert into Record (RecordID, PlanID, ExerciseID, Date, Reps, Sets, Weight, Duration, Created, LastUpdate) values (12, 77, 9, '2023-04-20', 1, 4, 38, 56, CURRENT_TIMESTAMP, CURRENT_TIMESTAMP);
insert into Record (RecordID, PlanID, ExerciseID, Date, Reps, Sets, Weight, Duration, Created, LastUpdate) values (13, 113, 34, '2023-10-16', 15, 10, 13, 18, CURRENT_TIMESTAMP, CURRENT_TIMESTAMP);
insert into Record (RecordID, PlanID, ExerciseID, Date, Reps, Sets, Weight, Duration, Created, LastUpdate) values (14, 125, 15, '2023-08-11', 1, 7, 392, 54, CURRENT_TIMESTAMP, CURRENT_TIMESTAMP);
insert into Record (RecordID, PlanID, ExerciseID, Date, Reps, Sets, Weight, Duration, Created, LastUpdate) values (15, 93, 15, '2023-09-21', 11, 2, 163, 43, CURRENT_TIMESTAMP, CURRENT_TIMESTAMP);
insert into Record (RecordID, PlanID, ExerciseID, Date, Reps, Sets, Weight, Duration, Created, LastUpdate) values (16, 123, 7, '2023-11-10', 10, 6, 161, 40, CURRENT_TIMESTAMP, CURRENT_TIMESTAMP);
insert into Record (RecordID, PlanID, ExerciseID, Date, Reps, Sets, Weight, Duration, Created, LastUpdate) values (17, 219, 41, '2023-09-06', 10, 10, 310, 52, CURRENT_TIMESTAMP, CURRENT_TIMESTAMP);
insert into Record (RecordID, PlanID, ExerciseID, Date, Reps, Sets, Weight, Duration, Created, LastUpdate) values (18, 198, 45, '2022-12-06', 18, 10, 241, 57, CURRENT_TIMESTAMP, CURRENT_TIMESTAMP);
insert into Record (RecordID, PlanID, ExerciseID, Date, Reps, Sets, Weight, Duration, Created, LastUpdate) values (19, 233, 35, '2023-10-12', 9, 4, 191, 52, CURRENT_TIMESTAMP, CURRENT_TIMESTAMP);
insert into Record (RecordID, PlanID, ExerciseID, Date, Reps, Sets, Weight, Duration, Created, LastUpdate) values (20, 235, 54, '2023-02-14', 7, 7, 211, 41, CURRENT_TIMESTAMP, CURRENT_TIMESTAMP);
insert into Record (RecordID, PlanID, ExerciseID, Date, Reps, Sets, Weight, Duration, Created, LastUpdate) values (21, 5, 46, '2023-02-25', 7, 7, 251, 41, CURRENT_TIMESTAMP, CURRENT_TIMESTAMP);
insert into Record (RecordID, PlanID, ExerciseID, Date, Reps, Sets, Weight, Duration, Created, LastUpdate) values (22, 50, 21, '2023-06-04', 16, 5, 82, 10, CURRENT_TIMESTAMP, CURRENT_TIMESTAMP);
insert into Record (RecordID, PlanID, ExerciseID, Date, Reps, Sets, Weight, Duration, Created, LastUpdate) values (23, 127, 28, '2023-01-01', 15, 1, 124, 9, CURRENT_TIMESTAMP, CURRENT_TIMESTAMP);
insert into Record (RecordID, PlanID, ExerciseID, Date, Reps, Sets, Weight, Duration, Created, LastUpdate) values (24, 182, 8, '2023-07-06', 11, 10, 371, 31, CURRENT_TIMESTAMP, CURRENT_TIMESTAMP);
insert into Record (RecordID, PlanID, ExerciseID, Date, Reps, Sets, Weight, Duration, Created, LastUpdate) values (25, 90, 26, '2023-06-15', 3, 9, 389, 57, CURRENT_TIMESTAMP, CURRENT_TIMESTAMP);
insert into Record (RecordID, PlanID, ExerciseID, Date, Reps, Sets, Weight, Duration, Created, LastUpdate) values (26, 73, 33, '2022-12-06', 4, 4, 353, 32, CURRENT_TIMESTAMP, CURRENT_TIMESTAMP);
insert into Record (RecordID, PlanID, ExerciseID, Date, Reps, Sets, Weight, Duration, Created, LastUpdate) values (27, 5, 67, '2023-01-27', 5, 6, 295, 13, CURRENT_TIMESTAMP, CURRENT_TIMESTAMP);
insert into Record (RecordID, PlanID, ExerciseID, Date, Reps, Sets, Weight, Duration, Created, LastUpdate) values (28, 192, 51, '2023-07-25', 6, 7, 84, 28, CURRENT_TIMESTAMP, CURRENT_TIMESTAMP);
insert into Record (RecordID, PlanID, ExerciseID, Date, Reps, Sets, Weight, Duration, Created, LastUpdate) values (29, 101, 17, '2023-10-19', 1, 1, 10, 33, CURRENT_TIMESTAMP, CURRENT_TIMESTAMP);
insert into Record (RecordID, PlanID, ExerciseID, Date, Reps, Sets, Weight, Duration, Created, LastUpdate) values (30, 204, 10, '2022-11-30', 12, 4, 158, 43, CURRENT_TIMESTAMP, CURRENT_TIMESTAMP);
insert into Record (RecordID, PlanID, ExerciseID, Date, Reps, Sets, Weight, Duration, Created, LastUpdate) values (31, 127, 11, '2023-09-01', 7, 2, 118, 30, CURRENT_TIMESTAMP, CURRENT_TIMESTAMP);
insert into Record (RecordID, PlanID, ExerciseID, Date, Reps, Sets, Weight, Duration, Created, LastUpdate) values (32, 201, 7, '2023-02-26', 10, 7, 100, 21, CURRENT_TIMESTAMP, CURRENT_TIMESTAMP);
insert into Record (RecordID, PlanID, ExerciseID, Date, Reps, Sets, Weight, Duration, Created, LastUpdate) values (33, 190, 25, '2023-05-23', 3, 8, 126, 15, CURRENT_TIMESTAMP, CURRENT_TIMESTAMP);
insert into Record (RecordID, PlanID, ExerciseID, Date, Reps, Sets, Weight, Duration, Created, LastUpdate) values (34, 100, 39, '2023-02-02', 6, 6, 223, 22, CURRENT_TIMESTAMP, CURRENT_TIMESTAMP);
insert into Record (RecordID, PlanID, ExerciseID, Date, Reps, Sets, Weight, Duration, Created, LastUpdate) values (35, 27, 26, '2023-02-03', 20, 10, 315, 18, CURRENT_TIMESTAMP, CURRENT_TIMESTAMP);
insert into Record (RecordID, PlanID, ExerciseID, Date, Reps, Sets, Weight, Duration, Created, LastUpdate) values (36, 190, 46, '2023-11-12', 7, 2, 309, 18, CURRENT_TIMESTAMP, CURRENT_TIMESTAMP);
insert into Record (RecordID, PlanID, ExerciseID, Date, Reps, Sets, Weight, Duration, Created, LastUpdate) values (37, 29, 55, '2022-12-20', 16, 1, 383, 54, CURRENT_TIMESTAMP, CURRENT_TIMESTAMP);
insert into Record (RecordID, PlanID, ExerciseID, Date, Reps, Sets, Weight, Duration, Created, LastUpdate) values (38, 42, 73, '2023-05-14', 4, 9, 195, 41, CURRENT_TIMESTAMP, CURRENT_TIMESTAMP);
insert into Record (RecordID, PlanID, ExerciseID, Date, Reps, Sets, Weight, Duration, Created, LastUpdate) values (39, 65, 50, '2023-02-21', 12, 5, 194, 28, CURRENT_TIMESTAMP, CURRENT_TIMESTAMP);
insert into Record (RecordID, PlanID, ExerciseID, Date, Reps, Sets, Weight, Duration, Created, LastUpdate) values (40, 150, 34, '2023-01-21', 19, 6, 150, 28, CURRENT_TIMESTAMP, CURRENT_TIMESTAMP);
insert into Record (RecordID, PlanID, ExerciseID, Date, Reps, Sets, Weight, Duration, Created, LastUpdate) values (41, 117, 66, '2023-01-21', 14, 6, 305, 38, CURRENT_TIMESTAMP, CURRENT_TIMESTAMP);
insert into Record (RecordID, PlanID, ExerciseID, Date, Reps, Sets, Weight, Duration, Created, LastUpdate) values (42, 163, 30, '2023-03-11', 18, 2, 120, 28, CURRENT_TIMESTAMP, CURRENT_TIMESTAMP);
insert into Record (RecordID, PlanID, ExerciseID, Date, Reps, Sets, Weight, Duration, Created, LastUpdate) values (43, 23, 5, '2023-10-07', 6, 4, 110, 35, CURRENT_TIMESTAMP, CURRENT_TIMESTAMP);
insert into Record (RecordID, PlanID, ExerciseID, Date, Reps, Sets, Weight, Duration, Created, LastUpdate) values (44, 246, 65, '2023-04-23', 15, 1, 214, 29, CURRENT_TIMESTAMP, CURRENT_TIMESTAMP);
insert into Record (RecordID, PlanID, ExerciseID, Date, Reps, Sets, Weight, Duration, Created, LastUpdate) values (45, 137, 59, '2023-06-28', 11, 9, 29, 35, CURRENT_TIMESTAMP, CURRENT_TIMESTAMP);
insert into Record (RecordID, PlanID, ExerciseID, Date, Reps, Sets, Weight, Duration, Created, LastUpdate) values (46, 207, 66, '2023-07-03', 13, 1, 284, 12, CURRENT_TIMESTAMP, CURRENT_TIMESTAMP);
insert into Record (RecordID, PlanID, ExerciseID, Date, Reps, Sets, Weight, Duration, Created, LastUpdate) values (47, 75, 3, '2023-02-05', 19, 7, 250, 49, CURRENT_TIMESTAMP, CURRENT_TIMESTAMP);
insert into Record (RecordID, PlanID, ExerciseID, Date, Reps, Sets, Weight, Duration, Created, LastUpdate) values (48, 55, 60, '2023-07-17', 20, 3, 37, 22, CURRENT_TIMESTAMP, CURRENT_TIMESTAMP);
insert into Record (RecordID, PlanID, ExerciseID, Date, Reps, Sets, Weight, Duration, Created, LastUpdate) values (49, 208, 20, '2023-01-31', 10, 6, 115, 30, CURRENT_TIMESTAMP, CURRENT_TIMESTAMP);
insert into Record (RecordID, PlanID, ExerciseID, Date, Reps, Sets, Weight, Duration, Created, LastUpdate) values (50, 121, 21, '2022-11-19', 4, 4, 167, 60, CURRENT_TIMESTAMP, CURRENT_TIMESTAMP);
insert into Record (RecordID, PlanID, ExerciseID, Date, Reps, Sets, Weight, Duration, Created, LastUpdate) values (51, 229, 39, '2022-11-28', 5, 10, 329, 60, CURRENT_TIMESTAMP, CURRENT_TIMESTAMP);
insert into Record (RecordID, PlanID, ExerciseID, Date, Reps, Sets, Weight, Duration, Created, LastUpdate) values (52, 196, 57, '2023-03-29', 11, 2, 67, 5, CURRENT_TIMESTAMP, CURRENT_TIMESTAMP);
insert into Record (RecordID, PlanID, ExerciseID, Date, Reps, Sets, Weight, Duration, Created, LastUpdate) values (53, 154, 58, '2023-05-02', 9, 3, 385, 48, CURRENT_TIMESTAMP, CURRENT_TIMESTAMP);
insert into Record (RecordID, PlanID, ExerciseID, Date, Reps, Sets, Weight, Duration, Created, LastUpdate) values (54, 83, 46, '2022-12-11', 9, 3, 148, 42, CURRENT_TIMESTAMP, CURRENT_TIMESTAMP);
insert into Record (RecordID, PlanID, ExerciseID, Date, Reps, Sets, Weight, Duration, Created, LastUpdate) values (55, 32, 57, '2023-09-13', 4, 2, 186, 34, CURRENT_TIMESTAMP, CURRENT_TIMESTAMP);
insert into Record (RecordID, PlanID, ExerciseID, Date, Reps, Sets, Weight, Duration, Created, LastUpdate) values (56, 189, 61, '2023-06-30', 3, 9, 375, 49, CURRENT_TIMESTAMP, CURRENT_TIMESTAMP);
insert into Record (RecordID, PlanID, ExerciseID, Date, Reps, Sets, Weight, Duration, Created, LastUpdate) values (57, 56, 30, '2022-12-10', 17, 3, 328, 29, CURRENT_TIMESTAMP, CURRENT_TIMESTAMP);
insert into Record (RecordID, PlanID, ExerciseID, Date, Reps, Sets, Weight, Duration, Created, LastUpdate) values (58, 203, 15, '2023-09-22', 5, 10, 146, 22, CURRENT_TIMESTAMP, CURRENT_TIMESTAMP);
insert into Record (RecordID, PlanID, ExerciseID, Date, Reps, Sets, Weight, Duration, Created, LastUpdate) values (59, 33, 25, '2023-04-25', 18, 7, 248, 41, CURRENT_TIMESTAMP, CURRENT_TIMESTAMP);
insert into Record (RecordID, PlanID, ExerciseID, Date, Reps, Sets, Weight, Duration, Created, LastUpdate) values (60, 116, 18, '2023-10-01', 5, 6, 317, 38, CURRENT_TIMESTAMP, CURRENT_TIMESTAMP);
insert into Record (RecordID, PlanID, ExerciseID, Date, Reps, Sets, Weight, Duration, Created, LastUpdate) values (61, 164, 70, '2023-04-25', 17, 3, 153, 15, CURRENT_TIMESTAMP, CURRENT_TIMESTAMP);
insert into Record (RecordID, PlanID, ExerciseID, Date, Reps, Sets, Weight, Duration, Created, LastUpdate) values (62, 8, 50, '2022-12-11', 8, 10, 118, 16, CURRENT_TIMESTAMP, CURRENT_TIMESTAMP);
insert into Record (RecordID, PlanID, ExerciseID, Date, Reps, Sets, Weight, Duration, Created, LastUpdate) values (63, 120, 7, '2023-08-15', 6, 10, 291, 48, CURRENT_TIMESTAMP, CURRENT_TIMESTAMP);
insert into Record (RecordID, PlanID, ExerciseID, Date, Reps, Sets, Weight, Duration, Created, LastUpdate) values (64, 197, 50, '2023-06-17', 19, 3, 54, 49, CURRENT_TIMESTAMP, CURRENT_TIMESTAMP);
insert into Record (RecordID, PlanID, ExerciseID, Date, Reps, Sets, Weight, Duration, Created, LastUpdate) values (65, 199, 38, '2023-02-20', 5, 7, 134, 33, CURRENT_TIMESTAMP, CURRENT_TIMESTAMP);
insert into Record (RecordID, PlanID, ExerciseID, Date, Reps, Sets, Weight, Duration, Created, LastUpdate) values (66, 217, 73, '2023-10-10', 5, 4, 206, 22, CURRENT_TIMESTAMP, CURRENT_TIMESTAMP);
insert into Record (RecordID, PlanID, ExerciseID, Date, Reps, Sets, Weight, Duration, Created, LastUpdate) values (67, 174, 23, '2022-11-17', 6, 1, 285, 18, CURRENT_TIMESTAMP, CURRENT_TIMESTAMP);
insert into Record (RecordID, PlanID, ExerciseID, Date, Reps, Sets, Weight, Duration, Created, LastUpdate) values (68, 215, 25, '2022-12-22', 5, 4, 282, 55, CURRENT_TIMESTAMP, CURRENT_TIMESTAMP);
insert into Record (RecordID, PlanID, ExerciseID, Date, Reps, Sets, Weight, Duration, Created, LastUpdate) values (69, 66, 35, '2023-09-20', 4, 1, 235, 57, CURRENT_TIMESTAMP, CURRENT_TIMESTAMP);
insert into Record (RecordID, PlanID, ExerciseID, Date, Reps, Sets, Weight, Duration, Created, LastUpdate) values (70, 166, 65, '2023-04-27', 2, 7, 28, 21, CURRENT_TIMESTAMP, CURRENT_TIMESTAMP);
insert into Record (RecordID, PlanID, ExerciseID, Date, Reps, Sets, Weight, Duration, Created, LastUpdate) values (71, 238, 15, '2023-07-21', 2, 1, 154, 48, CURRENT_TIMESTAMP, CURRENT_TIMESTAMP);
insert into Record (RecordID, PlanID, ExerciseID, Date, Reps, Sets, Weight, Duration, Created, LastUpdate) values (72, 25, 69, '2023-08-07', 2, 2, 331, 59, CURRENT_TIMESTAMP, CURRENT_TIMESTAMP);
insert into Record (RecordID, PlanID, ExerciseID, Date, Reps, Sets, Weight, Duration, Created, LastUpdate) values (73, 165, 23, '2023-08-24', 18, 1, 400, 30, CURRENT_TIMESTAMP, CURRENT_TIMESTAMP);
insert into Record (RecordID, PlanID, ExerciseID, Date, Reps, Sets, Weight, Duration, Created, LastUpdate) values (74, 112, 50, '2023-03-13', 8, 4, 143, 23, CURRENT_TIMESTAMP, CURRENT_TIMESTAMP);
insert into Record (RecordID, PlanID, ExerciseID, Date, Reps, Sets, Weight, Duration, Created, LastUpdate) values (75, 130, 31, '2023-07-28', 18, 3, 361, 60, CURRENT_TIMESTAMP, CURRENT_TIMESTAMP);
insert into Record (RecordID, PlanID, ExerciseID, Date, Reps, Sets, Weight, Duration, Created, LastUpdate) values (76, 216, 24, '2023-07-25', 20, 3, 363, 47, CURRENT_TIMESTAMP, CURRENT_TIMESTAMP);
insert into Record (RecordID, PlanID, ExerciseID, Date, Reps, Sets, Weight, Duration, Created, LastUpdate) values (77, 161, 73, '2023-04-17', 8, 5, 192, 58, CURRENT_TIMESTAMP, CURRENT_TIMESTAMP);
insert into Record (RecordID, PlanID, ExerciseID, Date, Reps, Sets, Weight, Duration, Created, LastUpdate) values (78, 69, 73, '2023-06-25', 11, 3, 49, 25, CURRENT_TIMESTAMP, CURRENT_TIMESTAMP);
insert into Record (RecordID, PlanID, ExerciseID, Date, Reps, Sets, Weight, Duration, Created, LastUpdate) values (79, 105, 8, '2023-10-20', 5, 8, 187, 46, CURRENT_TIMESTAMP, CURRENT_TIMESTAMP);
insert into Record (RecordID, PlanID, ExerciseID, Date, Reps, Sets, Weight, Duration, Created, LastUpdate) values (80, 36, 4, '2022-12-25', 16, 4, 37, 5, CURRENT_TIMESTAMP, CURRENT_TIMESTAMP);
insert into Record (RecordID, PlanID, ExerciseID, Date, Reps, Sets, Weight, Duration, Created, LastUpdate) values (81, 163, 45, '2023-08-29', 14, 8, 204, 39, CURRENT_TIMESTAMP, CURRENT_TIMESTAMP);
insert into Record (RecordID, PlanID, ExerciseID, Date, Reps, Sets, Weight, Duration, Created, LastUpdate) values (82, 25, 49, '2023-07-22', 6, 10, 76, 6, CURRENT_TIMESTAMP, CURRENT_TIMESTAMP);
insert into Record (RecordID, PlanID, ExerciseID, Date, Reps, Sets, Weight, Duration, Created, LastUpdate) values (83, 127, 18, '2023-04-18', 8, 2, 337, 6, CURRENT_TIMESTAMP, CURRENT_TIMESTAMP);
insert into Record (RecordID, PlanID, ExerciseID, Date, Reps, Sets, Weight, Duration, Created, LastUpdate) values (84, 213, 4, '2023-01-06', 5, 10, 78, 51, CURRENT_TIMESTAMP, CURRENT_TIMESTAMP);
insert into Record (RecordID, PlanID, ExerciseID, Date, Reps, Sets, Weight, Duration, Created, LastUpdate) values (85, 168, 4, '2023-05-23', 4, 10, 49, 29, CURRENT_TIMESTAMP, CURRENT_TIMESTAMP);
insert into Record (RecordID, PlanID, ExerciseID, Date, Reps, Sets, Weight, Duration, Created, LastUpdate) values (86, 54, 4, '2023-09-09', 7, 4, 178, 43, CURRENT_TIMESTAMP, CURRENT_TIMESTAMP);
insert into Record (RecordID, PlanID, ExerciseID, Date, Reps, Sets, Weight, Duration, Created, LastUpdate) values (87, 144, 52, '2023-03-30', 5, 4, 375, 20, CURRENT_TIMESTAMP, CURRENT_TIMESTAMP);
insert into Record (RecordID, PlanID, ExerciseID, Date, Reps, Sets, Weight, Duration, Created, LastUpdate) values (88, 97, 4, '2023-09-27', 17, 1, 174, 29, CURRENT_TIMESTAMP, CURRENT_TIMESTAMP);
insert into Record (RecordID, PlanID, ExerciseID, Date, Reps, Sets, Weight, Duration, Created, LastUpdate) values (89, 150, 41, '2023-07-26', 20, 8, 381, 30, CURRENT_TIMESTAMP, CURRENT_TIMESTAMP);
insert into Record (RecordID, PlanID, ExerciseID, Date, Reps, Sets, Weight, Duration, Created, LastUpdate) values (90, 1, 34, '2023-04-26', 18, 10, 346, 7, CURRENT_TIMESTAMP, CURRENT_TIMESTAMP);
insert into Record (RecordID, PlanID, ExerciseID, Date, Reps, Sets, Weight, Duration, Created, LastUpdate) values (91, 191, 28, '2023-01-18', 16, 7, 163, 56, CURRENT_TIMESTAMP, CURRENT_TIMESTAMP);
insert into Record (RecordID, PlanID, ExerciseID, Date, Reps, Sets, Weight, Duration, Created, LastUpdate) values (92, 231, 70, '2022-11-20', 10, 8, 232, 50, CURRENT_TIMESTAMP, CURRENT_TIMESTAMP);
insert into Record (RecordID, PlanID, ExerciseID, Date, Reps, Sets, Weight, Duration, Created, LastUpdate) values (93, 28, 49, '2023-07-15', 18, 6, 238, 19, CURRENT_TIMESTAMP, CURRENT_TIMESTAMP);
insert into Record (RecordID, PlanID, ExerciseID, Date, Reps, Sets, Weight, Duration, Created, LastUpdate) values (94, 202, 57, '2023-06-15', 1, 4, 238, 31, CURRENT_TIMESTAMP, CURRENT_TIMESTAMP);
insert into Record (RecordID, PlanID, ExerciseID, Date, Reps, Sets, Weight, Duration, Created, LastUpdate) values (95, 40, 27, '2022-11-21', 6, 1, 194, 31, CURRENT_TIMESTAMP, CURRENT_TIMESTAMP);
insert into Record (RecordID, PlanID, ExerciseID, Date, Reps, Sets, Weight, Duration, Created, LastUpdate) values (96, 59, 45, '2022-12-23', 3, 4, 25, 7, CURRENT_TIMESTAMP, CURRENT_TIMESTAMP);
insert into Record (RecordID, PlanID, ExerciseID, Date, Reps, Sets, Weight, Duration, Created, LastUpdate) values (97, 20, 18, '2023-06-20', 16, 5, 388, 32, CURRENT_TIMESTAMP, CURRENT_TIMESTAMP);
insert into Record (RecordID, PlanID, ExerciseID, Date, Reps, Sets, Weight, Duration, Created, LastUpdate) values (98, 211, 16, '2023-10-02', 7, 9, 310, 55, CURRENT_TIMESTAMP, CURRENT_TIMESTAMP);
insert into Record (RecordID, PlanID, ExerciseID, Date, Reps, Sets, Weight, Duration, Created, LastUpdate) values (99, 28, 62, '2022-12-11', 18, 1, 398, 51, CURRENT_TIMESTAMP, CURRENT_TIMESTAMP);
insert into Record (RecordID, PlanID, ExerciseID, Date, Reps, Sets, Weight, Duration, Created, LastUpdate) values (100, 14, 60, '2023-01-16', 5, 8, 168, 27, CURRENT_TIMESTAMP, CURRENT_TIMESTAMP);
insert into Record (RecordID, PlanID, ExerciseID, Date, Reps, Sets, Weight, Duration, Created, LastUpdate) values (101, 116, 33, '2023-11-08', 8, 6, 347, 24, CURRENT_TIMESTAMP, CURRENT_TIMESTAMP);
insert into Record (RecordID, PlanID, ExerciseID, Date, Reps, Sets, Weight, Duration, Created, LastUpdate) values (102, 59, 13, '2023-05-25', 10, 10, 141, 42, CURRENT_TIMESTAMP, CURRENT_TIMESTAMP);
insert into Record (RecordID, PlanID, ExerciseID, Date, Reps, Sets, Weight, Duration, Created, LastUpdate) values (103, 124, 55, '2023-09-05', 11, 7, 279, 21, CURRENT_TIMESTAMP, CURRENT_TIMESTAMP);
insert into Record (RecordID, PlanID, ExerciseID, Date, Reps, Sets, Weight, Duration, Created, LastUpdate) values (104, 23, 72, '2023-05-17', 9, 8, 203, 25, CURRENT_TIMESTAMP, CURRENT_TIMESTAMP);
insert into Record (RecordID, PlanID, ExerciseID, Date, Reps, Sets, Weight, Duration, Created, LastUpdate) values (105, 180, 54, '2023-06-17', 11, 3, 278, 13, CURRENT_TIMESTAMP, CURRENT_TIMESTAMP);
insert into Record (RecordID, PlanID, ExerciseID, Date, Reps, Sets, Weight, Duration, Created, LastUpdate) values (106, 143, 2, '2023-04-01', 5, 6, 69, 43, CURRENT_TIMESTAMP, CURRENT_TIMESTAMP);
insert into Record (RecordID, PlanID, ExerciseID, Date, Reps, Sets, Weight, Duration, Created, LastUpdate) values (107, 173, 8, '2023-03-04', 2, 3, 303, 38, CURRENT_TIMESTAMP, CURRENT_TIMESTAMP);
insert into Record (RecordID, PlanID, ExerciseID, Date, Reps, Sets, Weight, Duration, Created, LastUpdate) values (108, 47, 37, '2023-08-02', 2, 4, 96, 14, CURRENT_TIMESTAMP, CURRENT_TIMESTAMP);
insert into Record (RecordID, PlanID, ExerciseID, Date, Reps, Sets, Weight, Duration, Created, LastUpdate) values (109, 203, 38, '2023-06-21', 7, 1, 249, 34, CURRENT_TIMESTAMP, CURRENT_TIMESTAMP);
insert into Record (RecordID, PlanID, ExerciseID, Date, Reps, Sets, Weight, Duration, Created, LastUpdate) values (110, 22, 37, '2023-02-03', 4, 8, 113, 46, CURRENT_TIMESTAMP, CURRENT_TIMESTAMP);
insert into Record (RecordID, PlanID, ExerciseID, Date, Reps, Sets, Weight, Duration, Created, LastUpdate) values (111, 113, 39, '2023-01-13', 19, 9, 207, 13, CURRENT_TIMESTAMP, CURRENT_TIMESTAMP);
insert into Record (RecordID, PlanID, ExerciseID, Date, Reps, Sets, Weight, Duration, Created, LastUpdate) values (112, 61, 2, '2023-08-14', 15, 4, 120, 53, CURRENT_TIMESTAMP, CURRENT_TIMESTAMP);
insert into Record (RecordID, PlanID, ExerciseID, Date, Reps, Sets, Weight, Duration, Created, LastUpdate) values (113, 24, 63, '2022-11-19', 16, 3, 350, 7, CURRENT_TIMESTAMP, CURRENT_TIMESTAMP);
insert into Record (RecordID, PlanID, ExerciseID, Date, Reps, Sets, Weight, Duration, Created, LastUpdate) values (114, 206, 54, '2023-05-05', 17, 2, 69, 57, CURRENT_TIMESTAMP, CURRENT_TIMESTAMP);
insert into Record (RecordID, PlanID, ExerciseID, Date, Reps, Sets, Weight, Duration, Created, LastUpdate) values (115, 94, 31, '2023-02-17', 7, 3, 346, 20, CURRENT_TIMESTAMP, CURRENT_TIMESTAMP);
insert into Record (RecordID, PlanID, ExerciseID, Date, Reps, Sets, Weight, Duration, Created, LastUpdate) values (116, 235, 55, '2023-07-08', 13, 7, 55, 37, CURRENT_TIMESTAMP, CURRENT_TIMESTAMP);
insert into Record (RecordID, PlanID, ExerciseID, Date, Reps, Sets, Weight, Duration, Created, LastUpdate) values (117, 46, 21, '2023-02-07', 14, 5, 25, 34, CURRENT_TIMESTAMP, CURRENT_TIMESTAMP);
insert into Record (RecordID, PlanID, ExerciseID, Date, Reps, Sets, Weight, Duration, Created, LastUpdate) values (118, 5, 57, '2023-09-20', 9, 5, 51, 33, CURRENT_TIMESTAMP, CURRENT_TIMESTAMP);
insert into Record (RecordID, PlanID, ExerciseID, Date, Reps, Sets, Weight, Duration, Created, LastUpdate) values (119, 162, 6, '2023-02-15', 2, 1, 55, 44, CURRENT_TIMESTAMP, CURRENT_TIMESTAMP);
insert into Record (RecordID, PlanID, ExerciseID, Date, Reps, Sets, Weight, Duration, Created, LastUpdate) values (120, 99, 40, '2023-05-25', 17, 3, 69, 26, CURRENT_TIMESTAMP, CURRENT_TIMESTAMP);
insert into Record (RecordID, PlanID, ExerciseID, Date, Reps, Sets, Weight, Duration, Created, LastUpdate) values (121, 161, 14, '2022-12-03', 14, 4, 280, 42, CURRENT_TIMESTAMP, CURRENT_TIMESTAMP);
insert into Record (RecordID, PlanID, ExerciseID, Date, Reps, Sets, Weight, Duration, Created, LastUpdate) values (122, 178, 73, '2023-04-03', 17, 3, 379, 52, CURRENT_TIMESTAMP, CURRENT_TIMESTAMP);
insert into Record (RecordID, PlanID, ExerciseID, Date, Reps, Sets, Weight, Duration, Created, LastUpdate) values (123, 216, 62, '2023-02-20', 18, 6, 280, 41, CURRENT_TIMESTAMP, CURRENT_TIMESTAMP);
insert into Record (RecordID, PlanID, ExerciseID, Date, Reps, Sets, Weight, Duration, Created, LastUpdate) values (124, 120, 2, '2023-03-04', 19, 7, 222, 52, CURRENT_TIMESTAMP, CURRENT_TIMESTAMP);
insert into Record (RecordID, PlanID, ExerciseID, Date, Reps, Sets, Weight, Duration, Created, LastUpdate) values (125, 181, 20, '2022-12-26', 14, 3, 259, 35, CURRENT_TIMESTAMP, CURRENT_TIMESTAMP);
insert into Record (RecordID, PlanID, ExerciseID, Date, Reps, Sets, Weight, Duration, Created, LastUpdate) values (126, 191, 68, '2023-07-01', 14, 8, 382, 39, CURRENT_TIMESTAMP, CURRENT_TIMESTAMP);
insert into Record (RecordID, PlanID, ExerciseID, Date, Reps, Sets, Weight, Duration, Created, LastUpdate) values (127, 161, 14, '2023-08-17', 6, 7, 85, 46, CURRENT_TIMESTAMP, CURRENT_TIMESTAMP);
insert into Record (RecordID, PlanID, ExerciseID, Date, Reps, Sets, Weight, Duration, Created, LastUpdate) values (128, 76, 68, '2023-06-23', 10, 7, 47, 28, CURRENT_TIMESTAMP, CURRENT_TIMESTAMP);
insert into Record (RecordID, PlanID, ExerciseID, Date, Reps, Sets, Weight, Duration, Created, LastUpdate) values (129, 68, 62, '2023-05-06', 2, 5, 131, 24, CURRENT_TIMESTAMP, CURRENT_TIMESTAMP);
insert into Record (RecordID, PlanID, ExerciseID, Date, Reps, Sets, Weight, Duration, Created, LastUpdate) values (130, 114, 62, '2023-03-27', 7, 10, 93, 56, CURRENT_TIMESTAMP, CURRENT_TIMESTAMP);
insert into Record (RecordID, PlanID, ExerciseID, Date, Reps, Sets, Weight, Duration, Created, LastUpdate) values (131, 7, 15, '2023-01-13', 8, 9, 321, 48, CURRENT_TIMESTAMP, CURRENT_TIMESTAMP);
insert into Record (RecordID, PlanID, ExerciseID, Date, Reps, Sets, Weight, Duration, Created, LastUpdate) values (132, 91, 13, '2023-04-23', 4, 6, 302, 6, CURRENT_TIMESTAMP, CURRENT_TIMESTAMP);
insert into Record (RecordID, PlanID, ExerciseID, Date, Reps, Sets, Weight, Duration, Created, LastUpdate) values (133, 238, 16, '2023-02-22', 13, 10, 89, 14, CURRENT_TIMESTAMP, CURRENT_TIMESTAMP);
insert into Record (RecordID, PlanID, ExerciseID, Date, Reps, Sets, Weight, Duration, Created, LastUpdate) values (134, 174, 56, '2023-05-10', 12, 1, 167, 19, CURRENT_TIMESTAMP, CURRENT_TIMESTAMP);
insert into Record (RecordID, PlanID, ExerciseID, Date, Reps, Sets, Weight, Duration, Created, LastUpdate) values (135, 141, 22, '2023-07-29', 1, 8, 357, 58, CURRENT_TIMESTAMP, CURRENT_TIMESTAMP);
insert into Record (RecordID, PlanID, ExerciseID, Date, Reps, Sets, Weight, Duration, Created, LastUpdate) values (136, 74, 37, '2023-01-20', 16, 2, 250, 17, CURRENT_TIMESTAMP, CURRENT_TIMESTAMP);
insert into Record (RecordID, PlanID, ExerciseID, Date, Reps, Sets, Weight, Duration, Created, LastUpdate) values (137, 40, 28, '2023-10-24', 13, 1, 182, 58, CURRENT_TIMESTAMP, CURRENT_TIMESTAMP);
insert into Record (RecordID, PlanID, ExerciseID, Date, Reps, Sets, Weight, Duration, Created, LastUpdate) values (138, 44, 12, '2023-01-15', 20, 10, 45, 25, CURRENT_TIMESTAMP, CURRENT_TIMESTAMP);
insert into Record (RecordID, PlanID, ExerciseID, Date, Reps, Sets, Weight, Duration, Created, LastUpdate) values (139, 45, 30, '2022-12-28', 17, 7, 155, 5, CURRENT_TIMESTAMP, CURRENT_TIMESTAMP);
insert into Record (RecordID, PlanID, ExerciseID, Date, Reps, Sets, Weight, Duration, Created, LastUpdate) values (140, 204, 30, '2023-02-25', 14, 8, 178, 37, CURRENT_TIMESTAMP, CURRENT_TIMESTAMP);
insert into Record (RecordID, PlanID, ExerciseID, Date, Reps, Sets, Weight, Duration, Created, LastUpdate) values (141, 140, 9, '2023-10-27', 14, 2, 189, 30, CURRENT_TIMESTAMP, CURRENT_TIMESTAMP);
insert into Record (RecordID, PlanID, ExerciseID, Date, Reps, Sets, Weight, Duration, Created, LastUpdate) values (142, 17, 71, '2023-08-16', 16, 9, 189, 27, CURRENT_TIMESTAMP, CURRENT_TIMESTAMP);
insert into Record (RecordID, PlanID, ExerciseID, Date, Reps, Sets, Weight, Duration, Created, LastUpdate) values (143, 139, 22, '2023-05-11', 18, 5, 181, 25, CURRENT_TIMESTAMP, CURRENT_TIMESTAMP);
insert into Record (RecordID, PlanID, ExerciseID, Date, Reps, Sets, Weight, Duration, Created, LastUpdate) values (144, 56, 4, '2022-11-20', 4, 7, 38, 23, CURRENT_TIMESTAMP, CURRENT_TIMESTAMP);
insert into Record (RecordID, PlanID, ExerciseID, Date, Reps, Sets, Weight, Duration, Created, LastUpdate) values (145, 175, 19, '2023-10-26', 3, 4, 393, 8, CURRENT_TIMESTAMP, CURRENT_TIMESTAMP);
insert into Record (RecordID, PlanID, ExerciseID, Date, Reps, Sets, Weight, Duration, Created, LastUpdate) values (146, 14, 42, '2023-03-23', 18, 1, 71, 8, CURRENT_TIMESTAMP, CURRENT_TIMESTAMP);
insert into Record (RecordID, PlanID, ExerciseID, Date, Reps, Sets, Weight, Duration, Created, LastUpdate) values (147, 1, 32, '2023-03-23', 13, 3, 246, 35, CURRENT_TIMESTAMP, CURRENT_TIMESTAMP);
insert into Record (RecordID, PlanID, ExerciseID, Date, Reps, Sets, Weight, Duration, Created, LastUpdate) values (148, 28, 28, '2023-03-06', 3, 5, 200, 6, CURRENT_TIMESTAMP, CURRENT_TIMESTAMP);
insert into Record (RecordID, PlanID, ExerciseID, Date, Reps, Sets, Weight, Duration, Created, LastUpdate) values (149, 34, 20, '2023-07-27', 10, 10, 159, 6, CURRENT_TIMESTAMP, CURRENT_TIMESTAMP);
insert into Record (RecordID, PlanID, ExerciseID, Date, Reps, Sets, Weight, Duration, Created, LastUpdate) values (150, 96, 34, '2022-12-18', 7, 8, 62, 22, CURRENT_TIMESTAMP, CURRENT_TIMESTAMP);
insert into Record (RecordID, PlanID, ExerciseID, Date, Reps, Sets, Weight, Duration, Created, LastUpdate) values (151, 77, 70, '2023-06-01', 7, 2, 324, 43, CURRENT_TIMESTAMP, CURRENT_TIMESTAMP);
insert into Record (RecordID, PlanID, ExerciseID, Date, Reps, Sets, Weight, Duration, Created, LastUpdate) values (152, 11, 6, '2023-06-21', 9, 5, 142, 42, CURRENT_TIMESTAMP, CURRENT_TIMESTAMP);
insert into Record (RecordID, PlanID, ExerciseID, Date, Reps, Sets, Weight, Duration, Created, LastUpdate) values (153, 76, 46, '2023-01-22', 15, 9, 161, 37, CURRENT_TIMESTAMP, CURRENT_TIMESTAMP);
insert into Record (RecordID, PlanID, ExerciseID, Date, Reps, Sets, Weight, Duration, Created, LastUpdate) values (154, 158, 58, '2023-09-04', 3, 7, 91, 54, CURRENT_TIMESTAMP, CURRENT_TIMESTAMP);
insert into Record (RecordID, PlanID, ExerciseID, Date, Reps, Sets, Weight, Duration, Created, LastUpdate) values (155, 147, 21, '2023-06-24', 19, 3, 180, 21, CURRENT_TIMESTAMP, CURRENT_TIMESTAMP);
insert into Record (RecordID, PlanID, ExerciseID, Date, Reps, Sets, Weight, Duration, Created, LastUpdate) values (156, 59, 29, '2023-02-07', 10, 10, 143, 17, CURRENT_TIMESTAMP, CURRENT_TIMESTAMP);
insert into Record (RecordID, PlanID, ExerciseID, Date, Reps, Sets, Weight, Duration, Created, LastUpdate) values (157, 47, 55, '2023-02-15', 15, 10, 237, 52, CURRENT_TIMESTAMP, CURRENT_TIMESTAMP);
insert into Record (RecordID, PlanID, ExerciseID, Date, Reps, Sets, Weight, Duration, Created, LastUpdate) values (158, 88, 8, '2023-06-30', 12, 1, 285, 11, CURRENT_TIMESTAMP, CURRENT_TIMESTAMP);
insert into Record (RecordID, PlanID, ExerciseID, Date, Reps, Sets, Weight, Duration, Created, LastUpdate) values (159, 178, 43, '2023-03-01', 9, 7, 208, 5, CURRENT_TIMESTAMP, CURRENT_TIMESTAMP);
insert into Record (RecordID, PlanID, ExerciseID, Date, Reps, Sets, Weight, Duration, Created, LastUpdate) values (160, 103, 20, '2023-04-29', 11, 1, 169, 57, CURRENT_TIMESTAMP, CURRENT_TIMESTAMP);
insert into Record (RecordID, PlanID, ExerciseID, Date, Reps, Sets, Weight, Duration, Created, LastUpdate) values (161, 186, 23, '2023-03-06', 14, 2, 352, 12, CURRENT_TIMESTAMP, CURRENT_TIMESTAMP);
insert into Record (RecordID, PlanID, ExerciseID, Date, Reps, Sets, Weight, Duration, Created, LastUpdate) values (162, 206, 43, '2023-05-22', 12, 7, 213, 39, CURRENT_TIMESTAMP, CURRENT_TIMESTAMP);
insert into Record (RecordID, PlanID, ExerciseID, Date, Reps, Sets, Weight, Duration, Created, LastUpdate) values (163, 157, 35, '2022-12-25', 5, 4, 181, 43, CURRENT_TIMESTAMP, CURRENT_TIMESTAMP);
insert into Record (RecordID, PlanID, ExerciseID, Date, Reps, Sets, Weight, Duration, Created, LastUpdate) values (164, 35, 4, '2023-04-02', 9, 4, 276, 7, CURRENT_TIMESTAMP, CURRENT_TIMESTAMP);
insert into Record (RecordID, PlanID, ExerciseID, Date, Reps, Sets, Weight, Duration, Created, LastUpdate) values (165, 205, 40, '2023-10-26', 6, 9, 319, 5, CURRENT_TIMESTAMP, CURRENT_TIMESTAMP);
insert into Record (RecordID, PlanID, ExerciseID, Date, Reps, Sets, Weight, Duration, Created, LastUpdate) values (166, 103, 8, '2023-05-09', 12, 2, 200, 37, CURRENT_TIMESTAMP, CURRENT_TIMESTAMP);
insert into Record (RecordID, PlanID, ExerciseID, Date, Reps, Sets, Weight, Duration, Created, LastUpdate) values (167, 94, 62, '2023-10-22', 1, 3, 399, 34, CURRENT_TIMESTAMP, CURRENT_TIMESTAMP);
insert into Record (RecordID, PlanID, ExerciseID, Date, Reps, Sets, Weight, Duration, Created, LastUpdate) values (168, 152, 23, '2023-07-02', 8, 3, 89, 28, CURRENT_TIMESTAMP, CURRENT_TIMESTAMP);
insert into Record (RecordID, PlanID, ExerciseID, Date, Reps, Sets, Weight, Duration, Created, LastUpdate) values (169, 124, 15, '2023-09-15', 2, 1, 151, 31, CURRENT_TIMESTAMP, CURRENT_TIMESTAMP);
insert into Record (RecordID, PlanID, ExerciseID, Date, Reps, Sets, Weight, Duration, Created, LastUpdate) values (170, 223, 29, '2023-03-03', 9, 9, 68, 9, CURRENT_TIMESTAMP, CURRENT_TIMESTAMP);
insert into Record (RecordID, PlanID, ExerciseID, Date, Reps, Sets, Weight, Duration, Created, LastUpdate) values (171, 243, 58, '2023-03-21', 3, 7, 251, 15, CURRENT_TIMESTAMP, CURRENT_TIMESTAMP);
insert into Record (RecordID, PlanID, ExerciseID, Date, Reps, Sets, Weight, Duration, Created, LastUpdate) values (172, 206, 27, '2023-05-06', 10, 9, 312, 27, CURRENT_TIMESTAMP, CURRENT_TIMESTAMP);
insert into Record (RecordID, PlanID, ExerciseID, Date, Reps, Sets, Weight, Duration, Created, LastUpdate) values (173, 26, 29, '2023-08-22', 6, 9, 287, 38, CURRENT_TIMESTAMP, CURRENT_TIMESTAMP);
insert into Record (RecordID, PlanID, ExerciseID, Date, Reps, Sets, Weight, Duration, Created, LastUpdate) values (174, 172, 19, '2023-03-13', 18, 7, 351, 45, CURRENT_TIMESTAMP, CURRENT_TIMESTAMP);
insert into Record (RecordID, PlanID, ExerciseID, Date, Reps, Sets, Weight, Duration, Created, LastUpdate) values (175, 248, 20, '2023-10-18', 6, 2, 81, 37, CURRENT_TIMESTAMP, CURRENT_TIMESTAMP);
insert into Record (RecordID, PlanID, ExerciseID, Date, Reps, Sets, Weight, Duration, Created, LastUpdate) values (176, 68, 4, '2023-05-15', 14, 8, 274, 50, CURRENT_TIMESTAMP, CURRENT_TIMESTAMP);
insert into Record (RecordID, PlanID, ExerciseID, Date, Reps, Sets, Weight, Duration, Created, LastUpdate) values (177, 2, 16, '2023-02-11', 10, 10, 141, 12, CURRENT_TIMESTAMP, CURRENT_TIMESTAMP);
insert into Record (RecordID, PlanID, ExerciseID, Date, Reps, Sets, Weight, Duration, Created, LastUpdate) values (178, 47, 34, '2023-10-15', 3, 10, 380, 32, CURRENT_TIMESTAMP, CURRENT_TIMESTAMP);
insert into Record (RecordID, PlanID, ExerciseID, Date, Reps, Sets, Weight, Duration, Created, LastUpdate) values (179, 119, 62, '2022-12-19', 3, 5, 249, 54, CURRENT_TIMESTAMP, CURRENT_TIMESTAMP);
insert into Record (RecordID, PlanID, ExerciseID, Date, Reps, Sets, Weight, Duration, Created, LastUpdate) values (180, 21, 7, '2022-12-10', 6, 4, 24, 49, CURRENT_TIMESTAMP, CURRENT_TIMESTAMP);
insert into Record (RecordID, PlanID, ExerciseID, Date, Reps, Sets, Weight, Duration, Created, LastUpdate) values (181, 136, 70, '2023-01-29', 1, 9, 232, 11, CURRENT_TIMESTAMP, CURRENT_TIMESTAMP);
insert into Record (RecordID, PlanID, ExerciseID, Date, Reps, Sets, Weight, Duration, Created, LastUpdate) values (182, 96, 39, '2023-09-21', 11, 3, 343, 49, CURRENT_TIMESTAMP, CURRENT_TIMESTAMP);
insert into Record (RecordID, PlanID, ExerciseID, Date, Reps, Sets, Weight, Duration, Created, LastUpdate) values (183, 200, 73, '2023-05-23', 20, 8, 98, 29, CURRENT_TIMESTAMP, CURRENT_TIMESTAMP);
insert into Record (RecordID, PlanID, ExerciseID, Date, Reps, Sets, Weight, Duration, Created, LastUpdate) values (184, 197, 2, '2023-01-02', 18, 9, 59, 17, CURRENT_TIMESTAMP, CURRENT_TIMESTAMP);
insert into Record (RecordID, PlanID, ExerciseID, Date, Reps, Sets, Weight, Duration, Created, LastUpdate) values (185, 48, 29, '2023-04-29', 14, 6, 338, 49, CURRENT_TIMESTAMP, CURRENT_TIMESTAMP);
insert into Record (RecordID, PlanID, ExerciseID, Date, Reps, Sets, Weight, Duration, Created, LastUpdate) values (186, 218, 71, '2023-05-07', 10, 4, 98, 29, CURRENT_TIMESTAMP, CURRENT_TIMESTAMP);
insert into Record (RecordID, PlanID, ExerciseID, Date, Reps, Sets, Weight, Duration, Created, LastUpdate) values (187, 50, 50, '2023-07-22', 16, 1, 220, 48, CURRENT_TIMESTAMP, CURRENT_TIMESTAMP);
insert into Record (RecordID, PlanID, ExerciseID, Date, Reps, Sets, Weight, Duration, Created, LastUpdate) values (188, 38, 31, '2023-05-26', 8, 2, 327, 23, CURRENT_TIMESTAMP, CURRENT_TIMESTAMP);
insert into Record (RecordID, PlanID, ExerciseID, Date, Reps, Sets, Weight, Duration, Created, LastUpdate) values (189, 227, 57, '2023-02-27', 19, 3, 252, 13, CURRENT_TIMESTAMP, CURRENT_TIMESTAMP);
insert into Record (RecordID, PlanID, ExerciseID, Date, Reps, Sets, Weight, Duration, Created, LastUpdate) values (190, 125, 55, '2023-01-17', 16, 1, 220, 36, CURRENT_TIMESTAMP, CURRENT_TIMESTAMP);
insert into Record (RecordID, PlanID, ExerciseID, Date, Reps, Sets, Weight, Duration, Created, LastUpdate) values (191, 181, 22, '2023-01-16', 17, 7, 286, 40, CURRENT_TIMESTAMP, CURRENT_TIMESTAMP);
insert into Record (RecordID, PlanID, ExerciseID, Date, Reps, Sets, Weight, Duration, Created, LastUpdate) values (192, 243, 24, '2023-08-30', 18, 2, 395, 28, CURRENT_TIMESTAMP, CURRENT_TIMESTAMP);
insert into Record (RecordID, PlanID, ExerciseID, Date, Reps, Sets, Weight, Duration, Created, LastUpdate) values (193, 104, 48, '2023-01-08', 7, 5, 106, 8, CURRENT_TIMESTAMP, CURRENT_TIMESTAMP);
insert into Record (RecordID, PlanID, ExerciseID, Date, Reps, Sets, Weight, Duration, Created, LastUpdate) values (194, 3, 16, '2023-03-10', 6, 9, 47, 16, CURRENT_TIMESTAMP, CURRENT_TIMESTAMP);
insert into Record (RecordID, PlanID, ExerciseID, Date, Reps, Sets, Weight, Duration, Created, LastUpdate) values (195, 86, 72, '2023-04-29', 13, 4, 233, 50, CURRENT_TIMESTAMP, CURRENT_TIMESTAMP);
insert into Record (RecordID, PlanID, ExerciseID, Date, Reps, Sets, Weight, Duration, Created, LastUpdate) values (196, 164, 41, '2023-04-26', 8, 3, 251, 12, CURRENT_TIMESTAMP, CURRENT_TIMESTAMP);
insert into Record (RecordID, PlanID, ExerciseID, Date, Reps, Sets, Weight, Duration, Created, LastUpdate) values (197, 250, 48, '2023-03-09', 19, 5, 249, 45, CURRENT_TIMESTAMP, CURRENT_TIMESTAMP);
insert into Record (RecordID, PlanID, ExerciseID, Date, Reps, Sets, Weight, Duration, Created, LastUpdate) values (198, 150, 71, '2023-06-12', 2, 1, 94, 41, CURRENT_TIMESTAMP, CURRENT_TIMESTAMP);
insert into Record (RecordID, PlanID, ExerciseID, Date, Reps, Sets, Weight, Duration, Created, LastUpdate) values (199, 88, 61, '2023-07-21', 10, 1, 78, 56, CURRENT_TIMESTAMP, CURRENT_TIMESTAMP);
insert into Record (RecordID, PlanID, ExerciseID, Date, Reps, Sets, Weight, Duration, Created, LastUpdate) values (200, 57, 15, '2023-03-26', 13, 6, 329, 11, CURRENT_TIMESTAMP, CURRENT_TIMESTAMP);
insert into Record (RecordID, PlanID, ExerciseID, Date, Reps, Sets, Weight, Duration, Created, LastUpdate) values (201, 208, 67, '2023-09-14', 14, 2, 300, 51, CURRENT_TIMESTAMP, CURRENT_TIMESTAMP);
insert into Record (RecordID, PlanID, ExerciseID, Date, Reps, Sets, Weight, Duration, Created, LastUpdate) values (202, 158, 72, '2023-10-05', 9, 3, 393, 30, CURRENT_TIMESTAMP, CURRENT_TIMESTAMP);
insert into Record (RecordID, PlanID, ExerciseID, Date, Reps, Sets, Weight, Duration, Created, LastUpdate) values (203, 229, 53, '2023-02-25', 20, 6, 359, 11, CURRENT_TIMESTAMP, CURRENT_TIMESTAMP);
insert into Record (RecordID, PlanID, ExerciseID, Date, Reps, Sets, Weight, Duration, Created, LastUpdate) values (204, 78, 38, '2023-05-13', 1, 7, 337, 21, CURRENT_TIMESTAMP, CURRENT_TIMESTAMP);
insert into Record (RecordID, PlanID, ExerciseID, Date, Reps, Sets, Weight, Duration, Created, LastUpdate) values (205, 1, 28, '2022-12-07', 13, 6, 366, 56, CURRENT_TIMESTAMP, CURRENT_TIMESTAMP);
insert into Record (RecordID, PlanID, ExerciseID, Date, Reps, Sets, Weight, Duration, Created, LastUpdate) values (206, 222, 70, '2023-09-26', 8, 8, 230, 36, CURRENT_TIMESTAMP, CURRENT_TIMESTAMP);
insert into Record (RecordID, PlanID, ExerciseID, Date, Reps, Sets, Weight, Duration, Created, LastUpdate) values (207, 34, 61, '2023-10-09', 11, 2, 378, 53, CURRENT_TIMESTAMP, CURRENT_TIMESTAMP);
insert into Record (RecordID, PlanID, ExerciseID, Date, Reps, Sets, Weight, Duration, Created, LastUpdate) values (208, 32, 19, '2023-05-09', 8, 9, 95, 10, CURRENT_TIMESTAMP, CURRENT_TIMESTAMP);
insert into Record (RecordID, PlanID, ExerciseID, Date, Reps, Sets, Weight, Duration, Created, LastUpdate) values (209, 160, 39, '2023-06-03', 6, 3, 250, 30, CURRENT_TIMESTAMP, CURRENT_TIMESTAMP);
insert into Record (RecordID, PlanID, ExerciseID, Date, Reps, Sets, Weight, Duration, Created, LastUpdate) values (210, 185, 13, '2023-01-13', 12, 1, 344, 53, CURRENT_TIMESTAMP, CURRENT_TIMESTAMP);
insert into Record (RecordID, PlanID, ExerciseID, Date, Reps, Sets, Weight, Duration, Created, LastUpdate) values (211, 246, 31, '2023-01-05', 7, 5, 290, 12, CURRENT_TIMESTAMP, CURRENT_TIMESTAMP);
insert into Record (RecordID, PlanID, ExerciseID, Date, Reps, Sets, Weight, Duration, Created, LastUpdate) values (212, 94, 13, '2023-11-08', 8, 4, 324, 58, CURRENT_TIMESTAMP, CURRENT_TIMESTAMP);
insert into Record (RecordID, PlanID, ExerciseID, Date, Reps, Sets, Weight, Duration, Created, LastUpdate) values (213, 87, 36, '2022-12-17', 17, 8, 72, 31, CURRENT_TIMESTAMP, CURRENT_TIMESTAMP);
insert into Record (RecordID, PlanID, ExerciseID, Date, Reps, Sets, Weight, Duration, Created, LastUpdate) values (214, 196, 59, '2023-02-21', 2, 6, 112, 39, CURRENT_TIMESTAMP, CURRENT_TIMESTAMP);
insert into Record (RecordID, PlanID, ExerciseID, Date, Reps, Sets, Weight, Duration, Created, LastUpdate) values (215, 159, 20, '2023-02-16', 4, 9, 146, 45, CURRENT_TIMESTAMP, CURRENT_TIMESTAMP);
insert into Record (RecordID, PlanID, ExerciseID, Date, Reps, Sets, Weight, Duration, Created, LastUpdate) values (216, 119, 32, '2023-02-22', 2, 6, 320, 39, CURRENT_TIMESTAMP, CURRENT_TIMESTAMP);
insert into Record (RecordID, PlanID, ExerciseID, Date, Reps, Sets, Weight, Duration, Created, LastUpdate) values (217, 23, 35, '2023-02-01', 19, 10, 160, 60, CURRENT_TIMESTAMP, CURRENT_TIMESTAMP);
insert into Record (RecordID, PlanID, ExerciseID, Date, Reps, Sets, Weight, Duration, Created, LastUpdate) values (218, 108, 25, '2023-01-08', 4, 1, 18, 31, CURRENT_TIMESTAMP, CURRENT_TIMESTAMP);
insert into Record (RecordID, PlanID, ExerciseID, Date, Reps, Sets, Weight, Duration, Created, LastUpdate) values (219, 81, 51, '2023-07-10', 14, 3, 227, 21, CURRENT_TIMESTAMP, CURRENT_TIMESTAMP);
insert into Record (RecordID, PlanID, ExerciseID, Date, Reps, Sets, Weight, Duration, Created, LastUpdate) values (220, 147, 5, '2023-09-05', 3, 3, 283, 33, CURRENT_TIMESTAMP, CURRENT_TIMESTAMP);
insert into Record (RecordID, PlanID, ExerciseID, Date, Reps, Sets, Weight, Duration, Created, LastUpdate) values (221, 99, 57, '2023-08-24', 19, 3, 378, 5, CURRENT_TIMESTAMP, CURRENT_TIMESTAMP);
insert into Record (RecordID, PlanID, ExerciseID, Date, Reps, Sets, Weight, Duration, Created, LastUpdate) values (222, 101, 27, '2023-03-26', 6, 5, 377, 49, CURRENT_TIMESTAMP, CURRENT_TIMESTAMP);
insert into Record (RecordID, PlanID, ExerciseID, Date, Reps, Sets, Weight, Duration, Created, LastUpdate) values (223, 21, 40, '2023-10-01', 9, 10, 260, 40, CURRENT_TIMESTAMP, CURRENT_TIMESTAMP);
insert into Record (RecordID, PlanID, ExerciseID, Date, Reps, Sets, Weight, Duration, Created, LastUpdate) values (224, 22, 39, '2023-04-14', 18, 2, 102, 44, CURRENT_TIMESTAMP, CURRENT_TIMESTAMP);
insert into Record (RecordID, PlanID, ExerciseID, Date, Reps, Sets, Weight, Duration, Created, LastUpdate) values (225, 111, 33, '2023-02-24', 19, 6, 100, 36, CURRENT_TIMESTAMP, CURRENT_TIMESTAMP);
insert into Record (RecordID, PlanID, ExerciseID, Date, Reps, Sets, Weight, Duration, Created, LastUpdate) values (226, 160, 69, '2022-12-02', 20, 1, 36, 59, CURRENT_TIMESTAMP, CURRENT_TIMESTAMP);
insert into Record (RecordID, PlanID, ExerciseID, Date, Reps, Sets, Weight, Duration, Created, LastUpdate) values (227, 39, 42, '2022-12-16', 16, 8, 295, 36, CURRENT_TIMESTAMP, CURRENT_TIMESTAMP);
insert into Record (RecordID, PlanID, ExerciseID, Date, Reps, Sets, Weight, Duration, Created, LastUpdate) values (228, 108, 69, '2023-09-28', 11, 2, 57, 39, CURRENT_TIMESTAMP, CURRENT_TIMESTAMP);
insert into Record (RecordID, PlanID, ExerciseID, Date, Reps, Sets, Weight, Duration, Created, LastUpdate) values (229, 25, 47, '2023-10-05', 14, 10, 288, 55, CURRENT_TIMESTAMP, CURRENT_TIMESTAMP);
insert into Record (RecordID, PlanID, ExerciseID, Date, Reps, Sets, Weight, Duration, Created, LastUpdate) values (230, 66, 55, '2023-10-10', 20, 4, 208, 46, CURRENT_TIMESTAMP, CURRENT_TIMESTAMP);
insert into Record (RecordID, PlanID, ExerciseID, Date, Reps, Sets, Weight, Duration, Created, LastUpdate) values (231, 110, 43, '2023-05-22', 10, 2, 378, 47, CURRENT_TIMESTAMP, CURRENT_TIMESTAMP);
insert into Record (RecordID, PlanID, ExerciseID, Date, Reps, Sets, Weight, Duration, Created, LastUpdate) values (232, 108, 73, '2023-03-08', 1, 7, 314, 7, CURRENT_TIMESTAMP, CURRENT_TIMESTAMP);
insert into Record (RecordID, PlanID, ExerciseID, Date, Reps, Sets, Weight, Duration, Created, LastUpdate) values (233, 112, 10, '2022-12-19', 6, 10, 145, 36, CURRENT_TIMESTAMP, CURRENT_TIMESTAMP);
insert into Record (RecordID, PlanID, ExerciseID, Date, Reps, Sets, Weight, Duration, Created, LastUpdate) values (234, 211, 59, '2022-12-18', 6, 10, 368, 56, CURRENT_TIMESTAMP, CURRENT_TIMESTAMP);
insert into Record (RecordID, PlanID, ExerciseID, Date, Reps, Sets, Weight, Duration, Created, LastUpdate) values (235, 180, 59, '2023-06-30', 10, 6, 297, 11, CURRENT_TIMESTAMP, CURRENT_TIMESTAMP);
insert into Record (RecordID, PlanID, ExerciseID, Date, Reps, Sets, Weight, Duration, Created, LastUpdate) values (236, 234, 57, '2023-06-15', 15, 2, 255, 12, CURRENT_TIMESTAMP, CURRENT_TIMESTAMP);
insert into Record (RecordID, PlanID, ExerciseID, Date, Reps, Sets, Weight, Duration, Created, LastUpdate) values (237, 64, 58, '2023-03-10', 13, 6, 266, 28, CURRENT_TIMESTAMP, CURRENT_TIMESTAMP);
insert into Record (RecordID, PlanID, ExerciseID, Date, Reps, Sets, Weight, Duration, Created, LastUpdate) values (238, 215, 34, '2022-12-24', 14, 6, 255, 15, CURRENT_TIMESTAMP, CURRENT_TIMESTAMP);
insert into Record (RecordID, PlanID, ExerciseID, Date, Reps, Sets, Weight, Duration, Created, LastUpdate) values (239, 128, 32, '2023-10-13', 8, 3, 205, 38, CURRENT_TIMESTAMP, CURRENT_TIMESTAMP);
insert into Record (RecordID, PlanID, ExerciseID, Date, Reps, Sets, Weight, Duration, Created, LastUpdate) values (240, 224, 60, '2023-02-21', 19, 8, 181, 40, CURRENT_TIMESTAMP, CURRENT_TIMESTAMP);
insert into Record (RecordID, PlanID, ExerciseID, Date, Reps, Sets, Weight, Duration, Created, LastUpdate) values (241, 67, 70, '2023-07-18', 9, 8, 124, 10, CURRENT_TIMESTAMP, CURRENT_TIMESTAMP);
insert into Record (RecordID, PlanID, ExerciseID, Date, Reps, Sets, Weight, Duration, Created, LastUpdate) values (242, 39, 50, '2023-07-14', 7, 3, 78, 60, CURRENT_TIMESTAMP, CURRENT_TIMESTAMP);
insert into Record (RecordID, PlanID, ExerciseID, Date, Reps, Sets, Weight, Duration, Created, LastUpdate) values (243, 180, 3, '2023-04-16', 9, 1, 315, 15, CURRENT_TIMESTAMP, CURRENT_TIMESTAMP);
insert into Record (RecordID, PlanID, ExerciseID, Date, Reps, Sets, Weight, Duration, Created, LastUpdate) values (244, 88, 5, '2023-06-10', 13, 5, 81, 33, CURRENT_TIMESTAMP, CURRENT_TIMESTAMP);
insert into Record (RecordID, PlanID, ExerciseID, Date, Reps, Sets, Weight, Duration, Created, LastUpdate) values (245, 129, 47, '2022-11-15', 9, 8, 349, 28, CURRENT_TIMESTAMP, CURRENT_TIMESTAMP);
insert into Record (RecordID, PlanID, ExerciseID, Date, Reps, Sets, Weight, Duration, Created, LastUpdate) values (246, 54, 69, '2023-09-29', 13, 9, 19, 38, CURRENT_TIMESTAMP, CURRENT_TIMESTAMP);
insert into Record (RecordID, PlanID, ExerciseID, Date, Reps, Sets, Weight, Duration, Created, LastUpdate) values (247, 57, 44, '2023-07-09', 17, 7, 238, 53, CURRENT_TIMESTAMP, CURRENT_TIMESTAMP);
insert into Record (RecordID, PlanID, ExerciseID, Date, Reps, Sets, Weight, Duration, Created, LastUpdate) values (248, 55, 41, '2023-06-20', 13, 4, 125, 31, CURRENT_TIMESTAMP, CURRENT_TIMESTAMP);
insert into Record (RecordID, PlanID, ExerciseID, Date, Reps, Sets, Weight, Duration, Created, LastUpdate) values (249, 47, 7, '2023-02-24', 8, 5, 295, 20, CURRENT_TIMESTAMP, CURRENT_TIMESTAMP);
insert into Record (RecordID, PlanID, ExerciseID, Date, Reps, Sets, Weight, Duration, Created, LastUpdate) values (250, 211, 23, '2023-08-06', 16, 10, 166, 45, CURRENT_TIMESTAMP, CURRENT_TIMESTAMP);



-- Dumping data for Request table
insert into Request (RequestID, UserID, CoachID, Status, Goals, Note, Created, LastUpdate) values (1, 66, 13, 'Pending', 'Muscle building', 'rutrum nulla tellus in', CURRENT_TIMESTAMP, CURRENT_TIMESTAMP);
insert into Request (RequestID, UserID, CoachID, Status, Goals, Note, Created, LastUpdate) values (2, 86, 17, 'Pending', 'Weight loss', 'nulla tempus vivamus in felis eu', CURRENT_TIMESTAMP, CURRENT_TIMESTAMP);
insert into Request (RequestID, UserID, CoachID, Status, Goals, Note, Created, LastUpdate) values (3, 64, 12, 'Denied', 'Weight loss', 'at lorem integer tincidunt ante', CURRENT_TIMESTAMP, CURRENT_TIMESTAMP);
insert into Request (RequestID, UserID, CoachID, Status, Goals, Note, Created, LastUpdate) values (4, 72, 14, 'Denied', 'Weight gain', 'neque vestibulum eget vulputate ut', CURRENT_TIMESTAMP, CURRENT_TIMESTAMP);
insert into Request (RequestID, UserID, CoachID, Status, Goals, Note, Created, LastUpdate) values (5, 47, 9, 'Denied', 'Weight gain', 'odio in hac habitasse platea dictumst maecenas ut', CURRENT_TIMESTAMP, CURRENT_TIMESTAMP);
insert into Request (RequestID, UserID, CoachID, Status, Goals, Note, Created, LastUpdate) values (6, 54, 10, 'Denied', 'Stamina building', 'sodales sed tincidunt eu felis fusce posuere', CURRENT_TIMESTAMP, CURRENT_TIMESTAMP);
insert into Request (RequestID, UserID, CoachID, Status, Goals, Note, Created, LastUpdate) values (7, 78, 15, 'Denied', 'Stamina building', 'turpis elementum ligula vehicula consequat morbi a', CURRENT_TIMESTAMP, CURRENT_TIMESTAMP);
insert into Request (RequestID, UserID, CoachID, Status, Goals, Note, Created, LastUpdate) values (8, 90, 18, 'Denied', 'Muscle building', 'odio porttitor id consequat in consequat', CURRENT_TIMESTAMP, CURRENT_TIMESTAMP);
insert into Request (RequestID, UserID, CoachID, Status, Goals, Note, Created, LastUpdate) values (9, 99, 19, 'Denied', 'Weight gain', 'phasellus sit amet erat nulla tempus vivamus', CURRENT_TIMESTAMP, CURRENT_TIMESTAMP);
insert into Request (RequestID, UserID, CoachID, Status, Goals, Note, Created, LastUpdate) values (10, 14, 2, 'Denied', 'Weight loss', 'porttitor id consequat in consequat', CURRENT_TIMESTAMP, CURRENT_TIMESTAMP);
insert into Request (RequestID, UserID, CoachID, Status, Goals, Note, Created, LastUpdate) values (11, 85, 22, 'Accepted', 'Weight loss', 'sapien ut nunc vestibulum ante ipsum primis in', CURRENT_TIMESTAMP, CURRENT_TIMESTAMP);
insert into Request (RequestID, UserID, CoachID, Status, Goals, Note, Created, LastUpdate) values (12, 78, 15, 'Denied', 'Stamina building', 'magna vulputate luctus cum sociis natoque penatibus', CURRENT_TIMESTAMP, CURRENT_TIMESTAMP);
insert into Request (RequestID, UserID, CoachID, Status, Goals, Note, Created, LastUpdate) values (13, 8, 1, 'Denied', 'Strength building', 'dignissim vestibulum vestibulum ante', CURRENT_TIMESTAMP, CURRENT_TIMESTAMP);
insert into Request (RequestID, UserID, CoachID, Status, Goals, Note, Created, LastUpdate) values (14, 38, 7, 'Denied', 'Weight loss', 'arcu adipiscing molestie hendrerit at vulputate vitae nisl', CURRENT_TIMESTAMP, CURRENT_TIMESTAMP);
insert into Request (RequestID, UserID, CoachID, Status, Goals, Note, Created, LastUpdate) values (15, 96, 19, 'Pending', 'Weight gain', 'donec posuere metus vitae ipsum', CURRENT_TIMESTAMP, CURRENT_TIMESTAMP);
insert into Request (RequestID, UserID, CoachID, Status, Goals, Note, Created, LastUpdate) values (16, 15, 3, 'Denied', 'Muscle building', 'tempor turpis nec euismod scelerisque', CURRENT_TIMESTAMP, CURRENT_TIMESTAMP);
insert into Request (RequestID, UserID, CoachID, Status, Goals, Note, Created, LastUpdate) values (17, 6, 1, 'Pending', 'Strength building', 'donec posuere metus vitae ipsum', CURRENT_TIMESTAMP, CURRENT_TIMESTAMP);
insert into Request (RequestID, UserID, CoachID, Status, Goals, Note, Created, LastUpdate) values (18, 95, 19, 'Denied', 'Weight gain', 'sit amet nunc viverra dapibus nulla suscipit', CURRENT_TIMESTAMP, CURRENT_TIMESTAMP);
insert into Request (RequestID, UserID, CoachID, Status, Goals, Note, Created, LastUpdate) values (19, 77, 20, 'Accepted', 'Stamina building', 'iaculis congue vivamus metus', CURRENT_TIMESTAMP, CURRENT_TIMESTAMP);
insert into Request (RequestID, UserID, CoachID, Status, Goals, Note, Created, LastUpdate) values (20, 44, 8, 'Denied', 'Muscle building', 'faucibus orci luctus et', CURRENT_TIMESTAMP, CURRENT_TIMESTAMP);
insert into Request (RequestID, UserID, CoachID, Status, Goals, Note, Created, LastUpdate) values (21, 12, 2, 'Denied', 'Weight loss', 'ac nulla sed vel', CURRENT_TIMESTAMP, CURRENT_TIMESTAMP);
insert into Request (RequestID, UserID, CoachID, Status, Goals, Note, Created, LastUpdate) values (22, 1, 1, 'Accepted', 'Strength building', 'sed interdum venenatis turpis enim blandit mi', CURRENT_TIMESTAMP, CURRENT_TIMESTAMP);
insert into Request (RequestID, UserID, CoachID, Status, Goals, Note, Created, LastUpdate) values (23, 24, 4, 'Denied', 'Weight gain', 'a nibh in quis justo maecenas rhoncus', CURRENT_TIMESTAMP, CURRENT_TIMESTAMP);
insert into Request (RequestID, UserID, CoachID, Status, Goals, Note, Created, LastUpdate) values (24, 92, 18, 'Denied', 'Muscle building', 'magna vestibulum aliquet ultrices erat tortor sollicitudin mi', CURRENT_TIMESTAMP, CURRENT_TIMESTAMP);
insert into Request (RequestID, UserID, CoachID, Status, Goals, Note, Created, LastUpdate) values (25, 35, 7, 'Denied', 'Weight loss', 'consectetuer eget rutrum at lorem', CURRENT_TIMESTAMP, CURRENT_TIMESTAMP);
insert into Request (RequestID, UserID, CoachID, Status, Goals, Note, Created, LastUpdate) values (26, 87, 17, 'Denied', 'Weight loss', 'luctus ultricies eu nibh quisque id justo sit', CURRENT_TIMESTAMP, CURRENT_TIMESTAMP);
insert into Request (RequestID, UserID, CoachID, Status, Goals, Note, Created, LastUpdate) values (27, 11, 2, 'Pending', 'Weight loss', 'vehicula consequat morbi a ipsum integer a', CURRENT_TIMESTAMP, CURRENT_TIMESTAMP);
insert into Request (RequestID, UserID, CoachID, Status, Goals, Note, Created, LastUpdate) values (28, 12, 2, 'Denied', 'Weight loss', 'semper est quam pharetra', CURRENT_TIMESTAMP, CURRENT_TIMESTAMP);
insert into Request (RequestID, UserID, CoachID, Status, Goals, Note, Created, LastUpdate) values (29, 60, 12, 'Denied', 'Weight loss', 'mauris enim leo rhoncus sed vestibulum', CURRENT_TIMESTAMP, CURRENT_TIMESTAMP);
insert into Request (RequestID, UserID, CoachID, Status, Goals, Note, Created, LastUpdate) values (30, 41, 11, 'Accepted', 'Strength building', 'lacus morbi sem mauris', CURRENT_TIMESTAMP, CURRENT_TIMESTAMP);
insert into Request (RequestID, UserID, CoachID, Status, Goals, Note, Created, LastUpdate) values (31, 21, 6, 'Accepted', 'Strength building', 'lacus purus aliquet at feugiat non pretium quis', CURRENT_TIMESTAMP, CURRENT_TIMESTAMP);
insert into Request (RequestID, UserID, CoachID, Status, Goals, Note, Created, LastUpdate) values (32, 70, 14, 'Denied', 'Weight gain', 'convallis eget eleifend luctus ultricies eu nibh quisque', CURRENT_TIMESTAMP, CURRENT_TIMESTAMP);
insert into Request (RequestID, UserID, CoachID, Status, Goals, Note, Created, LastUpdate) values (33, 1, 1, 'Accepted', 'Strength building', 'blandit ultrices enim lorem', CURRENT_TIMESTAMP, CURRENT_TIMESTAMP);
insert into Request (RequestID, UserID, CoachID, Status, Goals, Note, Created, LastUpdate) values (34, 39, 7, 'Denied', 'Weight loss', 'rutrum nulla tellus in sagittis dui vel nisl', CURRENT_TIMESTAMP, CURRENT_TIMESTAMP);
insert into Request (RequestID, UserID, CoachID, Status, Goals, Note, Created, LastUpdate) values (35, 47, 9, 'Denied', 'Weight gain', 'purus eu magna vulputate luctus', CURRENT_TIMESTAMP, CURRENT_TIMESTAMP);
insert into Request (RequestID, UserID, CoachID, Status, Goals, Note, Created, LastUpdate) values (36, 29, 8, 'Accepted', 'Muscle building', 'viverra dapibus nulla suscipit ligula in lacus', CURRENT_TIMESTAMP, CURRENT_TIMESTAMP);
insert into Request (RequestID, UserID, CoachID, Status, Goals, Note, Created, LastUpdate) values (37, 1, 1, 'Accepted', 'Strength building', 'rutrum rutrum neque aenean auctor', CURRENT_TIMESTAMP, CURRENT_TIMESTAMP);
insert into Request (RequestID, UserID, CoachID, Status, Goals, Note, Created, LastUpdate) values (38, 21, 6, 'Accepted', 'Strength building', 'ut massa quis augue luctus tincidunt nulla', CURRENT_TIMESTAMP, CURRENT_TIMESTAMP);
insert into Request (RequestID, UserID, CoachID, Status, Goals, Note, Created, LastUpdate) values (39, 12, 2, 'Denied', 'Weight loss', 'diam cras pellentesque volutpat', CURRENT_TIMESTAMP, CURRENT_TIMESTAMP);
insert into Request (RequestID, UserID, CoachID, Status, Goals, Note, Created, LastUpdate) values (40, 52, 10, 'Denied', 'Stamina building', 'ligula pellentesque ultrices phasellus id sapien in sapien', CURRENT_TIMESTAMP, CURRENT_TIMESTAMP);
insert into Request (RequestID, UserID, CoachID, Status, Goals, Note, Created, LastUpdate) values (41, 86, 17, 'Pending', 'Weight loss', 'sapien dignissim vestibulum vestibulum ante ipsum primis in', CURRENT_TIMESTAMP, CURRENT_TIMESTAMP);
insert into Request (RequestID, UserID, CoachID, Status, Goals, Note, Created, LastUpdate) values (42, 50, 10, 'Denied', 'Stamina building', 'faucibus cursus urna ut', CURRENT_TIMESTAMP, CURRENT_TIMESTAMP);
insert into Request (RequestID, UserID, CoachID, Status, Goals, Note, Created, LastUpdate) values (43, 44, 8, 'Denied', 'Muscle building', 'tellus nisi eu orci', CURRENT_TIMESTAMP, CURRENT_TIMESTAMP);
insert into Request (RequestID, UserID, CoachID, Status, Goals, Note, Created, LastUpdate) values (44, 100, 20, 'Denied', 'Stamina building', 'a pede posuere nonummy integer non velit donec', CURRENT_TIMESTAMP, CURRENT_TIMESTAMP);
insert into Request (RequestID, UserID, CoachID, Status, Goals, Note, Created, LastUpdate) values (45, 82, 16, 'Denied', 'Strength building', 'venenatis lacinia aenean sit amet justo morbi ut', CURRENT_TIMESTAMP, CURRENT_TIMESTAMP);
insert into Request (RequestID, UserID, CoachID, Status, Goals, Note, Created, LastUpdate) values (46, 40, 8, 'Denied', 'Muscle building', 'nullam sit amet turpis elementum', CURRENT_TIMESTAMP, CURRENT_TIMESTAMP);
insert into Request (RequestID, UserID, CoachID, Status, Goals, Note, Created, LastUpdate) values (47, 99, 19, 'Denied', 'Weight gain', 'nulla tellus in sagittis', CURRENT_TIMESTAMP, CURRENT_TIMESTAMP);
insert into Request (RequestID, UserID, CoachID, Status, Goals, Note, Created, LastUpdate) values (48, 19, 3, 'Denied', 'Muscle building', 'duis mattis egestas metus aenean fermentum donec', CURRENT_TIMESTAMP, CURRENT_TIMESTAMP);
insert into Request (RequestID, UserID, CoachID, Status, Goals, Note, Created, LastUpdate) values (49, 63, 12, 'Denied', 'Weight loss', 'lacinia erat vestibulum sed', CURRENT_TIMESTAMP, CURRENT_TIMESTAMP);
insert into Request (RequestID, UserID, CoachID, Status, Goals, Note, Created, LastUpdate) values (50, 30, 6, 'Denied', 'Strength building', 'congue eget semper rutrum nulla nunc purus phasellus', CURRENT_TIMESTAMP, CURRENT_TIMESTAMP);
insert into Request (RequestID, UserID, CoachID, Status, Goals, Note, Created, LastUpdate) values (51, 18, 3, 'Denied', 'Muscle building', 'massa tempor convallis nulla neque libero', CURRENT_TIMESTAMP, CURRENT_TIMESTAMP);
insert into Request (RequestID, UserID, CoachID, Status, Goals, Note, Created, LastUpdate) values (52, 71, 14, 'Pending', 'Weight gain', 'cras pellentesque volutpat dui maecenas tristique est', CURRENT_TIMESTAMP, CURRENT_TIMESTAMP);
insert into Request (RequestID, UserID, CoachID, Status, Goals, Note, Created, LastUpdate) values (53, 37, 10, 'Accepted', 'Stamina building', 'suscipit nulla elit ac nulla sed vel', CURRENT_TIMESTAMP, CURRENT_TIMESTAMP);
insert into Request (RequestID, UserID, CoachID, Status, Goals, Note, Created, LastUpdate) values (54, 9, 3, 'Accepted', 'Muscle building', 'dapibus augue vel accumsan tellus nisi eu orci', CURRENT_TIMESTAMP, CURRENT_TIMESTAMP);
insert into Request (RequestID, UserID, CoachID, Status, Goals, Note, Created, LastUpdate) values (55, 87, 17, 'Denied', 'Weight loss', 'augue vestibulum ante ipsum primis in faucibus orci', CURRENT_TIMESTAMP, CURRENT_TIMESTAMP);
insert into Request (RequestID, UserID, CoachID, Status, Goals, Note, Created, LastUpdate) values (56, 85, 22, 'Accepted', 'Weight loss', 'nullam molestie nibh in', CURRENT_TIMESTAMP, CURRENT_TIMESTAMP);
insert into Request (RequestID, UserID, CoachID, Status, Goals, Note, Created, LastUpdate) values (57, 29, 8, 'Accepted', 'Muscle building', 'vitae quam suspendisse potenti', CURRENT_TIMESTAMP, CURRENT_TIMESTAMP);
insert into Request (RequestID, UserID, CoachID, Status, Goals, Note, Created, LastUpdate) values (58, 7, 1, 'Denied', 'Strength building', 'in purus eu magna vulputate luctus cum', CURRENT_TIMESTAMP, CURRENT_TIMESTAMP);
insert into Request (RequestID, UserID, CoachID, Status, Goals, Note, Created, LastUpdate) values (59, 33, 9, 'Accepted', 'Weight gain', 'id luctus nec molestie sed justo', CURRENT_TIMESTAMP, CURRENT_TIMESTAMP);
insert into Request (RequestID, UserID, CoachID, Status, Goals, Note, Created, LastUpdate) values (60, 44, 8, 'Denied', 'Muscle building', 'turpis sed ante vivamus tortor duis mattis egestas', CURRENT_TIMESTAMP, CURRENT_TIMESTAMP);
insert into Request (RequestID, UserID, CoachID, Status, Goals, Note, Created, LastUpdate) values (61, 9, 3, 'Accepted', 'Muscle building', 'vitae nisl aenean lectus pellentesque', CURRENT_TIMESTAMP, CURRENT_TIMESTAMP);
insert into Request (RequestID, UserID, CoachID, Status, Goals, Note, Created, LastUpdate) values (62, 87, 17, 'Denied', 'Weight loss', 'feugiat non pretium quis lectus suspendisse', CURRENT_TIMESTAMP, CURRENT_TIMESTAMP);
insert into Request (RequestID, UserID, CoachID, Status, Goals, Note, Created, LastUpdate) values (63, 56, 11, 'Pending', 'Strength building', 'varius ut blandit non interdum in', CURRENT_TIMESTAMP, CURRENT_TIMESTAMP);
insert into Request (RequestID, UserID, CoachID, Status, Goals, Note, Created, LastUpdate) values (64, 11, 2, 'Pending', 'Weight loss', 'eu nibh quisque id justo sit amet', CURRENT_TIMESTAMP, CURRENT_TIMESTAMP);
insert into Request (RequestID, UserID, CoachID, Status, Goals, Note, Created, LastUpdate) values (65, 48, 9, 'Denied', 'Weight gain', 'rhoncus sed vestibulum sit amet cursus', CURRENT_TIMESTAMP, CURRENT_TIMESTAMP);
insert into Request (RequestID, UserID, CoachID, Status, Goals, Note, Created, LastUpdate) values (66, 13, 4, 'Accepted', 'Weight gain', 'mauris morbi non lectus aliquam sit amet', CURRENT_TIMESTAMP, CURRENT_TIMESTAMP);
insert into Request (RequestID, UserID, CoachID, Status, Goals, Note, Created, LastUpdate) values (67, 4, 1, 'Denied', 'Stamina building', 'at velit eu est congue elementum', CURRENT_TIMESTAMP, CURRENT_TIMESTAMP);
insert into Request (RequestID, UserID, CoachID, Status, Goals, Note, Created, LastUpdate) values (68, 87, 17, 'Denied', 'Weight loss', 'ipsum aliquam non mauris', CURRENT_TIMESTAMP, CURRENT_TIMESTAMP);
insert into Request (RequestID, UserID, CoachID, Status, Goals, Note, Created, LastUpdate) values (69, 63, 12, 'Denied', 'Weight loss', 'sollicitudin ut suscipit a feugiat', CURRENT_TIMESTAMP, CURRENT_TIMESTAMP);
insert into Request (RequestID, UserID, CoachID, Status, Goals, Note, Created, LastUpdate) values (70, 57, 15, 'Accepted', 'Stamina building', 'ornare consequat lectus in', CURRENT_TIMESTAMP, CURRENT_TIMESTAMP);
insert into Request (RequestID, UserID, CoachID, Status, Goals, Note, Created, LastUpdate) values (71, 49, 13, 'Accepted', 'Muscle building', 'tellus semper interdum mauris ullamcorper purus sit amet', CURRENT_TIMESTAMP, CURRENT_TIMESTAMP);
insert into Request (RequestID, UserID, CoachID, Status, Goals, Note, Created, LastUpdate) values (72, 27, 5, 'Denied', 'Stamina building', 'tristique in tempus sit amet sem fusce', CURRENT_TIMESTAMP, CURRENT_TIMESTAMP);
insert into Request (RequestID, UserID, CoachID, Status, Goals, Note, Created, LastUpdate) values (73, 56, 11, 'Pending', 'Strength building', 'non interdum in ante', CURRENT_TIMESTAMP, CURRENT_TIMESTAMP);
insert into Request (RequestID, UserID, CoachID, Status, Goals, Note, Created, LastUpdate) values (74, 27, 5, 'Denied', 'Stamina building', 'ultrices erat tortor sollicitudin mi', CURRENT_TIMESTAMP, CURRENT_TIMESTAMP);
insert into Request (RequestID, UserID, CoachID, Status, Goals, Note, Created, LastUpdate) values (75, 61, 16, 'Accepted', 'Strength building', 'quis turpis sed ante vivamus', CURRENT_TIMESTAMP, CURRENT_TIMESTAMP);
insert into Request (RequestID, UserID, CoachID, Status, Goals, Note, Created, LastUpdate) values (76, 40, 8, 'Denied', 'Muscle building', 'luctus et ultrices posuere cubilia curae', CURRENT_TIMESTAMP, CURRENT_TIMESTAMP);
insert into Request (RequestID, UserID, CoachID, Status, Goals, Note, Created, LastUpdate) values (77, 41, 11, 'Accepted', 'Strength building', 'nulla facilisi cras non velit nec nisi', CURRENT_TIMESTAMP, CURRENT_TIMESTAMP);
insert into Request (RequestID, UserID, CoachID, Status, Goals, Note, Created, LastUpdate) values (78, 40, 8, 'Denied', 'Muscle building', 'suspendisse potenti in eleifend quam', CURRENT_TIMESTAMP, CURRENT_TIMESTAMP);
insert into Request (RequestID, UserID, CoachID, Status, Goals, Note, Created, LastUpdate) values (79, 98, 19, 'Denied', 'Weight gain', 'posuere nonummy integer non velit donec diam neque', CURRENT_TIMESTAMP, CURRENT_TIMESTAMP);
insert into Request (RequestID, UserID, CoachID, Status, Goals, Note, Created, LastUpdate) values (80, 15, 3, 'Denied', 'Muscle building', 'eget tincidunt eget tempus vel pede', CURRENT_TIMESTAMP, CURRENT_TIMESTAMP);
insert into Request (RequestID, UserID, CoachID, Status, Goals, Note, Created, LastUpdate) values (81, 20, 4, 'Denied', 'Weight gain', 'nec molestie sed justo pellentesque viverra pede ac', CURRENT_TIMESTAMP, CURRENT_TIMESTAMP);
insert into Request (RequestID, UserID, CoachID, Status, Goals, Note, Created, LastUpdate) values (82, 31, 6, 'Pending', 'Strength building', 'elit proin interdum mauris non ligula', CURRENT_TIMESTAMP, CURRENT_TIMESTAMP);
insert into Request (RequestID, UserID, CoachID, Status, Goals, Note, Created, LastUpdate) values (83, 55, 11, 'Denied', 'Strength building', 'at dolor quis odio consequat varius integer ac', CURRENT_TIMESTAMP, CURRENT_TIMESTAMP);
insert into Request (RequestID, UserID, CoachID, Status, Goals, Note, Created, LastUpdate) values (84, 44, 8, 'Denied', 'Muscle building', 'nulla sed accumsan felis ut', CURRENT_TIMESTAMP, CURRENT_TIMESTAMP);
insert into Request (RequestID, UserID, CoachID, Status, Goals, Note, Created, LastUpdate) values (85, 46, 9, 'Pending', 'Weight gain', 'blandit mi in porttitor pede', CURRENT_TIMESTAMP, CURRENT_TIMESTAMP);
insert into Request (RequestID, UserID, CoachID, Status, Goals, Note, Created, LastUpdate) values (86, 20, 4, 'Denied', 'Weight gain', 'ante nulla justo aliquam quis', CURRENT_TIMESTAMP, CURRENT_TIMESTAMP);
insert into Request (RequestID, UserID, CoachID, Status, Goals, Note, Created, LastUpdate) values (87, 35, 7, 'Denied', 'Weight loss', 'odio in hac habitasse platea', CURRENT_TIMESTAMP, CURRENT_TIMESTAMP);
insert into Request (RequestID, UserID, CoachID, Status, Goals, Note, Created, LastUpdate) values (88, 87, 17, 'Denied', 'Weight loss', 'ac neque duis bibendum morbi non quam', CURRENT_TIMESTAMP, CURRENT_TIMESTAMP);
insert into Request (RequestID, UserID, CoachID, Status, Goals, Note, Created, LastUpdate) values (89, 41, 11, 'Accepted', 'Strength building', 'vel augue vestibulum rutrum rutrum neque', CURRENT_TIMESTAMP, CURRENT_TIMESTAMP);
insert into Request (RequestID, UserID, CoachID, Status, Goals, Note, Created, LastUpdate) values (90, 48, 9, 'Denied', 'Weight gain', 'ipsum ac tellus semper interdum', CURRENT_TIMESTAMP, CURRENT_TIMESTAMP);
insert into Request (RequestID, UserID, CoachID, Status, Goals, Note, Created, LastUpdate) values (91, 32, 6, 'Denied', 'Strength building', 'integer a nibh in', CURRENT_TIMESTAMP, CURRENT_TIMESTAMP);
insert into Request (RequestID, UserID, CoachID, Status, Goals, Note, Created, LastUpdate) values (92, 70, 14, 'Denied', 'Weight gain', 'sed tristique in tempus', CURRENT_TIMESTAMP, CURRENT_TIMESTAMP);
insert into Request (RequestID, UserID, CoachID, Status, Goals, Note, Created, LastUpdate) values (93, 64, 12, 'Denied', 'Weight loss', 'id luctus nec molestie sed justo', CURRENT_TIMESTAMP, CURRENT_TIMESTAMP);
insert into Request (RequestID, UserID, CoachID, Status, Goals, Note, Created, LastUpdate) values (94, 89, 23, 'Accepted', 'Muscle building', 'dis parturient montes nascetur ridiculus', CURRENT_TIMESTAMP, CURRENT_TIMESTAMP);
insert into Request (RequestID, UserID, CoachID, Status, Goals, Note, Created, LastUpdate) values (95, 3, 1, 'Denied', 'Stamina building', 'non velit nec nisi vulputate', CURRENT_TIMESTAMP, CURRENT_TIMESTAMP);
insert into Request (RequestID, UserID, CoachID, Status, Goals, Note, Created, LastUpdate) values (96, 5, 2, 'Accepted', 'Weight loss', 'morbi porttitor lorem id ligula', CURRENT_TIMESTAMP, CURRENT_TIMESTAMP);
insert into Request (RequestID, UserID, CoachID, Status, Goals, Note, Created, LastUpdate) values (97, 70, 14, 'Denied', 'Weight gain', 'in imperdiet et commodo vulputate justo', CURRENT_TIMESTAMP, CURRENT_TIMESTAMP);
insert into Request (RequestID, UserID, CoachID, Status, Goals, Note, Created, LastUpdate) values (98, 89, 23, 'Accepted', 'Muscle building', 'pellentesque volutpat dui maecenas tristique est et', CURRENT_TIMESTAMP, CURRENT_TIMESTAMP);
insert into Request (RequestID, UserID, CoachID, Status, Goals, Note, Created, LastUpdate) values (99, 60, 12, 'Denied', 'Weight loss', 'purus phasellus in felis donec semper sapien a', CURRENT_TIMESTAMP, CURRENT_TIMESTAMP);
insert into Request (RequestID, UserID, CoachID, Status, Goals, Note, Created, LastUpdate) values (100, 48, 9, 'Denied', 'Weight gain', 'varius integer ac leo pellentesque ultrices mattis odio', CURRENT_TIMESTAMP, CURRENT_TIMESTAMP);
insert into Request (RequestID, UserID, CoachID, Status, Goals, Note, Created, LastUpdate) values (101, 78, 15, 'Denied', 'Stamina building', 'consequat dui nec nisi volutpat eleifend donec ut', CURRENT_TIMESTAMP, CURRENT_TIMESTAMP);
insert into Request (RequestID, UserID, CoachID, Status, Goals, Note, Created, LastUpdate) values (102, 98, 19, 'Denied', 'Weight gain', 'curabitur in libero ut massa', CURRENT_TIMESTAMP, CURRENT_TIMESTAMP);
insert into Request (RequestID, UserID, CoachID, Status, Goals, Note, Created, LastUpdate) values (103, 59, 11, 'Denied', 'Strength building', 'ante ipsum primis in faucibus orci luctus', CURRENT_TIMESTAMP, CURRENT_TIMESTAMP);
insert into Request (RequestID, UserID, CoachID, Status, Goals, Note, Created, LastUpdate) values (104, 96, 19, 'Pending', 'Weight gain', 'curabitur in libero ut massa volutpat convallis morbi', CURRENT_TIMESTAMP, CURRENT_TIMESTAMP);
insert into Request (RequestID, UserID, CoachID, Status, Goals, Note, Created, LastUpdate) values (105, 100, 20, 'Denied', 'Stamina building', 'sapien in sapien iaculis', CURRENT_TIMESTAMP, CURRENT_TIMESTAMP);
insert into Request (RequestID, UserID, CoachID, Status, Goals, Note, Created, LastUpdate) values (106, 58, 11, 'Denied', 'Strength building', 'phasellus in felis donec semper sapien a', CURRENT_TIMESTAMP, CURRENT_TIMESTAMP);
insert into Request (RequestID, UserID, CoachID, Status, Goals, Note, Created, LastUpdate) values (107, 90, 18, 'Denied', 'Muscle building', 'metus aenean fermentum donec', CURRENT_TIMESTAMP, CURRENT_TIMESTAMP);
insert into Request (RequestID, UserID, CoachID, Status, Goals, Note, Created, LastUpdate) values (108, 15, 3, 'Denied', 'Muscle building', 'dolor sit amet consectetuer', CURRENT_TIMESTAMP, CURRENT_TIMESTAMP);
insert into Request (RequestID, UserID, CoachID, Status, Goals, Note, Created, LastUpdate) values (109, 8, 1, 'Denied', 'Strength building', 'in lectus pellentesque at nulla suspendisse potenti cras', CURRENT_TIMESTAMP, CURRENT_TIMESTAMP);
insert into Request (RequestID, UserID, CoachID, Status, Goals, Note, Created, LastUpdate) values (110, 36, 7, 'Pending', 'Weight loss', 'lectus in quam fringilla rhoncus mauris enim', CURRENT_TIMESTAMP, CURRENT_TIMESTAMP);
insert into Request (RequestID, UserID, CoachID, Status, Goals, Note, Created, LastUpdate) values (111, 14, 2, 'Denied', 'Weight loss', 'rutrum at lorem integer tincidunt ante vel', CURRENT_TIMESTAMP, CURRENT_TIMESTAMP);
insert into Request (RequestID, UserID, CoachID, Status, Goals, Note, Created, LastUpdate) values (112, 46, 9, 'Pending', 'Weight gain', 'morbi non quam nec dui', CURRENT_TIMESTAMP, CURRENT_TIMESTAMP);
insert into Request (RequestID, UserID, CoachID, Status, Goals, Note, Created, LastUpdate) values (113, 52, 10, 'Denied', 'Stamina building', 'ultrices erat tortor sollicitudin mi sit amet', CURRENT_TIMESTAMP, CURRENT_TIMESTAMP);
insert into Request (RequestID, UserID, CoachID, Status, Goals, Note, Created, LastUpdate) values (114, 14, 2, 'Denied', 'Weight loss', 'mi nulla ac enim in tempor', CURRENT_TIMESTAMP, CURRENT_TIMESTAMP);
insert into Request (RequestID, UserID, CoachID, Status, Goals, Note, Created, LastUpdate) values (115, 96, 19, 'Pending', 'Weight gain', 'id luctus nec molestie sed', CURRENT_TIMESTAMP, CURRENT_TIMESTAMP);
insert into Request (RequestID, UserID, CoachID, Status, Goals, Note, Created, LastUpdate) values (116, 43, 8, 'Denied', 'Muscle building', 'nec dui luctus rutrum nulla', CURRENT_TIMESTAMP, CURRENT_TIMESTAMP);
insert into Request (RequestID, UserID, CoachID, Status, Goals, Note, Created, LastUpdate) values (117, 21, 6, 'Accepted', 'Strength building', 'ultrices libero non mattis pulvinar nulla', CURRENT_TIMESTAMP, CURRENT_TIMESTAMP);
insert into Request (RequestID, UserID, CoachID, Status, Goals, Note, Created, LastUpdate) values (118, 15, 3, 'Denied', 'Muscle building', 'morbi sem mauris laoreet', CURRENT_TIMESTAMP, CURRENT_TIMESTAMP);
insert into Request (RequestID, UserID, CoachID, Status, Goals, Note, Created, LastUpdate) values (119, 57, 15, 'Accepted', 'Stamina building', 'primis in faucibus orci luctus et', CURRENT_TIMESTAMP, CURRENT_TIMESTAMP);
insert into Request (RequestID, UserID, CoachID, Status, Goals, Note, Created, LastUpdate) values (120, 74, 14, 'Denied', 'Weight gain', 'aliquam erat volutpat in congue etiam justo etiam', CURRENT_TIMESTAMP, CURRENT_TIMESTAMP);
insert into Request (RequestID, UserID, CoachID, Status, Goals, Note, Created, LastUpdate) values (121, 39, 7, 'Denied', 'Weight loss', 'platea dictumst morbi vestibulum velit id pretium', CURRENT_TIMESTAMP, CURRENT_TIMESTAMP);
insert into Request (RequestID, UserID, CoachID, Status, Goals, Note, Created, LastUpdate) values (122, 100, 20, 'Denied', 'Stamina building', 'metus aenean fermentum donec', CURRENT_TIMESTAMP, CURRENT_TIMESTAMP);
insert into Request (RequestID, UserID, CoachID, Status, Goals, Note, Created, LastUpdate) values (123, 42, 8, 'Denied', 'Muscle building', 'lacinia aenean sit amet justo morbi ut odio', CURRENT_TIMESTAMP, CURRENT_TIMESTAMP);
insert into Request (RequestID, UserID, CoachID, Status, Goals, Note, Created, LastUpdate) values (124, 12, 2, 'Denied', 'Weight loss', 'ultrices enim lorem ipsum', CURRENT_TIMESTAMP, CURRENT_TIMESTAMP);
insert into Request (RequestID, UserID, CoachID, Status, Goals, Note, Created, LastUpdate) values (125, 44, 8, 'Denied', 'Muscle building', 'sem mauris laoreet ut rhoncus aliquet', CURRENT_TIMESTAMP, CURRENT_TIMESTAMP);
insert into Request (RequestID, UserID, CoachID, Status, Goals, Note, Created, LastUpdate) values (126, 98, 19, 'Denied', 'Weight gain', 'congue diam id ornare imperdiet sapien urna pretium', CURRENT_TIMESTAMP, CURRENT_TIMESTAMP);
insert into Request (RequestID, UserID, CoachID, Status, Goals, Note, Created, LastUpdate) values (127, 84, 16, 'Denied', 'Strength building', 'sed accumsan felis ut at dolor quis odio', CURRENT_TIMESTAMP, CURRENT_TIMESTAMP);
insert into Request (RequestID, UserID, CoachID, Status, Goals, Note, Created, LastUpdate) values (128, 41, 11, 'Accepted', 'Strength building', 'in felis donec semper', CURRENT_TIMESTAMP, CURRENT_TIMESTAMP);
insert into Request (RequestID, UserID, CoachID, Status, Goals, Note, Created, LastUpdate) values (129, 78, 15, 'Denied', 'Stamina building', 'vivamus metus arcu adipiscing molestie hendrerit at', CURRENT_TIMESTAMP, CURRENT_TIMESTAMP);
insert into Request (RequestID, UserID, CoachID, Status, Goals, Note, Created, LastUpdate) values (130, 67, 13, 'Denied', 'Muscle building', 'non lectus aliquam sit amet diam in', CURRENT_TIMESTAMP, CURRENT_TIMESTAMP);
insert into Request (RequestID, UserID, CoachID, Status, Goals, Note, Created, LastUpdate) values (131, 71, 14, 'Pending', 'Weight gain', 'erat vestibulum sed magna at nunc', CURRENT_TIMESTAMP, CURRENT_TIMESTAMP);
insert into Request (RequestID, UserID, CoachID, Status, Goals, Note, Created, LastUpdate) values (132, 56, 11, 'Pending', 'Strength building', 'in felis donec semper sapien', CURRENT_TIMESTAMP, CURRENT_TIMESTAMP);
insert into Request (RequestID, UserID, CoachID, Status, Goals, Note, Created, LastUpdate) values (133, 50, 10, 'Denied', 'Stamina building', 'quam nec dui luctus', CURRENT_TIMESTAMP, CURRENT_TIMESTAMP);
insert into Request (RequestID, UserID, CoachID, Status, Goals, Note, Created, LastUpdate) values (134, 83, 16, 'Denied', 'Strength building', 'auctor sed tristique in tempus sit', CURRENT_TIMESTAMP, CURRENT_TIMESTAMP);
insert into Request (RequestID, UserID, CoachID, Status, Goals, Note, Created, LastUpdate) values (135, 78, 15, 'Denied', 'Stamina building', 'purus phasellus in felis', CURRENT_TIMESTAMP, CURRENT_TIMESTAMP);
insert into Request (RequestID, UserID, CoachID, Status, Goals, Note, Created, LastUpdate) values (136, 74, 14, 'Denied', 'Weight gain', 'ac leo pellentesque ultrices mattis', CURRENT_TIMESTAMP, CURRENT_TIMESTAMP);
insert into Request (RequestID, UserID, CoachID, Status, Goals, Note, Created, LastUpdate) values (137, 49, 13, 'Accepted', 'Muscle building', 'dolor vel est donec odio justo sollicitudin', CURRENT_TIMESTAMP, CURRENT_TIMESTAMP);
insert into Request (RequestID, UserID, CoachID, Status, Goals, Note, Created, LastUpdate) values (138, 86, 17, 'Pending', 'Weight loss', 'velit id pretium iaculis diam erat', CURRENT_TIMESTAMP, CURRENT_TIMESTAMP);
insert into Request (RequestID, UserID, CoachID, Status, Goals, Note, Created, LastUpdate) values (139, 50, 10, 'Denied', 'Stamina building', 'ipsum integer a nibh in quis justo maecenas', CURRENT_TIMESTAMP, CURRENT_TIMESTAMP);
insert into Request (RequestID, UserID, CoachID, Status, Goals, Note, Created, LastUpdate) values (140, 96, 19, 'Pending', 'Weight gain', 'donec odio justo sollicitudin ut suscipit', CURRENT_TIMESTAMP, CURRENT_TIMESTAMP);
insert into Request (RequestID, UserID, CoachID, Status, Goals, Note, Created, LastUpdate) values (141, 33, 9, 'Accepted', 'Weight gain', 'nunc purus phasellus in felis donec', CURRENT_TIMESTAMP, CURRENT_TIMESTAMP);
insert into Request (RequestID, UserID, CoachID, Status, Goals, Note, Created, LastUpdate) values (142, 75, 15, 'Denied', 'Stamina building', 'ac leo pellentesque ultrices mattis', CURRENT_TIMESTAMP, CURRENT_TIMESTAMP);
insert into Request (RequestID, UserID, CoachID, Status, Goals, Note, Created, LastUpdate) values (143, 92, 18, 'Denied', 'Muscle building', 'duis consequat dui nec nisi volutpat eleifend', CURRENT_TIMESTAMP, CURRENT_TIMESTAMP);
insert into Request (RequestID, UserID, CoachID, Status, Goals, Note, Created, LastUpdate) values (144, 89, 23, 'Accepted', 'Muscle building', 'sem sed sagittis nam', CURRENT_TIMESTAMP, CURRENT_TIMESTAMP);
insert into Request (RequestID, UserID, CoachID, Status, Goals, Note, Created, LastUpdate) values (145, 82, 16, 'Denied', 'Strength building', 'sed interdum venenatis turpis enim blandit', CURRENT_TIMESTAMP, CURRENT_TIMESTAMP);
insert into Request (RequestID, UserID, CoachID, Status, Goals, Note, Created, LastUpdate) values (146, 42, 8, 'Denied', 'Muscle building', 'auctor sed tristique in tempus', CURRENT_TIMESTAMP, CURRENT_TIMESTAMP);
insert into Request (RequestID, UserID, CoachID, Status, Goals, Note, Created, LastUpdate) values (147, 99, 19, 'Denied', 'Weight gain', 'turpis sed ante vivamus tortor duis', CURRENT_TIMESTAMP, CURRENT_TIMESTAMP);
insert into Request (RequestID, UserID, CoachID, Status, Goals, Note, Created, LastUpdate) values (148, 87, 17, 'Denied', 'Weight loss', 'orci luctus et ultrices', CURRENT_TIMESTAMP, CURRENT_TIMESTAMP);
insert into Request (RequestID, UserID, CoachID, Status, Goals, Note, Created, LastUpdate) values (149, 51, 10, 'Pending', 'Stamina building', 'cras mi pede malesuada in imperdiet', CURRENT_TIMESTAMP, CURRENT_TIMESTAMP);
insert into Request (RequestID, UserID, CoachID, Status, Goals, Note, Created, LastUpdate) values (150, 49, 13, 'Accepted', 'Muscle building', 'massa id nisl venenatis lacinia aenean sit', CURRENT_TIMESTAMP, CURRENT_TIMESTAMP);
insert into Request (RequestID, UserID, CoachID, Status, Goals, Note, Created, LastUpdate) values (151, 15, 3, 'Denied', 'Muscle building', 'mauris sit amet eros suspendisse accumsan tortor quis', CURRENT_TIMESTAMP, CURRENT_TIMESTAMP);
insert into Request (RequestID, UserID, CoachID, Status, Goals, Note, Created, LastUpdate) values (152, 36, 7, 'Pending', 'Weight loss', 'suspendisse accumsan tortor quis turpis', CURRENT_TIMESTAMP, CURRENT_TIMESTAMP);
insert into Request (RequestID, UserID, CoachID, Status, Goals, Note, Created, LastUpdate) values (153, 87, 17, 'Denied', 'Weight loss', 'nisl duis bibendum felis sed interdum venenatis', CURRENT_TIMESTAMP, CURRENT_TIMESTAMP);
insert into Request (RequestID, UserID, CoachID, Status, Goals, Note, Created, LastUpdate) values (154, 97, 25, 'Accepted', 'Stamina building', 'nulla neque libero convallis eget eleifend', CURRENT_TIMESTAMP, CURRENT_TIMESTAMP);
insert into Request (RequestID, UserID, CoachID, Status, Goals, Note, Created, LastUpdate) values (155, 81, 21, 'Accepted', 'Strength building', 'vestibulum sagittis sapien cum', CURRENT_TIMESTAMP, CURRENT_TIMESTAMP);
insert into Request (RequestID, UserID, CoachID, Status, Goals, Note, Created, LastUpdate) values (156, 27, 5, 'Denied', 'Stamina building', 'vestibulum ante ipsum primis in faucibus orci', CURRENT_TIMESTAMP, CURRENT_TIMESTAMP);
insert into Request (RequestID, UserID, CoachID, Status, Goals, Note, Created, LastUpdate) values (157, 21, 6, 'Accepted', 'Strength building', 'donec ut dolor morbi vel lectus', CURRENT_TIMESTAMP, CURRENT_TIMESTAMP);
insert into Request (RequestID, UserID, CoachID, Status, Goals, Note, Created, LastUpdate) values (158, 29, 8, 'Accepted', 'Muscle building', 'vel accumsan tellus nisi eu orci', CURRENT_TIMESTAMP, CURRENT_TIMESTAMP);
insert into Request (RequestID, UserID, CoachID, Status, Goals, Note, Created, LastUpdate) values (159, 4, 1, 'Denied', 'Stamina building', 'morbi sem mauris laoreet ut rhoncus aliquet', CURRENT_TIMESTAMP, CURRENT_TIMESTAMP);
insert into Request (RequestID, UserID, CoachID, Status, Goals, Note, Created, LastUpdate) values (160, 91, 18, 'Pending', 'Muscle building', 'consectetuer adipiscing elit proin interdum mauris', CURRENT_TIMESTAMP, CURRENT_TIMESTAMP);
insert into Request (RequestID, UserID, CoachID, Status, Goals, Note, Created, LastUpdate) values (161, 17, 5, 'Accepted', 'Stamina building', 'vel accumsan tellus nisi eu orci mauris', CURRENT_TIMESTAMP, CURRENT_TIMESTAMP);
insert into Request (RequestID, UserID, CoachID, Status, Goals, Note, Created, LastUpdate) values (162, 33, 9, 'Accepted', 'Weight gain', 'aliquet massa id lobortis', CURRENT_TIMESTAMP, CURRENT_TIMESTAMP);
insert into Request (RequestID, UserID, CoachID, Status, Goals, Note, Created, LastUpdate) values (163, 98, 19, 'Denied', 'Weight gain', 'velit vivamus vel nulla eget', CURRENT_TIMESTAMP, CURRENT_TIMESTAMP);
insert into Request (RequestID, UserID, CoachID, Status, Goals, Note, Created, LastUpdate) values (164, 85, 22, 'Accepted', 'Weight loss', 'ut erat id mauris vulputate elementum', CURRENT_TIMESTAMP, CURRENT_TIMESTAMP);
insert into Request (RequestID, UserID, CoachID, Status, Goals, Note, Created, LastUpdate) values (165, 57, 15, 'Accepted', 'Stamina building', 'viverra dapibus nulla suscipit', CURRENT_TIMESTAMP, CURRENT_TIMESTAMP);
insert into Request (RequestID, UserID, CoachID, Status, Goals, Note, Created, LastUpdate) values (166, 77, 20, 'Accepted', 'Stamina building', 'rhoncus sed vestibulum sit amet cursus id', CURRENT_TIMESTAMP, CURRENT_TIMESTAMP);
insert into Request (RequestID, UserID, CoachID, Status, Goals, Note, Created, LastUpdate) values (167, 65, 17, 'Accepted', 'Weight loss', 'nulla ut erat id mauris', CURRENT_TIMESTAMP, CURRENT_TIMESTAMP);
insert into Request (RequestID, UserID, CoachID, Status, Goals, Note, Created, LastUpdate) values (168, 94, 18, 'Denied', 'Muscle building', 'odio odio elementum eu', CURRENT_TIMESTAMP, CURRENT_TIMESTAMP);
insert into Request (RequestID, UserID, CoachID, Status, Goals, Note, Created, LastUpdate) values (169, 30, 6, 'Denied', 'Strength building', 'molestie nibh in lectus pellentesque at', CURRENT_TIMESTAMP, CURRENT_TIMESTAMP);
insert into Request (RequestID, UserID, CoachID, Status, Goals, Note, Created, LastUpdate) values (170, 81, 21, 'Accepted', 'Strength building', 'odio elementum eu interdum eu', CURRENT_TIMESTAMP, CURRENT_TIMESTAMP);
insert into Request (RequestID, UserID, CoachID, Status, Goals, Note, Created, LastUpdate) values (171, 4, 1, 'Denied', 'Stamina building', 'non velit nec nisi', CURRENT_TIMESTAMP, CURRENT_TIMESTAMP);
insert into Request (RequestID, UserID, CoachID, Status, Goals, Note, Created, LastUpdate) values (172, 69, 18, 'Accepted', 'Muscle building', 'non ligula pellentesque ultrices phasellus id sapien in', CURRENT_TIMESTAMP, CURRENT_TIMESTAMP);
insert into Request (RequestID, UserID, CoachID, Status, Goals, Note, Created, LastUpdate) values (173, 92, 18, 'Denied', 'Muscle building', 'felis eu sapien cursus vestibulum proin eu', CURRENT_TIMESTAMP, CURRENT_TIMESTAMP);
insert into Request (RequestID, UserID, CoachID, Status, Goals, Note, Created, LastUpdate) values (174, 66, 13, 'Pending', 'Muscle building', 'morbi vel lectus in quam', CURRENT_TIMESTAMP, CURRENT_TIMESTAMP);
insert into Request (RequestID, UserID, CoachID, Status, Goals, Note, Created, LastUpdate) values (175, 10, 2, 'Denied', 'Weight loss', 'blandit lacinia erat vestibulum sed magna', CURRENT_TIMESTAMP, CURRENT_TIMESTAMP);
insert into Request (RequestID, UserID, CoachID, Status, Goals, Note, Created, LastUpdate) values (176, 65, 17, 'Accepted', 'Weight loss', 'vestibulum aliquet ultrices erat', CURRENT_TIMESTAMP, CURRENT_TIMESTAMP);
insert into Request (RequestID, UserID, CoachID, Status, Goals, Note, Created, LastUpdate) values (177, 11, 2, 'Pending', 'Weight loss', 'nulla eget eros elementum pellentesque quisque porta', CURRENT_TIMESTAMP, CURRENT_TIMESTAMP);
insert into Request (RequestID, UserID, CoachID, Status, Goals, Note, Created, LastUpdate) values (178, 98, 19, 'Denied', 'Weight gain', 'interdum in ante vestibulum ante', CURRENT_TIMESTAMP, CURRENT_TIMESTAMP);
insert into Request (RequestID, UserID, CoachID, Status, Goals, Note, Created, LastUpdate) values (179, 20, 4, 'Denied', 'Weight gain', 'curabitur at ipsum ac', CURRENT_TIMESTAMP, CURRENT_TIMESTAMP);
insert into Request (RequestID, UserID, CoachID, Status, Goals, Note, Created, LastUpdate) values (180, 38, 7, 'Denied', 'Weight loss', 'interdum mauris non ligula pellentesque ultrices phasellus id', CURRENT_TIMESTAMP, CURRENT_TIMESTAMP);
insert into Request (RequestID, UserID, CoachID, Status, Goals, Note, Created, LastUpdate) values (181, 41, 11, 'Accepted', 'Strength building', 'nisl duis ac nibh fusce lacus', CURRENT_TIMESTAMP, CURRENT_TIMESTAMP);
insert into Request (RequestID, UserID, CoachID, Status, Goals, Note, Created, LastUpdate) values (182, 22, 4, 'Denied', 'Weight gain', 'suspendisse potenti cras in', CURRENT_TIMESTAMP, CURRENT_TIMESTAMP);
insert into Request (RequestID, UserID, CoachID, Status, Goals, Note, Created, LastUpdate) values (183, 9, 3, 'Accepted', 'Muscle building', 'dolor morbi vel lectus in quam fringilla rhoncus', CURRENT_TIMESTAMP, CURRENT_TIMESTAMP);
insert into Request (RequestID, UserID, CoachID, Status, Goals, Note, Created, LastUpdate) values (184, 50, 10, 'Denied', 'Stamina building', 'eu felis fusce posuere felis sed lacus', CURRENT_TIMESTAMP, CURRENT_TIMESTAMP);
insert into Request (RequestID, UserID, CoachID, Status, Goals, Note, Created, LastUpdate) values (185, 21, 6, 'Accepted', 'Strength building', 'volutpat sapien arcu sed augue aliquam erat', CURRENT_TIMESTAMP, CURRENT_TIMESTAMP);
insert into Request (RequestID, UserID, CoachID, Status, Goals, Note, Created, LastUpdate) values (186, 43, 8, 'Denied', 'Muscle building', 'interdum in ante vestibulum ante', CURRENT_TIMESTAMP, CURRENT_TIMESTAMP);
insert into Request (RequestID, UserID, CoachID, Status, Goals, Note, Created, LastUpdate) values (187, 89, 23, 'Accepted', 'Muscle building', 'eget eros elementum pellentesque', CURRENT_TIMESTAMP, CURRENT_TIMESTAMP);
insert into Request (RequestID, UserID, CoachID, Status, Goals, Note, Created, LastUpdate) values (188, 21, 6, 'Accepted', 'Strength building', 'massa tempor convallis nulla neque', CURRENT_TIMESTAMP, CURRENT_TIMESTAMP);
insert into Request (RequestID, UserID, CoachID, Status, Goals, Note, Created, LastUpdate) values (189, 22, 4, 'Denied', 'Weight gain', 'id pretium iaculis diam erat fermentum justo', CURRENT_TIMESTAMP, CURRENT_TIMESTAMP);
insert into Request (RequestID, UserID, CoachID, Status, Goals, Note, Created, LastUpdate) values (190, 27, 5, 'Denied', 'Stamina building', 'condimentum curabitur in libero ut massa volutpat convallis', CURRENT_TIMESTAMP, CURRENT_TIMESTAMP);
insert into Request (RequestID, UserID, CoachID, Status, Goals, Note, Created, LastUpdate) values (191, 19, 3, 'Denied', 'Muscle building', 'id turpis integer aliquet massa id', CURRENT_TIMESTAMP, CURRENT_TIMESTAMP);
insert into Request (RequestID, UserID, CoachID, Status, Goals, Note, Created, LastUpdate) values (192, 72, 14, 'Denied', 'Weight gain', 'nisi volutpat eleifend donec', CURRENT_TIMESTAMP, CURRENT_TIMESTAMP);
insert into Request (RequestID, UserID, CoachID, Status, Goals, Note, Created, LastUpdate) values (193, 6, 1, 'Pending', 'Strength building', 'iaculis congue vivamus metus arcu', CURRENT_TIMESTAMP, CURRENT_TIMESTAMP);
insert into Request (RequestID, UserID, CoachID, Status, Goals, Note, Created, LastUpdate) values (194, 12, 2, 'Denied', 'Weight loss', 'in felis donec semper sapien', CURRENT_TIMESTAMP, CURRENT_TIMESTAMP);
insert into Request (RequestID, UserID, CoachID, Status, Goals, Note, Created, LastUpdate) values (195, 29, 8, 'Accepted', 'Muscle building', 'consequat metus sapien ut nunc vestibulum ante', CURRENT_TIMESTAMP, CURRENT_TIMESTAMP);
insert into Request (RequestID, UserID, CoachID, Status, Goals, Note, Created, LastUpdate) values (196, 53, 14, 'Accepted', 'Weight gain', 'dignissim vestibulum vestibulum ante ipsum primis', CURRENT_TIMESTAMP, CURRENT_TIMESTAMP);
insert into Request (RequestID, UserID, CoachID, Status, Goals, Note, Created, LastUpdate) values (197, 37, 10, 'Accepted', 'Stamina building', 'porttitor pede justo eu massa', CURRENT_TIMESTAMP, CURRENT_TIMESTAMP);
insert into Request (RequestID, UserID, CoachID, Status, Goals, Note, Created, LastUpdate) values (198, 60, 12, 'Denied', 'Weight loss', 'aliquam non mauris morbi non', CURRENT_TIMESTAMP, CURRENT_TIMESTAMP);
insert into Request (RequestID, UserID, CoachID, Status, Goals, Note, Created, LastUpdate) values (199, 1, 1, 'Accepted', 'Strength building', 'in quis justo maecenas rhoncus aliquam lacus', CURRENT_TIMESTAMP, CURRENT_TIMESTAMP);
insert into Request (RequestID, UserID, CoachID, Status, Goals, Note, Created, LastUpdate) values (200, 9, 3, 'Accepted', 'Muscle building', 'quis tortor id nulla ultrices aliquet', CURRENT_TIMESTAMP, CURRENT_TIMESTAMP);
insert into Request (RequestID, UserID, CoachID, Status, Goals, Note, Created, LastUpdate) values (201, 9, 3, 'Accepted', 'Muscle building', 'duis faucibus accumsan odio', CURRENT_TIMESTAMP, CURRENT_TIMESTAMP);
insert into Request (RequestID, UserID, CoachID, Status, Goals, Note, Created, LastUpdate) values (202, 26, 5, 'Pending', 'Stamina building', 'in faucibus orci luctus et ultrices', CURRENT_TIMESTAMP, CURRENT_TIMESTAMP);
insert into Request (RequestID, UserID, CoachID, Status, Goals, Note, Created, LastUpdate) values (203, 69, 18, 'Accepted', 'Muscle building', 'libero nam dui proin leo odio porttitor', CURRENT_TIMESTAMP, CURRENT_TIMESTAMP);
insert into Request (RequestID, UserID, CoachID, Status, Goals, Note, Created, LastUpdate) values (204, 2, 1, 'Denied', 'Stamina building', 'vestibulum eget vulputate ut ultrices vel', CURRENT_TIMESTAMP, CURRENT_TIMESTAMP);
insert into Request (RequestID, UserID, CoachID, Status, Goals, Note, Created, LastUpdate) values (205, 76, 15, 'Pending', 'Stamina building', 'felis donec semper sapien a libero nam dui', CURRENT_TIMESTAMP, CURRENT_TIMESTAMP);
insert into Request (RequestID, UserID, CoachID, Status, Goals, Note, Created, LastUpdate) values (206, 92, 18, 'Denied', 'Muscle building', 'non mi integer ac neque', CURRENT_TIMESTAMP, CURRENT_TIMESTAMP);
insert into Request (RequestID, UserID, CoachID, Status, Goals, Note, Created, LastUpdate) values (207, 86, 17, 'Pending', 'Weight loss', 'turpis a pede posuere nonummy integer non', CURRENT_TIMESTAMP, CURRENT_TIMESTAMP);
insert into Request (RequestID, UserID, CoachID, Status, Goals, Note, Created, LastUpdate) values (208, 20, 4, 'Denied', 'Weight gain', 'sed ante vivamus tortor duis mattis egestas metus', CURRENT_TIMESTAMP, CURRENT_TIMESTAMP);
insert into Request (RequestID, UserID, CoachID, Status, Goals, Note, Created, LastUpdate) values (209, 67, 13, 'Denied', 'Muscle building', 'lorem quisque ut erat curabitur', CURRENT_TIMESTAMP, CURRENT_TIMESTAMP);
insert into Request (RequestID, UserID, CoachID, Status, Goals, Note, Created, LastUpdate) values (210, 27, 5, 'Denied', 'Stamina building', 'nulla pede ullamcorper augue a suscipit nulla elit', CURRENT_TIMESTAMP, CURRENT_TIMESTAMP);
insert into Request (RequestID, UserID, CoachID, Status, Goals, Note, Created, LastUpdate) values (211, 99, 19, 'Denied', 'Weight gain', 'augue aliquam erat volutpat in', CURRENT_TIMESTAMP, CURRENT_TIMESTAMP);
insert into Request (RequestID, UserID, CoachID, Status, Goals, Note, Created, LastUpdate) values (212, 36, 7, 'Pending', 'Weight loss', 'nulla ultrices aliquet maecenas', CURRENT_TIMESTAMP, CURRENT_TIMESTAMP);
insert into Request (RequestID, UserID, CoachID, Status, Goals, Note, Created, LastUpdate) values (213, 51, 10, 'Pending', 'Stamina building', 'elit ac nulla sed vel enim sit', CURRENT_TIMESTAMP, CURRENT_TIMESTAMP);
insert into Request (RequestID, UserID, CoachID, Status, Goals, Note, Created, LastUpdate) values (214, 82, 16, 'Denied', 'Strength building', 'adipiscing elit proin interdum mauris non ligula', CURRENT_TIMESTAMP, CURRENT_TIMESTAMP);
insert into Request (RequestID, UserID, CoachID, Status, Goals, Note, Created, LastUpdate) values (215, 27, 5, 'Denied', 'Stamina building', 'tempus vivamus in felis eu sapien cursus vestibulum', CURRENT_TIMESTAMP, CURRENT_TIMESTAMP);
insert into Request (RequestID, UserID, CoachID, Status, Goals, Note, Created, LastUpdate) values (216, 3, 1, 'Denied', 'Stamina building', 'velit vivamus vel nulla eget eros elementum', CURRENT_TIMESTAMP, CURRENT_TIMESTAMP);
insert into Request (RequestID, UserID, CoachID, Status, Goals, Note, Created, LastUpdate) values (217, 29, 8, 'Accepted', 'Muscle building', 'pellentesque volutpat dui maecenas tristique', CURRENT_TIMESTAMP, CURRENT_TIMESTAMP);
insert into Request (RequestID, UserID, CoachID, Status, Goals, Note, Created, LastUpdate) values (218, 88, 17, 'Denied', 'Weight loss', 'in quam fringilla rhoncus mauris enim leo', CURRENT_TIMESTAMP, CURRENT_TIMESTAMP);
insert into Request (RequestID, UserID, CoachID, Status, Goals, Note, Created, LastUpdate) values (219, 37, 10, 'Accepted', 'Stamina building', 'accumsan tortor quis turpis sed', CURRENT_TIMESTAMP, CURRENT_TIMESTAMP);
insert into Request (RequestID, UserID, CoachID, Status, Goals, Note, Created, LastUpdate) values (220, 59, 11, 'Denied', 'Strength building', 'vitae consectetuer eget rutrum at', CURRENT_TIMESTAMP, CURRENT_TIMESTAMP);
insert into Request (RequestID, UserID, CoachID, Status, Goals, Note, Created, LastUpdate) values (221, 40, 8, 'Denied', 'Muscle building', 'justo lacinia eget tincidunt', CURRENT_TIMESTAMP, CURRENT_TIMESTAMP);
insert into Request (RequestID, UserID, CoachID, Status, Goals, Note, Created, LastUpdate) values (222, 47, 9, 'Denied', 'Weight gain', 'magna bibendum imperdiet nullam orci pede', CURRENT_TIMESTAMP, CURRENT_TIMESTAMP);
insert into Request (RequestID, UserID, CoachID, Status, Goals, Note, Created, LastUpdate) values (223, 29, 8, 'Accepted', 'Muscle building', 'potenti nullam porttitor lacus at turpis', CURRENT_TIMESTAMP, CURRENT_TIMESTAMP);
insert into Request (RequestID, UserID, CoachID, Status, Goals, Note, Created, LastUpdate) values (224, 25, 7, 'Accepted', 'Weight loss', 'semper sapien a libero nam dui proin', CURRENT_TIMESTAMP, CURRENT_TIMESTAMP);
insert into Request (RequestID, UserID, CoachID, Status, Goals, Note, Created, LastUpdate) values (225, 13, 4, 'Accepted', 'Weight gain', 'semper sapien a libero nam dui proin', CURRENT_TIMESTAMP, CURRENT_TIMESTAMP);
insert into Request (RequestID, UserID, CoachID, Status, Goals, Note, Created, LastUpdate) values (226, 78, 15, 'Denied', 'Stamina building', 'nisi nam ultrices libero non mattis pulvinar nulla', CURRENT_TIMESTAMP, CURRENT_TIMESTAMP);
insert into Request (RequestID, UserID, CoachID, Status, Goals, Note, Created, LastUpdate) values (227, 8, 1, 'Denied', 'Strength building', 'mauris non ligula pellentesque ultrices', CURRENT_TIMESTAMP, CURRENT_TIMESTAMP);
insert into Request (RequestID, UserID, CoachID, Status, Goals, Note, Created, LastUpdate) values (228, 32, 6, 'Denied', 'Strength building', 'proin at turpis a pede posuere nonummy integer', CURRENT_TIMESTAMP, CURRENT_TIMESTAMP);
insert into Request (RequestID, UserID, CoachID, Status, Goals, Note, Created, LastUpdate) values (229, 89, 23, 'Accepted', 'Muscle building', 'eget tempus vel pede morbi porttitor', CURRENT_TIMESTAMP, CURRENT_TIMESTAMP);
insert into Request (RequestID, UserID, CoachID, Status, Goals, Note, Created, LastUpdate) values (230, 54, 10, 'Denied', 'Stamina building', 'eu sapien cursus vestibulum proin eu mi nulla', CURRENT_TIMESTAMP, CURRENT_TIMESTAMP);
insert into Request (RequestID, UserID, CoachID, Status, Goals, Note, Created, LastUpdate) values (231, 89, 23, 'Accepted', 'Muscle building', 'vel dapibus at diam nam', CURRENT_TIMESTAMP, CURRENT_TIMESTAMP);
insert into Request (RequestID, UserID, CoachID, Status, Goals, Note, Created, LastUpdate) values (232, 46, 9, 'Pending', 'Weight gain', 'platea dictumst maecenas ut massa quis augue', CURRENT_TIMESTAMP, CURRENT_TIMESTAMP);
insert into Request (RequestID, UserID, CoachID, Status, Goals, Note, Created, LastUpdate) values (233, 84, 16, 'Denied', 'Strength building', 'convallis nunc proin at turpis a pede posuere', CURRENT_TIMESTAMP, CURRENT_TIMESTAMP);
insert into Request (RequestID, UserID, CoachID, Status, Goals, Note, Created, LastUpdate) values (234, 39, 7, 'Denied', 'Weight loss', 'mollis molestie lorem quisque', CURRENT_TIMESTAMP, CURRENT_TIMESTAMP);
insert into Request (RequestID, UserID, CoachID, Status, Goals, Note, Created, LastUpdate) values (235, 84, 16, 'Denied', 'Strength building', 'mauris non ligula pellentesque ultrices phasellus id', CURRENT_TIMESTAMP, CURRENT_TIMESTAMP);
insert into Request (RequestID, UserID, CoachID, Status, Goals, Note, Created, LastUpdate) values (236, 10, 2, 'Denied', 'Weight loss', 'ultrices posuere cubilia curae donec pharetra magna', CURRENT_TIMESTAMP, CURRENT_TIMESTAMP);
insert into Request (RequestID, UserID, CoachID, Status, Goals, Note, Created, LastUpdate) values (237, 68, 13, 'Denied', 'Muscle building', 'quisque porta volutpat erat quisque erat eros viverra', CURRENT_TIMESTAMP, CURRENT_TIMESTAMP);
insert into Request (RequestID, UserID, CoachID, Status, Goals, Note, Created, LastUpdate) values (238, 27, 5, 'Denied', 'Stamina building', 'porttitor lacus at turpis donec', CURRENT_TIMESTAMP, CURRENT_TIMESTAMP);
insert into Request (RequestID, UserID, CoachID, Status, Goals, Note, Created, LastUpdate) values (239, 19, 3, 'Denied', 'Muscle building', 'varius nulla facilisi cras', CURRENT_TIMESTAMP, CURRENT_TIMESTAMP);
insert into Request (RequestID, UserID, CoachID, Status, Goals, Note, Created, LastUpdate) values (240, 32, 6, 'Denied', 'Strength building', 'accumsan odio curabitur convallis', CURRENT_TIMESTAMP, CURRENT_TIMESTAMP);
insert into Request (RequestID, UserID, CoachID, Status, Goals, Note, Created, LastUpdate) values (241, 43, 8, 'Denied', 'Muscle building', 'lacus morbi quis tortor id nulla', CURRENT_TIMESTAMP, CURRENT_TIMESTAMP);
insert into Request (RequestID, UserID, CoachID, Status, Goals, Note, Created, LastUpdate) values (242, 33, 9, 'Accepted', 'Weight gain', 'id massa id nisl venenatis lacinia aenean sit', CURRENT_TIMESTAMP, CURRENT_TIMESTAMP);
insert into Request (RequestID, UserID, CoachID, Status, Goals, Note, Created, LastUpdate) values (243, 87, 17, 'Denied', 'Weight loss', 'pulvinar lobortis est phasellus sit amet erat nulla', CURRENT_TIMESTAMP, CURRENT_TIMESTAMP);
insert into Request (RequestID, UserID, CoachID, Status, Goals, Note, Created, LastUpdate) values (244, 47, 9, 'Denied', 'Weight gain', 'aliquet pulvinar sed nisl nunc rhoncus', CURRENT_TIMESTAMP, CURRENT_TIMESTAMP);
insert into Request (RequestID, UserID, CoachID, Status, Goals, Note, Created, LastUpdate) values (245, 93, 24, 'Accepted', 'Weight gain', 'donec dapibus duis at velit eu est congue', CURRENT_TIMESTAMP, CURRENT_TIMESTAMP);
insert into Request (RequestID, UserID, CoachID, Status, Goals, Note, Created, LastUpdate) values (246, 84, 16, 'Denied', 'Strength building', 'eros vestibulum ac est lacinia', CURRENT_TIMESTAMP, CURRENT_TIMESTAMP);
insert into Request (RequestID, UserID, CoachID, Status, Goals, Note, Created, LastUpdate) values (247, 5, 2, 'Accepted', 'Weight loss', 'mus etiam vel augue vestibulum rutrum rutrum neque', CURRENT_TIMESTAMP, CURRENT_TIMESTAMP);
insert into Request (RequestID, UserID, CoachID, Status, Goals, Note, Created, LastUpdate) values (248, 100, 20, 'Denied', 'Stamina building', 'ultricies eu nibh quisque', CURRENT_TIMESTAMP, CURRENT_TIMESTAMP);
insert into Request (RequestID, UserID, CoachID, Status, Goals, Note, Created, LastUpdate) values (249, 92, 18, 'Denied', 'Muscle building', 'mus etiam vel augue', CURRENT_TIMESTAMP, CURRENT_TIMESTAMP);
insert into Request (RequestID, UserID, CoachID, Status, Goals, Note, Created, LastUpdate) values (250, 18, 3, 'Denied', 'Muscle building', 'in congue etiam justo', CURRENT_TIMESTAMP, CURRENT_TIMESTAMP);


-- Dumping data for Appointment table
insert into Appointment (AppointmentID, UserID, CoachID, Date, Time, Created, LastUpdate) values (1, 21, 6, '2024-02-25', '5:07', CURRENT_TIMESTAMP, CURRENT_TIMESTAMP);
insert into Appointment (AppointmentID, UserID, CoachID, Date, Time, Created, LastUpdate) values (2, 4, 2, '2024-07-01', '13:23', CURRENT_TIMESTAMP, CURRENT_TIMESTAMP);
insert into Appointment (AppointmentID, UserID, CoachID, Date, Time, Created, LastUpdate) values (3, 13, 4, '2024-02-01', '8:31', CURRENT_TIMESTAMP, CURRENT_TIMESTAMP);
insert into Appointment (AppointmentID, UserID, CoachID, Date, Time, Created, LastUpdate) values (4, 91, 23, '2024-06-13', '7:30', CURRENT_TIMESTAMP, CURRENT_TIMESTAMP);
insert into Appointment (AppointmentID, UserID, CoachID, Date, Time, Created, LastUpdate) values (5, 47, 12, '2024-01-11', '8:45', CURRENT_TIMESTAMP, CURRENT_TIMESTAMP);
insert into Appointment (AppointmentID, UserID, CoachID, Date, Time, Created, LastUpdate) values (6, 48, 13, '2024-08-26', '3:17', CURRENT_TIMESTAMP, CURRENT_TIMESTAMP);
insert into Appointment (AppointmentID, UserID, CoachID, Date, Time, Created, LastUpdate) values (7, 88, 23, '2024-01-01', '19:39', CURRENT_TIMESTAMP, CURRENT_TIMESTAMP);
insert into Appointment (AppointmentID, UserID, CoachID, Date, Time, Created, LastUpdate) values (8, 7, 2, '2024-01-11', '23:08', CURRENT_TIMESTAMP, CURRENT_TIMESTAMP);
insert into Appointment (AppointmentID, UserID, CoachID, Date, Time, Created, LastUpdate) values (9, 78, 20, '2024-06-18', '1:12', CURRENT_TIMESTAMP, CURRENT_TIMESTAMP);
insert into Appointment (AppointmentID, UserID, CoachID, Date, Time, Created, LastUpdate) values (10, 53, 14, '2024-03-27', '23:37', CURRENT_TIMESTAMP, CURRENT_TIMESTAMP);
insert into Appointment (AppointmentID, UserID, CoachID, Date, Time, Created, LastUpdate) values (11, 78, 20, '2024-05-25', '7:59', CURRENT_TIMESTAMP, CURRENT_TIMESTAMP);
insert into Appointment (AppointmentID, UserID, CoachID, Date, Time, Created, LastUpdate) values (12, 83, 21, '2024-04-19', '0:27', CURRENT_TIMESTAMP, CURRENT_TIMESTAMP);
insert into Appointment (AppointmentID, UserID, CoachID, Date, Time, Created, LastUpdate) values (13, 17, 5, '2024-04-29', '14:05', CURRENT_TIMESTAMP, CURRENT_TIMESTAMP);
insert into Appointment (AppointmentID, UserID, CoachID, Date, Time, Created, LastUpdate) values (14, 95, 24, '2023-12-28', '21:42', CURRENT_TIMESTAMP, CURRENT_TIMESTAMP);
insert into Appointment (AppointmentID, UserID, CoachID, Date, Time, Created, LastUpdate) values (15, 54, 14, '2024-11-24', '11:38', CURRENT_TIMESTAMP, CURRENT_TIMESTAMP);
insert into Appointment (AppointmentID, UserID, CoachID, Date, Time, Created, LastUpdate) values (16, 84, 22, '2024-04-27', '11:11', CURRENT_TIMESTAMP, CURRENT_TIMESTAMP);
insert into Appointment (AppointmentID, UserID, CoachID, Date, Time, Created, LastUpdate) values (17, 9, 3, '2024-01-25', '21:25', CURRENT_TIMESTAMP, CURRENT_TIMESTAMP);
insert into Appointment (AppointmentID, UserID, CoachID, Date, Time, Created, LastUpdate) values (18, 13, 4, '2024-05-15', '17:14', CURRENT_TIMESTAMP, CURRENT_TIMESTAMP);
insert into Appointment (AppointmentID, UserID, CoachID, Date, Time, Created, LastUpdate) values (19, 44, 12, '2024-09-24', '7:48', CURRENT_TIMESTAMP, CURRENT_TIMESTAMP);
insert into Appointment (AppointmentID, UserID, CoachID, Date, Time, Created, LastUpdate) values (20, 23, 6, '2024-02-11', '13:42', CURRENT_TIMESTAMP, CURRENT_TIMESTAMP);
insert into Appointment (AppointmentID, UserID, CoachID, Date, Time, Created, LastUpdate) values (21, 73, 19, '2024-10-03', '3:40', CURRENT_TIMESTAMP, CURRENT_TIMESTAMP);
insert into Appointment (AppointmentID, UserID, CoachID, Date, Time, Created, LastUpdate) values (22, 11, 3, '2024-12-10', '21:34', CURRENT_TIMESTAMP, CURRENT_TIMESTAMP);
insert into Appointment (AppointmentID, UserID, CoachID, Date, Time, Created, LastUpdate) values (23, 82, 21, '2024-04-07', '9:48', CURRENT_TIMESTAMP, CURRENT_TIMESTAMP);
insert into Appointment (AppointmentID, UserID, CoachID, Date, Time, Created, LastUpdate) values (24, 65, 17, '2024-09-13', '3:15', CURRENT_TIMESTAMP, CURRENT_TIMESTAMP);
insert into Appointment (AppointmentID, UserID, CoachID, Date, Time, Created, LastUpdate) values (25, 90, 23, '2024-10-14', '22:58', CURRENT_TIMESTAMP, CURRENT_TIMESTAMP);
insert into Appointment (AppointmentID, UserID, CoachID, Date, Time, Created, LastUpdate) values (26, 29, 8, '2024-07-25', '14:43', CURRENT_TIMESTAMP, CURRENT_TIMESTAMP);
insert into Appointment (AppointmentID, UserID, CoachID, Date, Time, Created, LastUpdate) values (27, 80, 21, '2024-05-11', '11:18', CURRENT_TIMESTAMP, CURRENT_TIMESTAMP);
insert into Appointment (AppointmentID, UserID, CoachID, Date, Time, Created, LastUpdate) values (28, 49, 13, '2024-11-23', '8:08', CURRENT_TIMESTAMP, CURRENT_TIMESTAMP);
insert into Appointment (AppointmentID, UserID, CoachID, Date, Time, Created, LastUpdate) values (29, 76, 20, '2024-08-05', '3:15', CURRENT_TIMESTAMP, CURRENT_TIMESTAMP);
insert into Appointment (AppointmentID, UserID, CoachID, Date, Time, Created, LastUpdate) values (30, 98, 25, '2024-07-13', '23:32', CURRENT_TIMESTAMP, CURRENT_TIMESTAMP);
insert into Appointment (AppointmentID, UserID, CoachID, Date, Time, Created, LastUpdate) values (31, 47, 12, '2024-09-14', '10:40', CURRENT_TIMESTAMP, CURRENT_TIMESTAMP);
insert into Appointment (AppointmentID, UserID, CoachID, Date, Time, Created, LastUpdate) values (32, 76, 20, '2024-08-18', '21:41', CURRENT_TIMESTAMP, CURRENT_TIMESTAMP);
insert into Appointment (AppointmentID, UserID, CoachID, Date, Time, Created, LastUpdate) values (33, 59, 15, '2024-10-27', '19:55', CURRENT_TIMESTAMP, CURRENT_TIMESTAMP);
insert into Appointment (AppointmentID, UserID, CoachID, Date, Time, Created, LastUpdate) values (34, 98, 25, '2024-01-24', '19:17', CURRENT_TIMESTAMP, CURRENT_TIMESTAMP);
insert into Appointment (AppointmentID, UserID, CoachID, Date, Time, Created, LastUpdate) values (35, 54, 14, '2024-08-01', '15:42', CURRENT_TIMESTAMP, CURRENT_TIMESTAMP);
insert into Appointment (AppointmentID, UserID, CoachID, Date, Time, Created, LastUpdate) values (36, 42, 11, '2024-08-29', '7:25', CURRENT_TIMESTAMP, CURRENT_TIMESTAMP);
insert into Appointment (AppointmentID, UserID, CoachID, Date, Time, Created, LastUpdate) values (37, 73, 19, '2023-12-26', '3:24', CURRENT_TIMESTAMP, CURRENT_TIMESTAMP);
insert into Appointment (AppointmentID, UserID, CoachID, Date, Time, Created, LastUpdate) values (38, 50, 13, '2024-11-25', '4:28', CURRENT_TIMESTAMP, CURRENT_TIMESTAMP);
insert into Appointment (AppointmentID, UserID, CoachID, Date, Time, Created, LastUpdate) values (39, 34, 9, '2024-11-17', '13:28', CURRENT_TIMESTAMP, CURRENT_TIMESTAMP);
insert into Appointment (AppointmentID, UserID, CoachID, Date, Time, Created, LastUpdate) values (40, 74, 19, '2024-05-30', '17:44', CURRENT_TIMESTAMP, CURRENT_TIMESTAMP);
insert into Appointment (AppointmentID, UserID, CoachID, Date, Time, Created, LastUpdate) values (41, 72, 19, '2024-02-18', '15:59', CURRENT_TIMESTAMP, CURRENT_TIMESTAMP);
insert into Appointment (AppointmentID, UserID, CoachID, Date, Time, Created, LastUpdate) values (42, 94, 24, '2024-02-26', '7:17', CURRENT_TIMESTAMP, CURRENT_TIMESTAMP);
insert into Appointment (AppointmentID, UserID, CoachID, Date, Time, Created, LastUpdate) values (43, 43, 11, '2024-05-22', '3:54', CURRENT_TIMESTAMP, CURRENT_TIMESTAMP);
insert into Appointment (AppointmentID, UserID, CoachID, Date, Time, Created, LastUpdate) values (44, 57, 15, '2024-06-12', '1:22', CURRENT_TIMESTAMP, CURRENT_TIMESTAMP);
insert into Appointment (AppointmentID, UserID, CoachID, Date, Time, Created, LastUpdate) values (45, 33, 9, '2024-06-08', '23:42', CURRENT_TIMESTAMP, CURRENT_TIMESTAMP);
insert into Appointment (AppointmentID, UserID, CoachID, Date, Time, Created, LastUpdate) values (46, 70, 18, '2024-08-17', '9:32', CURRENT_TIMESTAMP, CURRENT_TIMESTAMP);
insert into Appointment (AppointmentID, UserID, CoachID, Date, Time, Created, LastUpdate) values (47, 84, 22, '2024-08-08', '21:21', CURRENT_TIMESTAMP, CURRENT_TIMESTAMP);
insert into Appointment (AppointmentID, UserID, CoachID, Date, Time, Created, LastUpdate) values (48, 85, 22, '2024-09-18', '7:11', CURRENT_TIMESTAMP, CURRENT_TIMESTAMP);
insert into Appointment (AppointmentID, UserID, CoachID, Date, Time, Created, LastUpdate) values (49, 17, 5, '2024-06-27', '6:26', CURRENT_TIMESTAMP, CURRENT_TIMESTAMP);
insert into Appointment (AppointmentID, UserID, CoachID, Date, Time, Created, LastUpdate) values (50, 83, 21, '2024-11-12', '13:45', CURRENT_TIMESTAMP, CURRENT_TIMESTAMP);
insert into Appointment (AppointmentID, UserID, CoachID, Date, Time, Created, LastUpdate) values (51, 34, 9, '2024-10-26', '3:55', CURRENT_TIMESTAMP, CURRENT_TIMESTAMP);
insert into Appointment (AppointmentID, UserID, CoachID, Date, Time, Created, LastUpdate) values (52, 28, 8, '2024-07-24', '8:13', CURRENT_TIMESTAMP, CURRENT_TIMESTAMP);
insert into Appointment (AppointmentID, UserID, CoachID, Date, Time, Created, LastUpdate) values (53, 62, 16, '2024-09-26', '2:47', CURRENT_TIMESTAMP, CURRENT_TIMESTAMP);
insert into Appointment (AppointmentID, UserID, CoachID, Date, Time, Created, LastUpdate) values (54, 61, 16, '2024-12-19', '23:29', CURRENT_TIMESTAMP, CURRENT_TIMESTAMP);
insert into Appointment (AppointmentID, UserID, CoachID, Date, Time, Created, LastUpdate) values (55, 65, 17, '2024-11-17', '8:24', CURRENT_TIMESTAMP, CURRENT_TIMESTAMP);
insert into Appointment (AppointmentID, UserID, CoachID, Date, Time, Created, LastUpdate) values (56, 95, 24, '2024-08-31', '8:00', CURRENT_TIMESTAMP, CURRENT_TIMESTAMP);
insert into Appointment (AppointmentID, UserID, CoachID, Date, Time, Created, LastUpdate) values (57, 23, 6, '2024-01-15', '20:49', CURRENT_TIMESTAMP, CURRENT_TIMESTAMP);
insert into Appointment (AppointmentID, UserID, CoachID, Date, Time, Created, LastUpdate) values (58, 91, 23, '2024-04-25', '20:24', CURRENT_TIMESTAMP, CURRENT_TIMESTAMP);
insert into Appointment (AppointmentID, UserID, CoachID, Date, Time, Created, LastUpdate) values (59, 82, 21, '2024-03-13', '1:50', CURRENT_TIMESTAMP, CURRENT_TIMESTAMP);
insert into Appointment (AppointmentID, UserID, CoachID, Date, Time, Created, LastUpdate) values (60, 22, 6, '2024-12-18', '14:58', CURRENT_TIMESTAMP, CURRENT_TIMESTAMP);
insert into Appointment (AppointmentID, UserID, CoachID, Date, Time, Created, LastUpdate) values (61, 60, 16, '2024-07-26', '21:25', CURRENT_TIMESTAMP, CURRENT_TIMESTAMP);
insert into Appointment (AppointmentID, UserID, CoachID, Date, Time, Created, LastUpdate) values (62, 56, 15, '2024-03-29', '11:38', CURRENT_TIMESTAMP, CURRENT_TIMESTAMP);
insert into Appointment (AppointmentID, UserID, CoachID, Date, Time, Created, LastUpdate) values (63, 86, 22, '2024-01-05', '0:56', CURRENT_TIMESTAMP, CURRENT_TIMESTAMP);
insert into Appointment (AppointmentID, UserID, CoachID, Date, Time, Created, LastUpdate) values (64, 44, 12, '2024-04-10', '11:27', CURRENT_TIMESTAMP, CURRENT_TIMESTAMP);
insert into Appointment (AppointmentID, UserID, CoachID, Date, Time, Created, LastUpdate) values (65, 52, 14, '2024-10-29', '22:46', CURRENT_TIMESTAMP, CURRENT_TIMESTAMP);
insert into Appointment (AppointmentID, UserID, CoachID, Date, Time, Created, LastUpdate) values (66, 46, 12, '2024-11-01', '4:36', CURRENT_TIMESTAMP, CURRENT_TIMESTAMP);
insert into Appointment (AppointmentID, UserID, CoachID, Date, Time, Created, LastUpdate) values (67, 42, 11, '2024-03-18', '12:09', CURRENT_TIMESTAMP, CURRENT_TIMESTAMP);
insert into Appointment (AppointmentID, UserID, CoachID, Date, Time, Created, LastUpdate) values (68, 55, 14, '2024-07-17', '18:28', CURRENT_TIMESTAMP, CURRENT_TIMESTAMP);
insert into Appointment (AppointmentID, UserID, CoachID, Date, Time, Created, LastUpdate) values (69, 47, 12, '2024-11-24', '20:46', CURRENT_TIMESTAMP, CURRENT_TIMESTAMP);
insert into Appointment (AppointmentID, UserID, CoachID, Date, Time, Created, LastUpdate) values (70, 4, 2, '2024-08-04', '10:43', CURRENT_TIMESTAMP, CURRENT_TIMESTAMP);
insert into Appointment (AppointmentID, UserID, CoachID, Date, Time, Created, LastUpdate) values (71, 88, 23, '2024-03-09', '13:54', CURRENT_TIMESTAMP, CURRENT_TIMESTAMP);
insert into Appointment (AppointmentID, UserID, CoachID, Date, Time, Created, LastUpdate) values (72, 9, 3, '2024-07-15', '13:35', CURRENT_TIMESTAMP, CURRENT_TIMESTAMP);
insert into Appointment (AppointmentID, UserID, CoachID, Date, Time, Created, LastUpdate) values (73, 96, 25, '2024-02-17', '20:50', CURRENT_TIMESTAMP, CURRENT_TIMESTAMP);
insert into Appointment (AppointmentID, UserID, CoachID, Date, Time, Created, LastUpdate) values (74, 62, 16, '2024-05-01', '6:27', CURRENT_TIMESTAMP, CURRENT_TIMESTAMP);
insert into Appointment (AppointmentID, UserID, CoachID, Date, Time, Created, LastUpdate) values (75, 85, 22, '2024-05-04', '15:39', CURRENT_TIMESTAMP, CURRENT_TIMESTAMP);
insert into Appointment (AppointmentID, UserID, CoachID, Date, Time, Created, LastUpdate) values (76, 42, 11, '2024-12-13', '14:45', CURRENT_TIMESTAMP, CURRENT_TIMESTAMP);
insert into Appointment (AppointmentID, UserID, CoachID, Date, Time, Created, LastUpdate) values (77, 29, 8, '2024-08-26', '14:08', CURRENT_TIMESTAMP, CURRENT_TIMESTAMP);
insert into Appointment (AppointmentID, UserID, CoachID, Date, Time, Created, LastUpdate) values (78, 66, 17, '2024-11-08', '17:06', CURRENT_TIMESTAMP, CURRENT_TIMESTAMP);
insert into Appointment (AppointmentID, UserID, CoachID, Date, Time, Created, LastUpdate) values (79, 36, 10, '2024-10-29', '4:34', CURRENT_TIMESTAMP, CURRENT_TIMESTAMP);
insert into Appointment (AppointmentID, UserID, CoachID, Date, Time, Created, LastUpdate) values (80, 10, 3, '2024-02-10', '20:01', CURRENT_TIMESTAMP, CURRENT_TIMESTAMP);
insert into Appointment (AppointmentID, UserID, CoachID, Date, Time, Created, LastUpdate) values (81, 32, 9, '2024-07-26', '0:23', CURRENT_TIMESTAMP, CURRENT_TIMESTAMP);
insert into Appointment (AppointmentID, UserID, CoachID, Date, Time, Created, LastUpdate) values (82, 73, 19, '2024-05-04', '22:43', CURRENT_TIMESTAMP, CURRENT_TIMESTAMP);
insert into Appointment (AppointmentID, UserID, CoachID, Date, Time, Created, LastUpdate) values (83, 38, 10, '2024-08-25', '21:20', CURRENT_TIMESTAMP, CURRENT_TIMESTAMP);
insert into Appointment (AppointmentID, UserID, CoachID, Date, Time, Created, LastUpdate) values (84, 62, 16, '2024-03-14', '21:56', CURRENT_TIMESTAMP, CURRENT_TIMESTAMP);
insert into Appointment (AppointmentID, UserID, CoachID, Date, Time, Created, LastUpdate) values (85, 10, 3, '2024-11-10', '15:56', CURRENT_TIMESTAMP, CURRENT_TIMESTAMP);
insert into Appointment (AppointmentID, UserID, CoachID, Date, Time, Created, LastUpdate) values (86, 58, 15, '2024-01-21', '7:51', CURRENT_TIMESTAMP, CURRENT_TIMESTAMP);
insert into Appointment (AppointmentID, UserID, CoachID, Date, Time, Created, LastUpdate) values (87, 69, 18, '2024-09-10', '17:38', CURRENT_TIMESTAMP, CURRENT_TIMESTAMP);
insert into Appointment (AppointmentID, UserID, CoachID, Date, Time, Created, LastUpdate) values (88, 7, 2, '2024-07-31', '17:36', CURRENT_TIMESTAMP, CURRENT_TIMESTAMP);
insert into Appointment (AppointmentID, UserID, CoachID, Date, Time, Created, LastUpdate) values (89, 65, 17, '2024-02-15', '8:31', CURRENT_TIMESTAMP, CURRENT_TIMESTAMP);
insert into Appointment (AppointmentID, UserID, CoachID, Date, Time, Created, LastUpdate) values (90, 92, 24, '2024-12-05', '6:13', CURRENT_TIMESTAMP, CURRENT_TIMESTAMP);
insert into Appointment (AppointmentID, UserID, CoachID, Date, Time, Created, LastUpdate) values (91, 46, 12, '2024-07-03', '4:15', CURRENT_TIMESTAMP, CURRENT_TIMESTAMP);
insert into Appointment (AppointmentID, UserID, CoachID, Date, Time, Created, LastUpdate) values (92, 77, 20, '2024-02-14', '12:14', CURRENT_TIMESTAMP, CURRENT_TIMESTAMP);
insert into Appointment (AppointmentID, UserID, CoachID, Date, Time, Created, LastUpdate) values (93, 69, 18, '2024-06-15', '4:44', CURRENT_TIMESTAMP, CURRENT_TIMESTAMP);
insert into Appointment (AppointmentID, UserID, CoachID, Date, Time, Created, LastUpdate) values (94, 4, 2, '2024-06-07', '19:46', CURRENT_TIMESTAMP, CURRENT_TIMESTAMP);
insert into Appointment (AppointmentID, UserID, CoachID, Date, Time, Created, LastUpdate) values (95, 100, 25, '2024-03-03', '1:15', CURRENT_TIMESTAMP, CURRENT_TIMESTAMP);
insert into Appointment (AppointmentID, UserID, CoachID, Date, Time, Created, LastUpdate) values (96, 53, 14, '2024-04-09', '23:29', CURRENT_TIMESTAMP, CURRENT_TIMESTAMP);
insert into Appointment (AppointmentID, UserID, CoachID, Date, Time, Created, LastUpdate) values (97, 32, 9, '2024-05-31', '18:07', CURRENT_TIMESTAMP, CURRENT_TIMESTAMP);
insert into Appointment (AppointmentID, UserID, CoachID, Date, Time, Created, LastUpdate) values (98, 51, 13, '2024-03-22', '6:51', CURRENT_TIMESTAMP, CURRENT_TIMESTAMP);
insert into Appointment (AppointmentID, UserID, CoachID, Date, Time, Created, LastUpdate) values (99, 67, 17, '2024-02-10', '20:24', CURRENT_TIMESTAMP, CURRENT_TIMESTAMP);
insert into Appointment (AppointmentID, UserID, CoachID, Date, Time, Created, LastUpdate) values (100, 79, 20, '2024-11-09', '18:24', CURRENT_TIMESTAMP, CURRENT_TIMESTAMP);
insert into Appointment (AppointmentID, UserID, CoachID, Date, Time, Created, LastUpdate) values (101, 43, 11, '2024-07-30', '6:13', CURRENT_TIMESTAMP, CURRENT_TIMESTAMP);
insert into Appointment (AppointmentID, UserID, CoachID, Date, Time, Created, LastUpdate) values (102, 20, 6, '2024-11-06', '13:14', CURRENT_TIMESTAMP, CURRENT_TIMESTAMP);
insert into Appointment (AppointmentID, UserID, CoachID, Date, Time, Created, LastUpdate) values (103, 8, 3, '2024-01-19', '9:53', CURRENT_TIMESTAMP, CURRENT_TIMESTAMP);
insert into Appointment (AppointmentID, UserID, CoachID, Date, Time, Created, LastUpdate) values (104, 56, 15, '2024-11-06', '20:31', CURRENT_TIMESTAMP, CURRENT_TIMESTAMP);
insert into Appointment (AppointmentID, UserID, CoachID, Date, Time, Created, LastUpdate) values (105, 36, 10, '2024-07-03', '1:01', CURRENT_TIMESTAMP, CURRENT_TIMESTAMP);
insert into Appointment (AppointmentID, UserID, CoachID, Date, Time, Created, LastUpdate) values (106, 63, 16, '2024-02-06', '17:59', CURRENT_TIMESTAMP, CURRENT_TIMESTAMP);
insert into Appointment (AppointmentID, UserID, CoachID, Date, Time, Created, LastUpdate) values (107, 65, 17, '2024-12-18', '7:05', CURRENT_TIMESTAMP, CURRENT_TIMESTAMP);
insert into Appointment (AppointmentID, UserID, CoachID, Date, Time, Created, LastUpdate) values (108, 51, 13, '2024-08-07', '19:46', CURRENT_TIMESTAMP, CURRENT_TIMESTAMP);
insert into Appointment (AppointmentID, UserID, CoachID, Date, Time, Created, LastUpdate) values (109, 96, 25, '2024-03-15', '0:54', CURRENT_TIMESTAMP, CURRENT_TIMESTAMP);
insert into Appointment (AppointmentID, UserID, CoachID, Date, Time, Created, LastUpdate) values (110, 22, 6, '2024-03-10', '2:24', CURRENT_TIMESTAMP, CURRENT_TIMESTAMP);
insert into Appointment (AppointmentID, UserID, CoachID, Date, Time, Created, LastUpdate) values (111, 9, 3, '2024-10-18', '16:32', CURRENT_TIMESTAMP, CURRENT_TIMESTAMP);
insert into Appointment (AppointmentID, UserID, CoachID, Date, Time, Created, LastUpdate) values (112, 83, 21, '2024-09-11', '12:10', CURRENT_TIMESTAMP, CURRENT_TIMESTAMP);
insert into Appointment (AppointmentID, UserID, CoachID, Date, Time, Created, LastUpdate) values (113, 17, 5, '2024-07-19', '21:00', CURRENT_TIMESTAMP, CURRENT_TIMESTAMP);
insert into Appointment (AppointmentID, UserID, CoachID, Date, Time, Created, LastUpdate) values (114, 29, 8, '2024-07-20', '5:05', CURRENT_TIMESTAMP, CURRENT_TIMESTAMP);
insert into Appointment (AppointmentID, UserID, CoachID, Date, Time, Created, LastUpdate) values (115, 52, 14, '2024-07-25', '5:21', CURRENT_TIMESTAMP, CURRENT_TIMESTAMP);
insert into Appointment (AppointmentID, UserID, CoachID, Date, Time, Created, LastUpdate) values (116, 2, 1, '2024-07-04', '3:27', CURRENT_TIMESTAMP, CURRENT_TIMESTAMP);
insert into Appointment (AppointmentID, UserID, CoachID, Date, Time, Created, LastUpdate) values (117, 25, 7, '2024-02-21', '4:50', CURRENT_TIMESTAMP, CURRENT_TIMESTAMP);
insert into Appointment (AppointmentID, UserID, CoachID, Date, Time, Created, LastUpdate) values (118, 5, 2, '2024-08-20', '16:24', CURRENT_TIMESTAMP, CURRENT_TIMESTAMP);
insert into Appointment (AppointmentID, UserID, CoachID, Date, Time, Created, LastUpdate) values (119, 31, 8, '2024-04-21', '3:12', CURRENT_TIMESTAMP, CURRENT_TIMESTAMP);
insert into Appointment (AppointmentID, UserID, CoachID, Date, Time, Created, LastUpdate) values (120, 21, 6, '2024-03-04', '19:33', CURRENT_TIMESTAMP, CURRENT_TIMESTAMP);
insert into Appointment (AppointmentID, UserID, CoachID, Date, Time, Created, LastUpdate) values (121, 69, 18, '2024-11-22', '15:16', CURRENT_TIMESTAMP, CURRENT_TIMESTAMP);
insert into Appointment (AppointmentID, UserID, CoachID, Date, Time, Created, LastUpdate) values (122, 52, 14, '2024-08-30', '19:17', CURRENT_TIMESTAMP, CURRENT_TIMESTAMP);
insert into Appointment (AppointmentID, UserID, CoachID, Date, Time, Created, LastUpdate) values (123, 29, 8, '2024-05-14', '0:04', CURRENT_TIMESTAMP, CURRENT_TIMESTAMP);
insert into Appointment (AppointmentID, UserID, CoachID, Date, Time, Created, LastUpdate) values (124, 85, 22, '2024-02-10', '19:14', CURRENT_TIMESTAMP, CURRENT_TIMESTAMP);
insert into Appointment (AppointmentID, UserID, CoachID, Date, Time, Created, LastUpdate) values (125, 23, 6, '2024-11-29', '14:08', CURRENT_TIMESTAMP, CURRENT_TIMESTAMP);
insert into Appointment (AppointmentID, UserID, CoachID, Date, Time, Created, LastUpdate) values (126, 19, 5, '2024-02-16', '1:33', CURRENT_TIMESTAMP, CURRENT_TIMESTAMP);
insert into Appointment (AppointmentID, UserID, CoachID, Date, Time, Created, LastUpdate) values (127, 40, 11, '2024-07-31', '4:57', CURRENT_TIMESTAMP, CURRENT_TIMESTAMP);
insert into Appointment (AppointmentID, UserID, CoachID, Date, Time, Created, LastUpdate) values (128, 62, 16, '2024-03-15', '6:48', CURRENT_TIMESTAMP, CURRENT_TIMESTAMP);
insert into Appointment (AppointmentID, UserID, CoachID, Date, Time, Created, LastUpdate) values (129, 69, 18, '2024-08-27', '16:21', CURRENT_TIMESTAMP, CURRENT_TIMESTAMP);
insert into Appointment (AppointmentID, UserID, CoachID, Date, Time, Created, LastUpdate) values (130, 70, 18, '2024-08-09', '16:04', CURRENT_TIMESTAMP, CURRENT_TIMESTAMP);
insert into Appointment (AppointmentID, UserID, CoachID, Date, Time, Created, LastUpdate) values (131, 53, 14, '2024-06-06', '12:51', CURRENT_TIMESTAMP, CURRENT_TIMESTAMP);
insert into Appointment (AppointmentID, UserID, CoachID, Date, Time, Created, LastUpdate) values (132, 62, 16, '2024-09-17', '22:36', CURRENT_TIMESTAMP, CURRENT_TIMESTAMP);
insert into Appointment (AppointmentID, UserID, CoachID, Date, Time, Created, LastUpdate) values (133, 60, 16, '2024-11-10', '22:25', CURRENT_TIMESTAMP, CURRENT_TIMESTAMP);
insert into Appointment (AppointmentID, UserID, CoachID, Date, Time, Created, LastUpdate) values (134, 63, 16, '2024-10-07', '11:50', CURRENT_TIMESTAMP, CURRENT_TIMESTAMP);
insert into Appointment (AppointmentID, UserID, CoachID, Date, Time, Created, LastUpdate) values (135, 55, 14, '2024-02-25', '22:23', CURRENT_TIMESTAMP, CURRENT_TIMESTAMP);
insert into Appointment (AppointmentID, UserID, CoachID, Date, Time, Created, LastUpdate) values (136, 15, 4, '2024-04-10', '9:26', CURRENT_TIMESTAMP, CURRENT_TIMESTAMP);
insert into Appointment (AppointmentID, UserID, CoachID, Date, Time, Created, LastUpdate) values (137, 77, 20, '2024-06-26', '7:32', CURRENT_TIMESTAMP, CURRENT_TIMESTAMP);
insert into Appointment (AppointmentID, UserID, CoachID, Date, Time, Created, LastUpdate) values (138, 37, 10, '2024-03-19', '20:11', CURRENT_TIMESTAMP, CURRENT_TIMESTAMP);
insert into Appointment (AppointmentID, UserID, CoachID, Date, Time, Created, LastUpdate) values (139, 90, 23, '2024-10-12', '21:23', CURRENT_TIMESTAMP, CURRENT_TIMESTAMP);
insert into Appointment (AppointmentID, UserID, CoachID, Date, Time, Created, LastUpdate) values (140, 82, 21, '2024-07-11', '12:09', CURRENT_TIMESTAMP, CURRENT_TIMESTAMP);
insert into Appointment (AppointmentID, UserID, CoachID, Date, Time, Created, LastUpdate) values (141, 77, 20, '2024-05-25', '6:40', CURRENT_TIMESTAMP, CURRENT_TIMESTAMP);
insert into Appointment (AppointmentID, UserID, CoachID, Date, Time, Created, LastUpdate) values (142, 15, 4, '2024-07-16', '19:27', CURRENT_TIMESTAMP, CURRENT_TIMESTAMP);
insert into Appointment (AppointmentID, UserID, CoachID, Date, Time, Created, LastUpdate) values (143, 42, 11, '2024-02-08', '3:57', CURRENT_TIMESTAMP, CURRENT_TIMESTAMP);
insert into Appointment (AppointmentID, UserID, CoachID, Date, Time, Created, LastUpdate) values (144, 78, 20, '2024-02-18', '12:08', CURRENT_TIMESTAMP, CURRENT_TIMESTAMP);
insert into Appointment (AppointmentID, UserID, CoachID, Date, Time, Created, LastUpdate) values (145, 91, 23, '2024-05-01', '3:43', CURRENT_TIMESTAMP, CURRENT_TIMESTAMP);
insert into Appointment (AppointmentID, UserID, CoachID, Date, Time, Created, LastUpdate) values (146, 37, 10, '2024-02-19', '13:29', CURRENT_TIMESTAMP, CURRENT_TIMESTAMP);
insert into Appointment (AppointmentID, UserID, CoachID, Date, Time, Created, LastUpdate) values (147, 20, 6, '2024-10-19', '8:51', CURRENT_TIMESTAMP, CURRENT_TIMESTAMP);
insert into Appointment (AppointmentID, UserID, CoachID, Date, Time, Created, LastUpdate) values (148, 9, 3, '2024-08-28', '22:59', CURRENT_TIMESTAMP, CURRENT_TIMESTAMP);
insert into Appointment (AppointmentID, UserID, CoachID, Date, Time, Created, LastUpdate) values (149, 88, 23, '2024-05-22', '10:14', CURRENT_TIMESTAMP, CURRENT_TIMESTAMP);
insert into Appointment (AppointmentID, UserID, CoachID, Date, Time, Created, LastUpdate) values (150, 23, 6, '2024-02-22', '20:22', CURRENT_TIMESTAMP, CURRENT_TIMESTAMP);
insert into Appointment (AppointmentID, UserID, CoachID, Date, Time, Created, LastUpdate) values (151, 14, 4, '2024-07-22', '0:47', CURRENT_TIMESTAMP, CURRENT_TIMESTAMP);
insert into Appointment (AppointmentID, UserID, CoachID, Date, Time, Created, LastUpdate) values (152, 80, 21, '2024-09-20', '15:38', CURRENT_TIMESTAMP, CURRENT_TIMESTAMP);
insert into Appointment (AppointmentID, UserID, CoachID, Date, Time, Created, LastUpdate) values (153, 59, 15, '2024-06-11', '13:57', CURRENT_TIMESTAMP, CURRENT_TIMESTAMP);
insert into Appointment (AppointmentID, UserID, CoachID, Date, Time, Created, LastUpdate) values (154, 80, 21, '2024-08-01', '2:01', CURRENT_TIMESTAMP, CURRENT_TIMESTAMP);
insert into Appointment (AppointmentID, UserID, CoachID, Date, Time, Created, LastUpdate) values (155, 75, 19, '2024-11-24', '23:55', CURRENT_TIMESTAMP, CURRENT_TIMESTAMP);
insert into Appointment (AppointmentID, UserID, CoachID, Date, Time, Created, LastUpdate) values (156, 64, 17, '2024-09-01', '15:25', CURRENT_TIMESTAMP, CURRENT_TIMESTAMP);
insert into Appointment (AppointmentID, UserID, CoachID, Date, Time, Created, LastUpdate) values (157, 4, 2, '2024-02-29', '18:48', CURRENT_TIMESTAMP, CURRENT_TIMESTAMP);
insert into Appointment (AppointmentID, UserID, CoachID, Date, Time, Created, LastUpdate) values (158, 47, 12, '2024-04-26', '19:22', CURRENT_TIMESTAMP, CURRENT_TIMESTAMP);
insert into Appointment (AppointmentID, UserID, CoachID, Date, Time, Created, LastUpdate) values (159, 63, 16, '2024-02-14', '5:03', CURRENT_TIMESTAMP, CURRENT_TIMESTAMP);
insert into Appointment (AppointmentID, UserID, CoachID, Date, Time, Created, LastUpdate) values (160, 13, 4, '2024-01-14', '17:49', CURRENT_TIMESTAMP, CURRENT_TIMESTAMP);
insert into Appointment (AppointmentID, UserID, CoachID, Date, Time, Created, LastUpdate) values (161, 54, 14, '2024-11-06', '10:41', CURRENT_TIMESTAMP, CURRENT_TIMESTAMP);
insert into Appointment (AppointmentID, UserID, CoachID, Date, Time, Created, LastUpdate) values (162, 99, 25, '2024-02-24', '21:41', CURRENT_TIMESTAMP, CURRENT_TIMESTAMP);
insert into Appointment (AppointmentID, UserID, CoachID, Date, Time, Created, LastUpdate) values (163, 55, 14, '2023-12-27', '16:15', CURRENT_TIMESTAMP, CURRENT_TIMESTAMP);
insert into Appointment (AppointmentID, UserID, CoachID, Date, Time, Created, LastUpdate) values (164, 9, 3, '2024-07-25', '10:40', CURRENT_TIMESTAMP, CURRENT_TIMESTAMP);
insert into Appointment (AppointmentID, UserID, CoachID, Date, Time, Created, LastUpdate) values (165, 41, 11, '2024-11-17', '4:43', CURRENT_TIMESTAMP, CURRENT_TIMESTAMP);
insert into Appointment (AppointmentID, UserID, CoachID, Date, Time, Created, LastUpdate) values (166, 93, 24, '2024-11-19', '15:04', CURRENT_TIMESTAMP, CURRENT_TIMESTAMP);
insert into Appointment (AppointmentID, UserID, CoachID, Date, Time, Created, LastUpdate) values (167, 62, 16, '2024-06-22', '6:39', CURRENT_TIMESTAMP, CURRENT_TIMESTAMP);
insert into Appointment (AppointmentID, UserID, CoachID, Date, Time, Created, LastUpdate) values (168, 28, 8, '2024-05-20', '18:00', CURRENT_TIMESTAMP, CURRENT_TIMESTAMP);
insert into Appointment (AppointmentID, UserID, CoachID, Date, Time, Created, LastUpdate) values (169, 72, 19, '2024-01-26', '5:02', CURRENT_TIMESTAMP, CURRENT_TIMESTAMP);
insert into Appointment (AppointmentID, UserID, CoachID, Date, Time, Created, LastUpdate) values (170, 4, 2, '2024-10-26', '20:21', CURRENT_TIMESTAMP, CURRENT_TIMESTAMP);
insert into Appointment (AppointmentID, UserID, CoachID, Date, Time, Created, LastUpdate) values (171, 84, 22, '2024-09-18', '2:52', CURRENT_TIMESTAMP, CURRENT_TIMESTAMP);
insert into Appointment (AppointmentID, UserID, CoachID, Date, Time, Created, LastUpdate) values (172, 96, 25, '2024-07-27', '0:06', CURRENT_TIMESTAMP, CURRENT_TIMESTAMP);
insert into Appointment (AppointmentID, UserID, CoachID, Date, Time, Created, LastUpdate) values (173, 30, 8, '2024-02-04', '3:39', CURRENT_TIMESTAMP, CURRENT_TIMESTAMP);
insert into Appointment (AppointmentID, UserID, CoachID, Date, Time, Created, LastUpdate) values (174, 49, 13, '2024-01-22', '18:46', CURRENT_TIMESTAMP, CURRENT_TIMESTAMP);
insert into Appointment (AppointmentID, UserID, CoachID, Date, Time, Created, LastUpdate) values (175, 56, 15, '2024-02-09', '19:18', CURRENT_TIMESTAMP, CURRENT_TIMESTAMP);
insert into Appointment (AppointmentID, UserID, CoachID, Date, Time, Created, LastUpdate) values (176, 99, 25, '2024-10-28', '18:32', CURRENT_TIMESTAMP, CURRENT_TIMESTAMP);
insert into Appointment (AppointmentID, UserID, CoachID, Date, Time, Created, LastUpdate) values (177, 20, 6, '2024-07-16', '4:58', CURRENT_TIMESTAMP, CURRENT_TIMESTAMP);
insert into Appointment (AppointmentID, UserID, CoachID, Date, Time, Created, LastUpdate) values (178, 14, 4, '2024-04-16', '15:31', CURRENT_TIMESTAMP, CURRENT_TIMESTAMP);
insert into Appointment (AppointmentID, UserID, CoachID, Date, Time, Created, LastUpdate) values (179, 92, 24, '2024-08-24', '21:33', CURRENT_TIMESTAMP, CURRENT_TIMESTAMP);
insert into Appointment (AppointmentID, UserID, CoachID, Date, Time, Created, LastUpdate) values (180, 14, 4, '2024-11-03', '16:56', CURRENT_TIMESTAMP, CURRENT_TIMESTAMP);
insert into Appointment (AppointmentID, UserID, CoachID, Date, Time, Created, LastUpdate) values (181, 17, 5, '2024-07-05', '1:43', CURRENT_TIMESTAMP, CURRENT_TIMESTAMP);
insert into Appointment (AppointmentID, UserID, CoachID, Date, Time, Created, LastUpdate) values (182, 34, 9, '2024-09-17', '15:00', CURRENT_TIMESTAMP, CURRENT_TIMESTAMP);
insert into Appointment (AppointmentID, UserID, CoachID, Date, Time, Created, LastUpdate) values (183, 36, 10, '2024-09-14', '23:51', CURRENT_TIMESTAMP, CURRENT_TIMESTAMP);
insert into Appointment (AppointmentID, UserID, CoachID, Date, Time, Created, LastUpdate) values (184, 45, 12, '2024-04-17', '21:12', CURRENT_TIMESTAMP, CURRENT_TIMESTAMP);
insert into Appointment (AppointmentID, UserID, CoachID, Date, Time, Created, LastUpdate) values (185, 73, 19, '2024-03-19', '0:07', CURRENT_TIMESTAMP, CURRENT_TIMESTAMP);
insert into Appointment (AppointmentID, UserID, CoachID, Date, Time, Created, LastUpdate) values (186, 87, 22, '2024-03-18', '13:28', CURRENT_TIMESTAMP, CURRENT_TIMESTAMP);
insert into Appointment (AppointmentID, UserID, CoachID, Date, Time, Created, LastUpdate) values (187, 77, 20, '2024-06-23', '3:08', CURRENT_TIMESTAMP, CURRENT_TIMESTAMP);
insert into Appointment (AppointmentID, UserID, CoachID, Date, Time, Created, LastUpdate) values (188, 27, 7, '2024-08-13', '21:35', CURRENT_TIMESTAMP, CURRENT_TIMESTAMP);
insert into Appointment (AppointmentID, UserID, CoachID, Date, Time, Created, LastUpdate) values (189, 35, 9, '2024-03-14', '17:30', CURRENT_TIMESTAMP, CURRENT_TIMESTAMP);
insert into Appointment (AppointmentID, UserID, CoachID, Date, Time, Created, LastUpdate) values (190, 56, 15, '2024-06-27', '22:31', CURRENT_TIMESTAMP, CURRENT_TIMESTAMP);
insert into Appointment (AppointmentID, UserID, CoachID, Date, Time, Created, LastUpdate) values (191, 96, 25, '2024-10-23', '1:46', CURRENT_TIMESTAMP, CURRENT_TIMESTAMP);
insert into Appointment (AppointmentID, UserID, CoachID, Date, Time, Created, LastUpdate) values (192, 84, 22, '2024-04-01', '23:18', CURRENT_TIMESTAMP, CURRENT_TIMESTAMP);
insert into Appointment (AppointmentID, UserID, CoachID, Date, Time, Created, LastUpdate) values (193, 47, 12, '2023-12-28', '16:24', CURRENT_TIMESTAMP, CURRENT_TIMESTAMP);
insert into Appointment (AppointmentID, UserID, CoachID, Date, Time, Created, LastUpdate) values (194, 95, 24, '2024-01-21', '22:12', CURRENT_TIMESTAMP, CURRENT_TIMESTAMP);
insert into Appointment (AppointmentID, UserID, CoachID, Date, Time, Created, LastUpdate) values (195, 80, 21, '2024-08-15', '6:23', CURRENT_TIMESTAMP, CURRENT_TIMESTAMP);
insert into Appointment (AppointmentID, UserID, CoachID, Date, Time, Created, LastUpdate) values (196, 28, 8, '2024-05-19', '19:14', CURRENT_TIMESTAMP, CURRENT_TIMESTAMP);
insert into Appointment (AppointmentID, UserID, CoachID, Date, Time, Created, LastUpdate) values (197, 76, 20, '2024-10-10', '18:17', CURRENT_TIMESTAMP, CURRENT_TIMESTAMP);
insert into Appointment (AppointmentID, UserID, CoachID, Date, Time, Created, LastUpdate) values (198, 18, 5, '2024-01-23', '10:05', CURRENT_TIMESTAMP, CURRENT_TIMESTAMP);
insert into Appointment (AppointmentID, UserID, CoachID, Date, Time, Created, LastUpdate) values (199, 79, 20, '2024-04-27', '21:50', CURRENT_TIMESTAMP, CURRENT_TIMESTAMP);
insert into Appointment (AppointmentID, UserID, CoachID, Date, Time, Created, LastUpdate) values (200, 53, 14, '2024-07-30', '4:44', CURRENT_TIMESTAMP, CURRENT_TIMESTAMP);
insert into Appointment (AppointmentID, UserID, CoachID, Date, Time, Created, LastUpdate) values (201, 76, 20, '2024-06-04', '17:34', CURRENT_TIMESTAMP, CURRENT_TIMESTAMP);
insert into Appointment (AppointmentID, UserID, CoachID, Date, Time, Created, LastUpdate) values (202, 94, 24, '2024-04-03', '19:24', CURRENT_TIMESTAMP, CURRENT_TIMESTAMP);
insert into Appointment (AppointmentID, UserID, CoachID, Date, Time, Created, LastUpdate) values (203, 55, 14, '2024-08-28', '17:37', CURRENT_TIMESTAMP, CURRENT_TIMESTAMP);
insert into Appointment (AppointmentID, UserID, CoachID, Date, Time, Created, LastUpdate) values (204, 73, 19, '2024-03-10', '9:37', CURRENT_TIMESTAMP, CURRENT_TIMESTAMP);
insert into Appointment (AppointmentID, UserID, CoachID, Date, Time, Created, LastUpdate) values (205, 99, 25, '2024-01-21', '21:43', CURRENT_TIMESTAMP, CURRENT_TIMESTAMP);
insert into Appointment (AppointmentID, UserID, CoachID, Date, Time, Created, LastUpdate) values (206, 43, 11, '2024-01-23', '17:08', CURRENT_TIMESTAMP, CURRENT_TIMESTAMP);
insert into Appointment (AppointmentID, UserID, CoachID, Date, Time, Created, LastUpdate) values (207, 96, 25, '2024-06-22', '5:39', CURRENT_TIMESTAMP, CURRENT_TIMESTAMP);
insert into Appointment (AppointmentID, UserID, CoachID, Date, Time, Created, LastUpdate) values (208, 87, 22, '2024-11-15', '18:02', CURRENT_TIMESTAMP, CURRENT_TIMESTAMP);
insert into Appointment (AppointmentID, UserID, CoachID, Date, Time, Created, LastUpdate) values (209, 41, 11, '2024-03-29', '15:42', CURRENT_TIMESTAMP, CURRENT_TIMESTAMP);
insert into Appointment (AppointmentID, UserID, CoachID, Date, Time, Created, LastUpdate) values (210, 36, 10, '2024-04-20', '22:14', CURRENT_TIMESTAMP, CURRENT_TIMESTAMP);
insert into Appointment (AppointmentID, UserID, CoachID, Date, Time, Created, LastUpdate) values (211, 38, 10, '2024-11-25', '0:18', CURRENT_TIMESTAMP, CURRENT_TIMESTAMP);
insert into Appointment (AppointmentID, UserID, CoachID, Date, Time, Created, LastUpdate) values (212, 9, 3, '2024-01-20', '16:25', CURRENT_TIMESTAMP, CURRENT_TIMESTAMP);
insert into Appointment (AppointmentID, UserID, CoachID, Date, Time, Created, LastUpdate) values (213, 4, 2, '2024-07-29', '8:03', CURRENT_TIMESTAMP, CURRENT_TIMESTAMP);
insert into Appointment (AppointmentID, UserID, CoachID, Date, Time, Created, LastUpdate) values (214, 88, 23, '2024-10-12', '19:56', CURRENT_TIMESTAMP, CURRENT_TIMESTAMP);
insert into Appointment (AppointmentID, UserID, CoachID, Date, Time, Created, LastUpdate) values (215, 45, 12, '2024-11-12', '3:28', CURRENT_TIMESTAMP, CURRENT_TIMESTAMP);
insert into Appointment (AppointmentID, UserID, CoachID, Date, Time, Created, LastUpdate) values (216, 80, 21, '2024-06-09', '18:54', CURRENT_TIMESTAMP, CURRENT_TIMESTAMP);
insert into Appointment (AppointmentID, UserID, CoachID, Date, Time, Created, LastUpdate) values (217, 28, 8, '2024-01-11', '2:03', CURRENT_TIMESTAMP, CURRENT_TIMESTAMP);
insert into Appointment (AppointmentID, UserID, CoachID, Date, Time, Created, LastUpdate) values (218, 67, 17, '2024-03-21', '14:32', CURRENT_TIMESTAMP, CURRENT_TIMESTAMP);
insert into Appointment (AppointmentID, UserID, CoachID, Date, Time, Created, LastUpdate) values (219, 4, 2, '2024-06-27', '10:00', CURRENT_TIMESTAMP, CURRENT_TIMESTAMP);
insert into Appointment (AppointmentID, UserID, CoachID, Date, Time, Created, LastUpdate) values (220, 88, 23, '2024-11-10', '15:38', CURRENT_TIMESTAMP, CURRENT_TIMESTAMP);
insert into Appointment (AppointmentID, UserID, CoachID, Date, Time, Created, LastUpdate) values (221, 91, 23, '2024-09-10', '23:42', CURRENT_TIMESTAMP, CURRENT_TIMESTAMP);
insert into Appointment (AppointmentID, UserID, CoachID, Date, Time, Created, LastUpdate) values (222, 29, 8, '2024-08-17', '19:19', CURRENT_TIMESTAMP, CURRENT_TIMESTAMP);
insert into Appointment (AppointmentID, UserID, CoachID, Date, Time, Created, LastUpdate) values (223, 76, 20, '2024-02-29', '15:52', CURRENT_TIMESTAMP, CURRENT_TIMESTAMP);
insert into Appointment (AppointmentID, UserID, CoachID, Date, Time, Created, LastUpdate) values (224, 30, 8, '2024-07-10', '4:47', CURRENT_TIMESTAMP, CURRENT_TIMESTAMP);
insert into Appointment (AppointmentID, UserID, CoachID, Date, Time, Created, LastUpdate) values (225, 89, 23, '2023-12-28', '7:18', CURRENT_TIMESTAMP, CURRENT_TIMESTAMP);
insert into Appointment (AppointmentID, UserID, CoachID, Date, Time, Created, LastUpdate) values (226, 47, 12, '2024-07-02', '17:48', CURRENT_TIMESTAMP, CURRENT_TIMESTAMP);
insert into Appointment (AppointmentID, UserID, CoachID, Date, Time, Created, LastUpdate) values (227, 20, 6, '2024-06-01', '4:59', CURRENT_TIMESTAMP, CURRENT_TIMESTAMP);
insert into Appointment (AppointmentID, UserID, CoachID, Date, Time, Created, LastUpdate) values (228, 5, 2, '2024-12-02', '18:23', CURRENT_TIMESTAMP, CURRENT_TIMESTAMP);
insert into Appointment (AppointmentID, UserID, CoachID, Date, Time, Created, LastUpdate) values (229, 51, 13, '2024-06-28', '12:54', CURRENT_TIMESTAMP, CURRENT_TIMESTAMP);
insert into Appointment (AppointmentID, UserID, CoachID, Date, Time, Created, LastUpdate) values (230, 56, 15, '2024-06-03', '16:15', CURRENT_TIMESTAMP, CURRENT_TIMESTAMP);
insert into Appointment (AppointmentID, UserID, CoachID, Date, Time, Created, LastUpdate) values (231, 7, 2, '2024-08-13', '20:17', CURRENT_TIMESTAMP, CURRENT_TIMESTAMP);
insert into Appointment (AppointmentID, UserID, CoachID, Date, Time, Created, LastUpdate) values (232, 21, 6, '2024-10-24', '2:23', CURRENT_TIMESTAMP, CURRENT_TIMESTAMP);
insert into Appointment (AppointmentID, UserID, CoachID, Date, Time, Created, LastUpdate) values (233, 81, 21, '2024-06-02', '7:24', CURRENT_TIMESTAMP, CURRENT_TIMESTAMP);
insert into Appointment (AppointmentID, UserID, CoachID, Date, Time, Created, LastUpdate) values (234, 34, 9, '2024-11-08', '19:26', CURRENT_TIMESTAMP, CURRENT_TIMESTAMP);
insert into Appointment (AppointmentID, UserID, CoachID, Date, Time, Created, LastUpdate) values (235, 83, 21, '2024-07-31', '4:01', CURRENT_TIMESTAMP, CURRENT_TIMESTAMP);
insert into Appointment (AppointmentID, UserID, CoachID, Date, Time, Created, LastUpdate) values (236, 20, 6, '2024-01-27', '3:41', CURRENT_TIMESTAMP, CURRENT_TIMESTAMP);
insert into Appointment (AppointmentID, UserID, CoachID, Date, Time, Created, LastUpdate) values (237, 95, 24, '2024-10-09', '2:44', CURRENT_TIMESTAMP, CURRENT_TIMESTAMP);
insert into Appointment (AppointmentID, UserID, CoachID, Date, Time, Created, LastUpdate) values (238, 12, 4, '2024-11-03', '17:45', CURRENT_TIMESTAMP, CURRENT_TIMESTAMP);
insert into Appointment (AppointmentID, UserID, CoachID, Date, Time, Created, LastUpdate) values (239, 76, 20, '2024-12-01', '3:10', CURRENT_TIMESTAMP, CURRENT_TIMESTAMP);
insert into Appointment (AppointmentID, UserID, CoachID, Date, Time, Created, LastUpdate) values (240, 58, 15, '2024-03-30', '9:03', CURRENT_TIMESTAMP, CURRENT_TIMESTAMP);
insert into Appointment (AppointmentID, UserID, CoachID, Date, Time, Created, LastUpdate) values (241, 66, 17, '2024-10-12', '19:37', CURRENT_TIMESTAMP, CURRENT_TIMESTAMP);
insert into Appointment (AppointmentID, UserID, CoachID, Date, Time, Created, LastUpdate) values (242, 43, 11, '2024-11-19', '15:17', CURRENT_TIMESTAMP, CURRENT_TIMESTAMP);
insert into Appointment (AppointmentID, UserID, CoachID, Date, Time, Created, LastUpdate) values (243, 36, 10, '2024-03-31', '1:38', CURRENT_TIMESTAMP, CURRENT_TIMESTAMP);
insert into Appointment (AppointmentID, UserID, CoachID, Date, Time, Created, LastUpdate) values (244, 77, 20, '2024-02-29', '11:24', CURRENT_TIMESTAMP, CURRENT_TIMESTAMP);
insert into Appointment (AppointmentID, UserID, CoachID, Date, Time, Created, LastUpdate) values (245, 10, 3, '2024-02-26', '16:23', CURRENT_TIMESTAMP, CURRENT_TIMESTAMP);
insert into Appointment (AppointmentID, UserID, CoachID, Date, Time, Created, LastUpdate) values (246, 22, 6, '2024-12-24', '22:19', CURRENT_TIMESTAMP, CURRENT_TIMESTAMP);
insert into Appointment (AppointmentID, UserID, CoachID, Date, Time, Created, LastUpdate) values (247, 41, 11, '2024-08-12', '22:15', CURRENT_TIMESTAMP, CURRENT_TIMESTAMP);
insert into Appointment (AppointmentID, UserID, CoachID, Date, Time, Created, LastUpdate) values (248, 32, 9, '2024-01-07', '19:45', CURRENT_TIMESTAMP, CURRENT_TIMESTAMP);
insert into Appointment (AppointmentID, UserID, CoachID, Date, Time, Created, LastUpdate) values (249, 96, 25, '2024-03-27', '16:40', CURRENT_TIMESTAMP, CURRENT_TIMESTAMP);
insert into Appointment (AppointmentID, UserID, CoachID, Date, Time, Created, LastUpdate) values (250, 7, 2, '2024-12-11', '19:48', CURRENT_TIMESTAMP, CURRENT_TIMESTAMP);


-- Dumping data for Message table
insert into Message (MessageID, SenderID, ReceiverID, Content, Created, LastUpdate) values (1, 59, 46, 'enim in tempor turpis nec', CURRENT_TIMESTAMP, CURRENT_TIMESTAMP);
insert into Message (MessageID, SenderID, ReceiverID, Content, Created, LastUpdate) values (2, 1, 35, 'feugiat non pretium quis', CURRENT_TIMESTAMP, CURRENT_TIMESTAMP);
insert into Message (MessageID, SenderID, ReceiverID, Content, Created, LastUpdate) values (3, 59, 85, 'eu nibh quisque id justo sit amet', CURRENT_TIMESTAMP, CURRENT_TIMESTAMP);
insert into Message (MessageID, SenderID, ReceiverID, Content, Created, LastUpdate) values (4, 29, 81, 'rutrum neque aenean auctor gravida sem praesent id', CURRENT_TIMESTAMP, CURRENT_TIMESTAMP);
insert into Message (MessageID, SenderID, ReceiverID, Content, Created, LastUpdate) values (5, 18, 38, 'sapien ut nunc vestibulum ante ipsum primis in', CURRENT_TIMESTAMP, CURRENT_TIMESTAMP);
insert into Message (MessageID, SenderID, ReceiverID, Content, Created, LastUpdate) values (6, 24, 87, 'lectus vestibulum quam sapien varius ut blandit', CURRENT_TIMESTAMP, CURRENT_TIMESTAMP);
insert into Message (MessageID, SenderID, ReceiverID, Content, Created, LastUpdate) values (7, 36, 1, 'varius nulla facilisi cras non velit nec', CURRENT_TIMESTAMP, CURRENT_TIMESTAMP);
insert into Message (MessageID, SenderID, ReceiverID, Content, Created, LastUpdate) values (8, 5, 81, 'eu nibh quisque id justo', CURRENT_TIMESTAMP, CURRENT_TIMESTAMP);
insert into Message (MessageID, SenderID, ReceiverID, Content, Created, LastUpdate) values (9, 69, 50, 'nam nulla integer pede justo lacinia', CURRENT_TIMESTAMP, CURRENT_TIMESTAMP);
insert into Message (MessageID, SenderID, ReceiverID, Content, Created, LastUpdate) values (10, 4, 63, 'massa donec dapibus duis at', CURRENT_TIMESTAMP, CURRENT_TIMESTAMP);
insert into Message (MessageID, SenderID, ReceiverID, Content, Created, LastUpdate) values (11, 55, 88, 'et ultrices posuere cubilia curae nulla', CURRENT_TIMESTAMP, CURRENT_TIMESTAMP);
insert into Message (MessageID, SenderID, ReceiverID, Content, Created, LastUpdate) values (12, 100, 23, 'maecenas ut massa quis augue', CURRENT_TIMESTAMP, CURRENT_TIMESTAMP);
insert into Message (MessageID, SenderID, ReceiverID, Content, Created, LastUpdate) values (13, 16, 61, 'enim blandit mi in porttitor pede', CURRENT_TIMESTAMP, CURRENT_TIMESTAMP);
insert into Message (MessageID, SenderID, ReceiverID, Content, Created, LastUpdate) values (14, 91, 42, 'proin eu mi nulla ac enim in tempor', CURRENT_TIMESTAMP, CURRENT_TIMESTAMP);
insert into Message (MessageID, SenderID, ReceiverID, Content, Created, LastUpdate) values (15, 49, 67, 'ipsum primis in faucibus orci luctus', CURRENT_TIMESTAMP, CURRENT_TIMESTAMP);
insert into Message (MessageID, SenderID, ReceiverID, Content, Created, LastUpdate) values (16, 96, 54, 'nunc vestibulum ante ipsum primis in faucibus', CURRENT_TIMESTAMP, CURRENT_TIMESTAMP);
insert into Message (MessageID, SenderID, ReceiverID, Content, Created, LastUpdate) values (17, 16, 96, 'quam sapien varius ut blandit non interdum', CURRENT_TIMESTAMP, CURRENT_TIMESTAMP);
insert into Message (MessageID, SenderID, ReceiverID, Content, Created, LastUpdate) values (18, 52, 87, 'vel dapibus at diam nam tristique tortor eu', CURRENT_TIMESTAMP, CURRENT_TIMESTAMP);
insert into Message (MessageID, SenderID, ReceiverID, Content, Created, LastUpdate) values (19, 20, 69, 'pede morbi porttitor lorem id ligula suspendisse', CURRENT_TIMESTAMP, CURRENT_TIMESTAMP);
insert into Message (MessageID, SenderID, ReceiverID, Content, Created, LastUpdate) values (20, 78, 50, 'turpis nec euismod scelerisque quam turpis', CURRENT_TIMESTAMP, CURRENT_TIMESTAMP);
insert into Message (MessageID, SenderID, ReceiverID, Content, Created, LastUpdate) values (21, 100, 19, 'volutpat eleifend donec ut dolor morbi vel lectus', CURRENT_TIMESTAMP, CURRENT_TIMESTAMP);
insert into Message (MessageID, SenderID, ReceiverID, Content, Created, LastUpdate) values (22, 60, 50, 'nisi venenatis tristique fusce congue diam id', CURRENT_TIMESTAMP, CURRENT_TIMESTAMP);
insert into Message (MessageID, SenderID, ReceiverID, Content, Created, LastUpdate) values (23, 29, 87, 'elit proin risus praesent lectus vestibulum quam', CURRENT_TIMESTAMP, CURRENT_TIMESTAMP);
insert into Message (MessageID, SenderID, ReceiverID, Content, Created, LastUpdate) values (24, 88, 8, 'nunc commodo placerat praesent blandit nam nulla', CURRENT_TIMESTAMP, CURRENT_TIMESTAMP);
insert into Message (MessageID, SenderID, ReceiverID, Content, Created, LastUpdate) values (25, 39, 66, 'quisque arcu libero rutrum ac lobortis vel', CURRENT_TIMESTAMP, CURRENT_TIMESTAMP);
insert into Message (MessageID, SenderID, ReceiverID, Content, Created, LastUpdate) values (26, 62, 6, 'libero non mattis pulvinar nulla', CURRENT_TIMESTAMP, CURRENT_TIMESTAMP);
insert into Message (MessageID, SenderID, ReceiverID, Content, Created, LastUpdate) values (27, 22, 17, 'ante ipsum primis in faucibus', CURRENT_TIMESTAMP, CURRENT_TIMESTAMP);
insert into Message (MessageID, SenderID, ReceiverID, Content, Created, LastUpdate) values (28, 78, 22, 'eu interdum eu tincidunt in leo maecenas pulvinar', CURRENT_TIMESTAMP, CURRENT_TIMESTAMP);
insert into Message (MessageID, SenderID, ReceiverID, Content, Created, LastUpdate) values (29, 99, 33, 'ligula in lacus curabitur at', CURRENT_TIMESTAMP, CURRENT_TIMESTAMP);
insert into Message (MessageID, SenderID, ReceiverID, Content, Created, LastUpdate) values (30, 60, 21, 'accumsan tortor quis turpis sed ante vivamus', CURRENT_TIMESTAMP, CURRENT_TIMESTAMP);
insert into Message (MessageID, SenderID, ReceiverID, Content, Created, LastUpdate) values (31, 22, 43, 'molestie sed justo pellentesque', CURRENT_TIMESTAMP, CURRENT_TIMESTAMP);
insert into Message (MessageID, SenderID, ReceiverID, Content, Created, LastUpdate) values (32, 81, 20, 'vel sem sed sagittis nam congue risus semper', CURRENT_TIMESTAMP, CURRENT_TIMESTAMP);
insert into Message (MessageID, SenderID, ReceiverID, Content, Created, LastUpdate) values (33, 44, 87, 'morbi non quam nec dui luctus rutrum', CURRENT_TIMESTAMP, CURRENT_TIMESTAMP);
insert into Message (MessageID, SenderID, ReceiverID, Content, Created, LastUpdate) values (34, 85, 66, 'eu sapien cursus vestibulum proin eu mi nulla', CURRENT_TIMESTAMP, CURRENT_TIMESTAMP);
insert into Message (MessageID, SenderID, ReceiverID, Content, Created, LastUpdate) values (35, 46, 48, 'suspendisse potenti nullam porttitor lacus at', CURRENT_TIMESTAMP, CURRENT_TIMESTAMP);
insert into Message (MessageID, SenderID, ReceiverID, Content, Created, LastUpdate) values (36, 70, 29, 'vel lectus in quam fringilla rhoncus mauris enim', CURRENT_TIMESTAMP, CURRENT_TIMESTAMP);
insert into Message (MessageID, SenderID, ReceiverID, Content, Created, LastUpdate) values (37, 41, 34, 'donec diam neque vestibulum', CURRENT_TIMESTAMP, CURRENT_TIMESTAMP);
insert into Message (MessageID, SenderID, ReceiverID, Content, Created, LastUpdate) values (38, 10, 81, 'lacus morbi quis tortor id nulla', CURRENT_TIMESTAMP, CURRENT_TIMESTAMP);
insert into Message (MessageID, SenderID, ReceiverID, Content, Created, LastUpdate) values (39, 83, 71, 'diam in magna bibendum imperdiet nullam', CURRENT_TIMESTAMP, CURRENT_TIMESTAMP);
insert into Message (MessageID, SenderID, ReceiverID, Content, Created, LastUpdate) values (40, 87, 70, 'lectus suspendisse potenti in eleifend quam a odio', CURRENT_TIMESTAMP, CURRENT_TIMESTAMP);
insert into Message (MessageID, SenderID, ReceiverID, Content, Created, LastUpdate) values (41, 17, 37, 'consequat metus sapien ut nunc', CURRENT_TIMESTAMP, CURRENT_TIMESTAMP);
insert into Message (MessageID, SenderID, ReceiverID, Content, Created, LastUpdate) values (42, 21, 60, 'a libero nam dui proin', CURRENT_TIMESTAMP, CURRENT_TIMESTAMP);
insert into Message (MessageID, SenderID, ReceiverID, Content, Created, LastUpdate) values (43, 3, 18, 'ut suscipit a feugiat et eros vestibulum ac', CURRENT_TIMESTAMP, CURRENT_TIMESTAMP);
insert into Message (MessageID, SenderID, ReceiverID, Content, Created, LastUpdate) values (44, 66, 100, 'nulla justo aliquam quis turpis eget elit sodales', CURRENT_TIMESTAMP, CURRENT_TIMESTAMP);
insert into Message (MessageID, SenderID, ReceiverID, Content, Created, LastUpdate) values (45, 74, 95, 'ante ipsum primis in', CURRENT_TIMESTAMP, CURRENT_TIMESTAMP);
insert into Message (MessageID, SenderID, ReceiverID, Content, Created, LastUpdate) values (46, 63, 41, 'nunc donec quis orci eget', CURRENT_TIMESTAMP, CURRENT_TIMESTAMP);
insert into Message (MessageID, SenderID, ReceiverID, Content, Created, LastUpdate) values (47, 58, 7, 'at turpis a pede posuere nonummy', CURRENT_TIMESTAMP, CURRENT_TIMESTAMP);
insert into Message (MessageID, SenderID, ReceiverID, Content, Created, LastUpdate) values (48, 57, 49, 'dui maecenas tristique est et tempus semper', CURRENT_TIMESTAMP, CURRENT_TIMESTAMP);
insert into Message (MessageID, SenderID, ReceiverID, Content, Created, LastUpdate) values (49, 14, 46, 'curabitur at ipsum ac tellus semper', CURRENT_TIMESTAMP, CURRENT_TIMESTAMP);
insert into Message (MessageID, SenderID, ReceiverID, Content, Created, LastUpdate) values (50, 28, 93, 'ac tellus semper interdum mauris', CURRENT_TIMESTAMP, CURRENT_TIMESTAMP);
insert into Message (MessageID, SenderID, ReceiverID, Content, Created, LastUpdate) values (51, 93, 73, 'praesent lectus vestibulum quam sapien varius ut', CURRENT_TIMESTAMP, CURRENT_TIMESTAMP);
insert into Message (MessageID, SenderID, ReceiverID, Content, Created, LastUpdate) values (52, 70, 63, 'fusce congue diam id ornare imperdiet', CURRENT_TIMESTAMP, CURRENT_TIMESTAMP);
insert into Message (MessageID, SenderID, ReceiverID, Content, Created, LastUpdate) values (53, 27, 52, 'ipsum aliquam non mauris morbi', CURRENT_TIMESTAMP, CURRENT_TIMESTAMP);
insert into Message (MessageID, SenderID, ReceiverID, Content, Created, LastUpdate) values (54, 83, 93, 'porta volutpat quam pede', CURRENT_TIMESTAMP, CURRENT_TIMESTAMP);
insert into Message (MessageID, SenderID, ReceiverID, Content, Created, LastUpdate) values (55, 6, 61, 'adipiscing elit proin interdum', CURRENT_TIMESTAMP, CURRENT_TIMESTAMP);
insert into Message (MessageID, SenderID, ReceiverID, Content, Created, LastUpdate) values (56, 30, 54, 'risus semper porta volutpat quam', CURRENT_TIMESTAMP, CURRENT_TIMESTAMP);
insert into Message (MessageID, SenderID, ReceiverID, Content, Created, LastUpdate) values (57, 54, 85, 'ante vel ipsum praesent blandit lacinia', CURRENT_TIMESTAMP, CURRENT_TIMESTAMP);
insert into Message (MessageID, SenderID, ReceiverID, Content, Created, LastUpdate) values (58, 72, 58, 'enim lorem ipsum dolor sit amet consectetuer adipiscing', CURRENT_TIMESTAMP, CURRENT_TIMESTAMP);
insert into Message (MessageID, SenderID, ReceiverID, Content, Created, LastUpdate) values (59, 8, 59, 'donec semper sapien a', CURRENT_TIMESTAMP, CURRENT_TIMESTAMP);
insert into Message (MessageID, SenderID, ReceiverID, Content, Created, LastUpdate) values (60, 63, 6, 'justo maecenas rhoncus aliquam', CURRENT_TIMESTAMP, CURRENT_TIMESTAMP);
insert into Message (MessageID, SenderID, ReceiverID, Content, Created, LastUpdate) values (61, 14, 23, 'eros elementum pellentesque quisque porta', CURRENT_TIMESTAMP, CURRENT_TIMESTAMP);
insert into Message (MessageID, SenderID, ReceiverID, Content, Created, LastUpdate) values (62, 73, 69, 'orci luctus et ultrices posuere', CURRENT_TIMESTAMP, CURRENT_TIMESTAMP);
insert into Message (MessageID, SenderID, ReceiverID, Content, Created, LastUpdate) values (63, 51, 23, 'molestie hendrerit at vulputate', CURRENT_TIMESTAMP, CURRENT_TIMESTAMP);
insert into Message (MessageID, SenderID, ReceiverID, Content, Created, LastUpdate) values (64, 74, 7, 'turpis sed ante vivamus tortor duis mattis egestas', CURRENT_TIMESTAMP, CURRENT_TIMESTAMP);
insert into Message (MessageID, SenderID, ReceiverID, Content, Created, LastUpdate) values (65, 86, 93, 'diam id ornare imperdiet sapien urna pretium nisl', CURRENT_TIMESTAMP, CURRENT_TIMESTAMP);
insert into Message (MessageID, SenderID, ReceiverID, Content, Created, LastUpdate) values (66, 68, 25, 'suscipit ligula in lacus curabitur at', CURRENT_TIMESTAMP, CURRENT_TIMESTAMP);
insert into Message (MessageID, SenderID, ReceiverID, Content, Created, LastUpdate) values (67, 75, 41, 'vestibulum eget vulputate ut ultrices vel augue', CURRENT_TIMESTAMP, CURRENT_TIMESTAMP);
insert into Message (MessageID, SenderID, ReceiverID, Content, Created, LastUpdate) values (68, 46, 52, 'ullamcorper augue a suscipit nulla elit ac', CURRENT_TIMESTAMP, CURRENT_TIMESTAMP);
insert into Message (MessageID, SenderID, ReceiverID, Content, Created, LastUpdate) values (69, 51, 59, 'quis turpis sed ante vivamus', CURRENT_TIMESTAMP, CURRENT_TIMESTAMP);
insert into Message (MessageID, SenderID, ReceiverID, Content, Created, LastUpdate) values (70, 25, 13, 'pede justo eu massa', CURRENT_TIMESTAMP, CURRENT_TIMESTAMP);
insert into Message (MessageID, SenderID, ReceiverID, Content, Created, LastUpdate) values (71, 6, 22, 'cubilia curae duis faucibus accumsan odio curabitur', CURRENT_TIMESTAMP, CURRENT_TIMESTAMP);
insert into Message (MessageID, SenderID, ReceiverID, Content, Created, LastUpdate) values (72, 75, 96, 'turpis nec euismod scelerisque quam', CURRENT_TIMESTAMP, CURRENT_TIMESTAMP);
insert into Message (MessageID, SenderID, ReceiverID, Content, Created, LastUpdate) values (73, 10, 67, 'libero non mattis pulvinar nulla pede', CURRENT_TIMESTAMP, CURRENT_TIMESTAMP);
insert into Message (MessageID, SenderID, ReceiverID, Content, Created, LastUpdate) values (74, 18, 77, 'consequat ut nulla sed accumsan felis ut', CURRENT_TIMESTAMP, CURRENT_TIMESTAMP);
insert into Message (MessageID, SenderID, ReceiverID, Content, Created, LastUpdate) values (75, 43, 9, 'mattis pulvinar nulla pede ullamcorper augue a', CURRENT_TIMESTAMP, CURRENT_TIMESTAMP);
insert into Message (MessageID, SenderID, ReceiverID, Content, Created, LastUpdate) values (76, 67, 37, 'justo in blandit ultrices enim', CURRENT_TIMESTAMP, CURRENT_TIMESTAMP);
insert into Message (MessageID, SenderID, ReceiverID, Content, Created, LastUpdate) values (77, 28, 38, 'amet consectetuer adipiscing elit proin risus', CURRENT_TIMESTAMP, CURRENT_TIMESTAMP);
insert into Message (MessageID, SenderID, ReceiverID, Content, Created, LastUpdate) values (78, 93, 69, 'nullam porttitor lacus at', CURRENT_TIMESTAMP, CURRENT_TIMESTAMP);
insert into Message (MessageID, SenderID, ReceiverID, Content, Created, LastUpdate) values (79, 20, 15, 'phasellus id sapien in sapien iaculis', CURRENT_TIMESTAMP, CURRENT_TIMESTAMP);
insert into Message (MessageID, SenderID, ReceiverID, Content, Created, LastUpdate) values (80, 10, 20, 'pellentesque at nulla suspendisse potenti cras', CURRENT_TIMESTAMP, CURRENT_TIMESTAMP);
insert into Message (MessageID, SenderID, ReceiverID, Content, Created, LastUpdate) values (81, 34, 85, 'est phasellus sit amet', CURRENT_TIMESTAMP, CURRENT_TIMESTAMP);
insert into Message (MessageID, SenderID, ReceiverID, Content, Created, LastUpdate) values (82, 56, 37, 'donec ut dolor morbi vel lectus in', CURRENT_TIMESTAMP, CURRENT_TIMESTAMP);
insert into Message (MessageID, SenderID, ReceiverID, Content, Created, LastUpdate) values (83, 57, 41, 'purus aliquet at feugiat', CURRENT_TIMESTAMP, CURRENT_TIMESTAMP);
insert into Message (MessageID, SenderID, ReceiverID, Content, Created, LastUpdate) values (84, 9, 40, 'sit amet sapien dignissim', CURRENT_TIMESTAMP, CURRENT_TIMESTAMP);
insert into Message (MessageID, SenderID, ReceiverID, Content, Created, LastUpdate) values (85, 10, 94, 'ipsum primis in faucibus orci', CURRENT_TIMESTAMP, CURRENT_TIMESTAMP);
insert into Message (MessageID, SenderID, ReceiverID, Content, Created, LastUpdate) values (86, 62, 69, 'urna ut tellus nulla', CURRENT_TIMESTAMP, CURRENT_TIMESTAMP);
insert into Message (MessageID, SenderID, ReceiverID, Content, Created, LastUpdate) values (87, 22, 40, 'morbi vestibulum velit id pretium iaculis diam', CURRENT_TIMESTAMP, CURRENT_TIMESTAMP);
insert into Message (MessageID, SenderID, ReceiverID, Content, Created, LastUpdate) values (88, 9, 71, 'massa volutpat convallis morbi', CURRENT_TIMESTAMP, CURRENT_TIMESTAMP);
insert into Message (MessageID, SenderID, ReceiverID, Content, Created, LastUpdate) values (89, 7, 39, 'venenatis lacinia aenean sit amet justo morbi ut', CURRENT_TIMESTAMP, CURRENT_TIMESTAMP);
insert into Message (MessageID, SenderID, ReceiverID, Content, Created, LastUpdate) values (90, 47, 70, 'quis turpis sed ante vivamus tortor duis', CURRENT_TIMESTAMP, CURRENT_TIMESTAMP);
insert into Message (MessageID, SenderID, ReceiverID, Content, Created, LastUpdate) values (91, 6, 28, 'mauris eget massa tempor convallis nulla neque', CURRENT_TIMESTAMP, CURRENT_TIMESTAMP);
insert into Message (MessageID, SenderID, ReceiverID, Content, Created, LastUpdate) values (92, 49, 31, 'enim lorem ipsum dolor sit amet', CURRENT_TIMESTAMP, CURRENT_TIMESTAMP);
insert into Message (MessageID, SenderID, ReceiverID, Content, Created, LastUpdate) values (93, 59, 98, 'turpis adipiscing lorem vitae mattis nibh ligula', CURRENT_TIMESTAMP, CURRENT_TIMESTAMP);
insert into Message (MessageID, SenderID, ReceiverID, Content, Created, LastUpdate) values (94, 80, 28, 'justo maecenas rhoncus aliquam lacus morbi quis tortor', CURRENT_TIMESTAMP, CURRENT_TIMESTAMP);
insert into Message (MessageID, SenderID, ReceiverID, Content, Created, LastUpdate) values (95, 58, 78, 'rutrum nulla tellus in sagittis dui vel nisl', CURRENT_TIMESTAMP, CURRENT_TIMESTAMP);
insert into Message (MessageID, SenderID, ReceiverID, Content, Created, LastUpdate) values (96, 41, 66, 'massa quis augue luctus tincidunt nulla mollis', CURRENT_TIMESTAMP, CURRENT_TIMESTAMP);
insert into Message (MessageID, SenderID, ReceiverID, Content, Created, LastUpdate) values (97, 24, 16, 'eu massa donec dapibus', CURRENT_TIMESTAMP, CURRENT_TIMESTAMP);
insert into Message (MessageID, SenderID, ReceiverID, Content, Created, LastUpdate) values (98, 80, 16, 'leo odio condimentum id luctus', CURRENT_TIMESTAMP, CURRENT_TIMESTAMP);
insert into Message (MessageID, SenderID, ReceiverID, Content, Created, LastUpdate) values (99, 71, 26, 'vivamus vestibulum sagittis sapien cum sociis', CURRENT_TIMESTAMP, CURRENT_TIMESTAMP);
insert into Message (MessageID, SenderID, ReceiverID, Content, Created, LastUpdate) values (100, 50, 58, 'integer ac neque duis', CURRENT_TIMESTAMP, CURRENT_TIMESTAMP);
insert into Message (MessageID, SenderID, ReceiverID, Content, Created, LastUpdate) values (101, 53, 26, 'amet cursus id turpis integer aliquet massa id', CURRENT_TIMESTAMP, CURRENT_TIMESTAMP);
insert into Message (MessageID, SenderID, ReceiverID, Content, Created, LastUpdate) values (102, 66, 84, 'dapibus duis at velit eu est', CURRENT_TIMESTAMP, CURRENT_TIMESTAMP);
insert into Message (MessageID, SenderID, ReceiverID, Content, Created, LastUpdate) values (103, 21, 14, 'nulla suspendisse potenti cras in purus eu magna', CURRENT_TIMESTAMP, CURRENT_TIMESTAMP);
insert into Message (MessageID, SenderID, ReceiverID, Content, Created, LastUpdate) values (104, 53, 87, 'nunc rhoncus dui vel sem sed sagittis nam', CURRENT_TIMESTAMP, CURRENT_TIMESTAMP);
insert into Message (MessageID, SenderID, ReceiverID, Content, Created, LastUpdate) values (105, 60, 43, 'eu magna vulputate luctus cum sociis natoque', CURRENT_TIMESTAMP, CURRENT_TIMESTAMP);
insert into Message (MessageID, SenderID, ReceiverID, Content, Created, LastUpdate) values (106, 4, 100, 'morbi vel lectus in quam', CURRENT_TIMESTAMP, CURRENT_TIMESTAMP);
insert into Message (MessageID, SenderID, ReceiverID, Content, Created, LastUpdate) values (107, 11, 75, 'nibh ligula nec sem duis aliquam', CURRENT_TIMESTAMP, CURRENT_TIMESTAMP);
insert into Message (MessageID, SenderID, ReceiverID, Content, Created, LastUpdate) values (108, 73, 17, 'venenatis lacinia aenean sit amet justo', CURRENT_TIMESTAMP, CURRENT_TIMESTAMP);
insert into Message (MessageID, SenderID, ReceiverID, Content, Created, LastUpdate) values (109, 15, 99, 'magna at nunc commodo', CURRENT_TIMESTAMP, CURRENT_TIMESTAMP);
insert into Message (MessageID, SenderID, ReceiverID, Content, Created, LastUpdate) values (110, 30, 85, 'non ligula pellentesque ultrices phasellus id sapien', CURRENT_TIMESTAMP, CURRENT_TIMESTAMP);
insert into Message (MessageID, SenderID, ReceiverID, Content, Created, LastUpdate) values (111, 16, 90, 'vestibulum ante ipsum primis in faucibus orci', CURRENT_TIMESTAMP, CURRENT_TIMESTAMP);
insert into Message (MessageID, SenderID, ReceiverID, Content, Created, LastUpdate) values (112, 66, 24, 'nulla nunc purus phasellus in', CURRENT_TIMESTAMP, CURRENT_TIMESTAMP);
insert into Message (MessageID, SenderID, ReceiverID, Content, Created, LastUpdate) values (113, 7, 89, 'justo sollicitudin ut suscipit a feugiat et', CURRENT_TIMESTAMP, CURRENT_TIMESTAMP);
insert into Message (MessageID, SenderID, ReceiverID, Content, Created, LastUpdate) values (114, 69, 92, 'nec euismod scelerisque quam turpis', CURRENT_TIMESTAMP, CURRENT_TIMESTAMP);
insert into Message (MessageID, SenderID, ReceiverID, Content, Created, LastUpdate) values (115, 75, 61, 'erat eros viverra eget congue', CURRENT_TIMESTAMP, CURRENT_TIMESTAMP);
insert into Message (MessageID, SenderID, ReceiverID, Content, Created, LastUpdate) values (116, 61, 47, 'sit amet consectetuer adipiscing elit', CURRENT_TIMESTAMP, CURRENT_TIMESTAMP);
insert into Message (MessageID, SenderID, ReceiverID, Content, Created, LastUpdate) values (117, 44, 68, 'id massa id nisl venenatis', CURRENT_TIMESTAMP, CURRENT_TIMESTAMP);
insert into Message (MessageID, SenderID, ReceiverID, Content, Created, LastUpdate) values (118, 1, 19, 'interdum in ante vestibulum ante ipsum', CURRENT_TIMESTAMP, CURRENT_TIMESTAMP);
insert into Message (MessageID, SenderID, ReceiverID, Content, Created, LastUpdate) values (119, 75, 53, 'ut at dolor quis odio', CURRENT_TIMESTAMP, CURRENT_TIMESTAMP);
insert into Message (MessageID, SenderID, ReceiverID, Content, Created, LastUpdate) values (120, 100, 10, 'justo sollicitudin ut suscipit a', CURRENT_TIMESTAMP, CURRENT_TIMESTAMP);
insert into Message (MessageID, SenderID, ReceiverID, Content, Created, LastUpdate) values (121, 24, 46, 'elit proin interdum mauris non ligula pellentesque ultrices', CURRENT_TIMESTAMP, CURRENT_TIMESTAMP);
insert into Message (MessageID, SenderID, ReceiverID, Content, Created, LastUpdate) values (122, 36, 14, 'eu felis fusce posuere felis sed lacus', CURRENT_TIMESTAMP, CURRENT_TIMESTAMP);
insert into Message (MessageID, SenderID, ReceiverID, Content, Created, LastUpdate) values (123, 74, 93, 'tincidunt lacus at velit vivamus vel nulla eget', CURRENT_TIMESTAMP, CURRENT_TIMESTAMP);
insert into Message (MessageID, SenderID, ReceiverID, Content, Created, LastUpdate) values (124, 99, 48, 'ultrices libero non mattis pulvinar nulla', CURRENT_TIMESTAMP, CURRENT_TIMESTAMP);
insert into Message (MessageID, SenderID, ReceiverID, Content, Created, LastUpdate) values (125, 38, 58, 'mauris lacinia sapien quis libero nullam sit', CURRENT_TIMESTAMP, CURRENT_TIMESTAMP);
insert into Message (MessageID, SenderID, ReceiverID, Content, Created, LastUpdate) values (126, 50, 6, 'elementum pellentesque quisque porta volutpat erat quisque', CURRENT_TIMESTAMP, CURRENT_TIMESTAMP);
insert into Message (MessageID, SenderID, ReceiverID, Content, Created, LastUpdate) values (127, 46, 94, 'adipiscing lorem vitae mattis nibh', CURRENT_TIMESTAMP, CURRENT_TIMESTAMP);
insert into Message (MessageID, SenderID, ReceiverID, Content, Created, LastUpdate) values (128, 84, 80, 'blandit ultrices enim lorem ipsum', CURRENT_TIMESTAMP, CURRENT_TIMESTAMP);
insert into Message (MessageID, SenderID, ReceiverID, Content, Created, LastUpdate) values (129, 99, 51, 'nunc nisl duis bibendum felis sed interdum venenatis', CURRENT_TIMESTAMP, CURRENT_TIMESTAMP);
insert into Message (MessageID, SenderID, ReceiverID, Content, Created, LastUpdate) values (130, 40, 42, 'curabitur at ipsum ac tellus semper', CURRENT_TIMESTAMP, CURRENT_TIMESTAMP);
insert into Message (MessageID, SenderID, ReceiverID, Content, Created, LastUpdate) values (131, 6, 33, 'posuere cubilia curae donec pharetra', CURRENT_TIMESTAMP, CURRENT_TIMESTAMP);
insert into Message (MessageID, SenderID, ReceiverID, Content, Created, LastUpdate) values (132, 51, 46, 'lacus morbi quis tortor id', CURRENT_TIMESTAMP, CURRENT_TIMESTAMP);
insert into Message (MessageID, SenderID, ReceiverID, Content, Created, LastUpdate) values (133, 49, 91, 'cras pellentesque volutpat dui maecenas tristique', CURRENT_TIMESTAMP, CURRENT_TIMESTAMP);
insert into Message (MessageID, SenderID, ReceiverID, Content, Created, LastUpdate) values (134, 82, 56, 'id nisl venenatis lacinia aenean', CURRENT_TIMESTAMP, CURRENT_TIMESTAMP);
insert into Message (MessageID, SenderID, ReceiverID, Content, Created, LastUpdate) values (135, 11, 77, 'cursus vestibulum proin eu mi nulla ac enim', CURRENT_TIMESTAMP, CURRENT_TIMESTAMP);
insert into Message (MessageID, SenderID, ReceiverID, Content, Created, LastUpdate) values (136, 31, 70, 'bibendum imperdiet nullam orci', CURRENT_TIMESTAMP, CURRENT_TIMESTAMP);
insert into Message (MessageID, SenderID, ReceiverID, Content, Created, LastUpdate) values (137, 72, 98, 'nonummy maecenas tincidunt lacus at velit vivamus', CURRENT_TIMESTAMP, CURRENT_TIMESTAMP);
insert into Message (MessageID, SenderID, ReceiverID, Content, Created, LastUpdate) values (138, 26, 13, 'donec ut mauris eget massa tempor convallis nulla', CURRENT_TIMESTAMP, CURRENT_TIMESTAMP);
insert into Message (MessageID, SenderID, ReceiverID, Content, Created, LastUpdate) values (139, 79, 72, 'nam nulla integer pede', CURRENT_TIMESTAMP, CURRENT_TIMESTAMP);
insert into Message (MessageID, SenderID, ReceiverID, Content, Created, LastUpdate) values (140, 52, 59, 'nisi volutpat eleifend donec ut dolor', CURRENT_TIMESTAMP, CURRENT_TIMESTAMP);
insert into Message (MessageID, SenderID, ReceiverID, Content, Created, LastUpdate) values (141, 35, 92, 'donec semper sapien a libero', CURRENT_TIMESTAMP, CURRENT_TIMESTAMP);
insert into Message (MessageID, SenderID, ReceiverID, Content, Created, LastUpdate) values (142, 42, 51, 'dolor sit amet consectetuer adipiscing elit', CURRENT_TIMESTAMP, CURRENT_TIMESTAMP);
insert into Message (MessageID, SenderID, ReceiverID, Content, Created, LastUpdate) values (143, 77, 98, 'sed magna at nunc commodo', CURRENT_TIMESTAMP, CURRENT_TIMESTAMP);
insert into Message (MessageID, SenderID, ReceiverID, Content, Created, LastUpdate) values (144, 94, 62, 'mauris eget massa tempor convallis nulla neque', CURRENT_TIMESTAMP, CURRENT_TIMESTAMP);
insert into Message (MessageID, SenderID, ReceiverID, Content, Created, LastUpdate) values (145, 39, 56, 'ultrices posuere cubilia curae donec pharetra magna vestibulum', CURRENT_TIMESTAMP, CURRENT_TIMESTAMP);
insert into Message (MessageID, SenderID, ReceiverID, Content, Created, LastUpdate) values (146, 85, 65, 'augue vestibulum rutrum rutrum neque', CURRENT_TIMESTAMP, CURRENT_TIMESTAMP);
insert into Message (MessageID, SenderID, ReceiverID, Content, Created, LastUpdate) values (147, 45, 83, 'nulla ultrices aliquet maecenas leo odio', CURRENT_TIMESTAMP, CURRENT_TIMESTAMP);
insert into Message (MessageID, SenderID, ReceiverID, Content, Created, LastUpdate) values (148, 27, 18, 'dui proin leo odio porttitor id consequat in', CURRENT_TIMESTAMP, CURRENT_TIMESTAMP);
insert into Message (MessageID, SenderID, ReceiverID, Content, Created, LastUpdate) values (149, 73, 98, 'sodales scelerisque mauris sit amet eros', CURRENT_TIMESTAMP, CURRENT_TIMESTAMP);
insert into Message (MessageID, SenderID, ReceiverID, Content, Created, LastUpdate) values (150, 72, 40, 'magna vulputate luctus cum sociis natoque', CURRENT_TIMESTAMP, CURRENT_TIMESTAMP);
insert into Message (MessageID, SenderID, ReceiverID, Content, Created, LastUpdate) values (151, 7, 76, 'at ipsum ac tellus semper interdum mauris', CURRENT_TIMESTAMP, CURRENT_TIMESTAMP);
insert into Message (MessageID, SenderID, ReceiverID, Content, Created, LastUpdate) values (152, 10, 92, 'magna vestibulum aliquet ultrices erat tortor sollicitudin mi', CURRENT_TIMESTAMP, CURRENT_TIMESTAMP);
insert into Message (MessageID, SenderID, ReceiverID, Content, Created, LastUpdate) values (153, 12, 96, 'nulla ultrices aliquet maecenas', CURRENT_TIMESTAMP, CURRENT_TIMESTAMP);
insert into Message (MessageID, SenderID, ReceiverID, Content, Created, LastUpdate) values (154, 2, 4, 'orci mauris lacinia sapien quis libero', CURRENT_TIMESTAMP, CURRENT_TIMESTAMP);
insert into Message (MessageID, SenderID, ReceiverID, Content, Created, LastUpdate) values (155, 75, 5, 'quam nec dui luctus rutrum', CURRENT_TIMESTAMP, CURRENT_TIMESTAMP);
insert into Message (MessageID, SenderID, ReceiverID, Content, Created, LastUpdate) values (156, 13, 15, 'nec condimentum neque sapien placerat', CURRENT_TIMESTAMP, CURRENT_TIMESTAMP);
insert into Message (MessageID, SenderID, ReceiverID, Content, Created, LastUpdate) values (157, 61, 46, 'lacus morbi quis tortor id', CURRENT_TIMESTAMP, CURRENT_TIMESTAMP);
insert into Message (MessageID, SenderID, ReceiverID, Content, Created, LastUpdate) values (158, 54, 100, 'vel enim sit amet nunc viverra dapibus nulla', CURRENT_TIMESTAMP, CURRENT_TIMESTAMP);
insert into Message (MessageID, SenderID, ReceiverID, Content, Created, LastUpdate) values (159, 2, 23, 'ut nunc vestibulum ante ipsum', CURRENT_TIMESTAMP, CURRENT_TIMESTAMP);
insert into Message (MessageID, SenderID, ReceiverID, Content, Created, LastUpdate) values (160, 48, 90, 'tincidunt in leo maecenas', CURRENT_TIMESTAMP, CURRENT_TIMESTAMP);
insert into Message (MessageID, SenderID, ReceiverID, Content, Created, LastUpdate) values (161, 80, 54, 'donec odio justo sollicitudin ut suscipit a feugiat', CURRENT_TIMESTAMP, CURRENT_TIMESTAMP);
insert into Message (MessageID, SenderID, ReceiverID, Content, Created, LastUpdate) values (162, 27, 83, 'sapien cum sociis natoque penatibus et magnis dis', CURRENT_TIMESTAMP, CURRENT_TIMESTAMP);
insert into Message (MessageID, SenderID, ReceiverID, Content, Created, LastUpdate) values (163, 60, 27, 'augue a suscipit nulla', CURRENT_TIMESTAMP, CURRENT_TIMESTAMP);
insert into Message (MessageID, SenderID, ReceiverID, Content, Created, LastUpdate) values (164, 15, 64, 'pretium iaculis justo in', CURRENT_TIMESTAMP, CURRENT_TIMESTAMP);
insert into Message (MessageID, SenderID, ReceiverID, Content, Created, LastUpdate) values (165, 69, 68, 'augue aliquam erat volutpat in congue etiam', CURRENT_TIMESTAMP, CURRENT_TIMESTAMP);
insert into Message (MessageID, SenderID, ReceiverID, Content, Created, LastUpdate) values (166, 67, 28, 'sapien cum sociis natoque penatibus et', CURRENT_TIMESTAMP, CURRENT_TIMESTAMP);
insert into Message (MessageID, SenderID, ReceiverID, Content, Created, LastUpdate) values (167, 52, 45, 'volutpat in congue etiam justo etiam pretium', CURRENT_TIMESTAMP, CURRENT_TIMESTAMP);
insert into Message (MessageID, SenderID, ReceiverID, Content, Created, LastUpdate) values (168, 97, 94, 'ut rhoncus aliquet pulvinar sed nisl nunc', CURRENT_TIMESTAMP, CURRENT_TIMESTAMP);
insert into Message (MessageID, SenderID, ReceiverID, Content, Created, LastUpdate) values (169, 51, 60, 'in blandit ultrices enim lorem ipsum dolor', CURRENT_TIMESTAMP, CURRENT_TIMESTAMP);
insert into Message (MessageID, SenderID, ReceiverID, Content, Created, LastUpdate) values (170, 70, 54, 'placerat ante nulla justo aliquam quis turpis', CURRENT_TIMESTAMP, CURRENT_TIMESTAMP);
insert into Message (MessageID, SenderID, ReceiverID, Content, Created, LastUpdate) values (171, 84, 7, 'quis orci nullam molestie nibh in', CURRENT_TIMESTAMP, CURRENT_TIMESTAMP);
insert into Message (MessageID, SenderID, ReceiverID, Content, Created, LastUpdate) values (172, 59, 11, 'tellus semper interdum mauris', CURRENT_TIMESTAMP, CURRENT_TIMESTAMP);
insert into Message (MessageID, SenderID, ReceiverID, Content, Created, LastUpdate) values (173, 68, 92, 'nulla pede ullamcorper augue a suscipit nulla', CURRENT_TIMESTAMP, CURRENT_TIMESTAMP);
insert into Message (MessageID, SenderID, ReceiverID, Content, Created, LastUpdate) values (174, 99, 92, 'curae mauris viverra diam vitae quam suspendisse', CURRENT_TIMESTAMP, CURRENT_TIMESTAMP);
insert into Message (MessageID, SenderID, ReceiverID, Content, Created, LastUpdate) values (175, 93, 75, 'amet eleifend pede libero quis orci', CURRENT_TIMESTAMP, CURRENT_TIMESTAMP);
insert into Message (MessageID, SenderID, ReceiverID, Content, Created, LastUpdate) values (176, 81, 94, 'imperdiet et commodo vulputate justo in', CURRENT_TIMESTAMP, CURRENT_TIMESTAMP);
insert into Message (MessageID, SenderID, ReceiverID, Content, Created, LastUpdate) values (177, 64, 12, 'pellentesque quisque porta volutpat', CURRENT_TIMESTAMP, CURRENT_TIMESTAMP);
insert into Message (MessageID, SenderID, ReceiverID, Content, Created, LastUpdate) values (178, 92, 90, 'ornare imperdiet sapien urna pretium', CURRENT_TIMESTAMP, CURRENT_TIMESTAMP);
insert into Message (MessageID, SenderID, ReceiverID, Content, Created, LastUpdate) values (179, 36, 65, 'quam sollicitudin vitae consectetuer', CURRENT_TIMESTAMP, CURRENT_TIMESTAMP);
insert into Message (MessageID, SenderID, ReceiverID, Content, Created, LastUpdate) values (180, 72, 33, 'consequat in consequat ut nulla sed accumsan', CURRENT_TIMESTAMP, CURRENT_TIMESTAMP);
insert into Message (MessageID, SenderID, ReceiverID, Content, Created, LastUpdate) values (181, 7, 73, 'sem sed sagittis nam', CURRENT_TIMESTAMP, CURRENT_TIMESTAMP);
insert into Message (MessageID, SenderID, ReceiverID, Content, Created, LastUpdate) values (182, 47, 99, 'mauris vulputate elementum nullam varius nulla facilisi cras', CURRENT_TIMESTAMP, CURRENT_TIMESTAMP);
insert into Message (MessageID, SenderID, ReceiverID, Content, Created, LastUpdate) values (183, 47, 91, 'quis libero nullam sit', CURRENT_TIMESTAMP, CURRENT_TIMESTAMP);
insert into Message (MessageID, SenderID, ReceiverID, Content, Created, LastUpdate) values (184, 36, 4, 'luctus et ultrices posuere cubilia curae nulla dapibus', CURRENT_TIMESTAMP, CURRENT_TIMESTAMP);
insert into Message (MessageID, SenderID, ReceiverID, Content, Created, LastUpdate) values (185, 61, 45, 'leo maecenas pulvinar lobortis est phasellus sit', CURRENT_TIMESTAMP, CURRENT_TIMESTAMP);
insert into Message (MessageID, SenderID, ReceiverID, Content, Created, LastUpdate) values (186, 65, 45, 'ultrices libero non mattis', CURRENT_TIMESTAMP, CURRENT_TIMESTAMP);
insert into Message (MessageID, SenderID, ReceiverID, Content, Created, LastUpdate) values (187, 86, 82, 'amet turpis elementum ligula vehicula consequat morbi', CURRENT_TIMESTAMP, CURRENT_TIMESTAMP);
insert into Message (MessageID, SenderID, ReceiverID, Content, Created, LastUpdate) values (188, 71, 52, 'tincidunt eu felis fusce posuere felis sed lacus', CURRENT_TIMESTAMP, CURRENT_TIMESTAMP);
insert into Message (MessageID, SenderID, ReceiverID, Content, Created, LastUpdate) values (189, 2, 61, 'faucibus cursus urna ut tellus nulla ut', CURRENT_TIMESTAMP, CURRENT_TIMESTAMP);
insert into Message (MessageID, SenderID, ReceiverID, Content, Created, LastUpdate) values (190, 78, 73, 'nam nulla integer pede justo lacinia eget tincidunt', CURRENT_TIMESTAMP, CURRENT_TIMESTAMP);
insert into Message (MessageID, SenderID, ReceiverID, Content, Created, LastUpdate) values (191, 23, 61, 'pulvinar sed nisl nunc', CURRENT_TIMESTAMP, CURRENT_TIMESTAMP);
insert into Message (MessageID, SenderID, ReceiverID, Content, Created, LastUpdate) values (192, 79, 22, 'et magnis dis parturient montes', CURRENT_TIMESTAMP, CURRENT_TIMESTAMP);
insert into Message (MessageID, SenderID, ReceiverID, Content, Created, LastUpdate) values (193, 51, 92, 'dictumst etiam faucibus cursus urna ut', CURRENT_TIMESTAMP, CURRENT_TIMESTAMP);
insert into Message (MessageID, SenderID, ReceiverID, Content, Created, LastUpdate) values (194, 95, 30, 'orci luctus et ultrices posuere cubilia', CURRENT_TIMESTAMP, CURRENT_TIMESTAMP);
insert into Message (MessageID, SenderID, ReceiverID, Content, Created, LastUpdate) values (195, 60, 26, 'mi integer ac neque duis bibendum', CURRENT_TIMESTAMP, CURRENT_TIMESTAMP);
insert into Message (MessageID, SenderID, ReceiverID, Content, Created, LastUpdate) values (196, 88, 95, 'faucibus orci luctus et ultrices posuere cubilia', CURRENT_TIMESTAMP, CURRENT_TIMESTAMP);
insert into Message (MessageID, SenderID, ReceiverID, Content, Created, LastUpdate) values (197, 94, 71, 'nisl venenatis lacinia aenean', CURRENT_TIMESTAMP, CURRENT_TIMESTAMP);
insert into Message (MessageID, SenderID, ReceiverID, Content, Created, LastUpdate) values (198, 37, 72, 'eu massa donec dapibus duis', CURRENT_TIMESTAMP, CURRENT_TIMESTAMP);
insert into Message (MessageID, SenderID, ReceiverID, Content, Created, LastUpdate) values (199, 57, 22, 'amet lobortis sapien sapien non mi', CURRENT_TIMESTAMP, CURRENT_TIMESTAMP);
insert into Message (MessageID, SenderID, ReceiverID, Content, Created, LastUpdate) values (200, 55, 85, 'sed magna at nunc', CURRENT_TIMESTAMP, CURRENT_TIMESTAMP);
insert into Message (MessageID, SenderID, ReceiverID, Content, Created, LastUpdate) values (201, 16, 42, 'ullamcorper augue a suscipit nulla elit ac', CURRENT_TIMESTAMP, CURRENT_TIMESTAMP);
insert into Message (MessageID, SenderID, ReceiverID, Content, Created, LastUpdate) values (202, 18, 55, 'rutrum nulla nunc purus', CURRENT_TIMESTAMP, CURRENT_TIMESTAMP);
insert into Message (MessageID, SenderID, ReceiverID, Content, Created, LastUpdate) values (203, 76, 56, 'at nibh in hac habitasse platea dictumst aliquam', CURRENT_TIMESTAMP, CURRENT_TIMESTAMP);
insert into Message (MessageID, SenderID, ReceiverID, Content, Created, LastUpdate) values (204, 97, 79, 'consequat morbi a ipsum integer', CURRENT_TIMESTAMP, CURRENT_TIMESTAMP);
insert into Message (MessageID, SenderID, ReceiverID, Content, Created, LastUpdate) values (205, 65, 10, 'rutrum rutrum neque aenean auctor gravida', CURRENT_TIMESTAMP, CURRENT_TIMESTAMP);
insert into Message (MessageID, SenderID, ReceiverID, Content, Created, LastUpdate) values (206, 49, 92, 'nunc commodo placerat praesent', CURRENT_TIMESTAMP, CURRENT_TIMESTAMP);
insert into Message (MessageID, SenderID, ReceiverID, Content, Created, LastUpdate) values (207, 85, 34, 'enim lorem ipsum dolor sit amet', CURRENT_TIMESTAMP, CURRENT_TIMESTAMP);
insert into Message (MessageID, SenderID, ReceiverID, Content, Created, LastUpdate) values (208, 20, 42, 'ante ipsum primis in faucibus', CURRENT_TIMESTAMP, CURRENT_TIMESTAMP);
insert into Message (MessageID, SenderID, ReceiverID, Content, Created, LastUpdate) values (209, 27, 14, 'nec condimentum neque sapien', CURRENT_TIMESTAMP, CURRENT_TIMESTAMP);
insert into Message (MessageID, SenderID, ReceiverID, Content, Created, LastUpdate) values (210, 72, 78, 'ut rhoncus aliquet pulvinar', CURRENT_TIMESTAMP, CURRENT_TIMESTAMP);
insert into Message (MessageID, SenderID, ReceiverID, Content, Created, LastUpdate) values (211, 75, 43, 'proin eu mi nulla ac enim in tempor', CURRENT_TIMESTAMP, CURRENT_TIMESTAMP);
insert into Message (MessageID, SenderID, ReceiverID, Content, Created, LastUpdate) values (212, 93, 31, 'id nisl venenatis lacinia aenean sit amet', CURRENT_TIMESTAMP, CURRENT_TIMESTAMP);
insert into Message (MessageID, SenderID, ReceiverID, Content, Created, LastUpdate) values (213, 36, 93, 'id pretium iaculis diam erat fermentum justo', CURRENT_TIMESTAMP, CURRENT_TIMESTAMP);
insert into Message (MessageID, SenderID, ReceiverID, Content, Created, LastUpdate) values (214, 16, 99, 'donec quis orci eget orci vehicula', CURRENT_TIMESTAMP, CURRENT_TIMESTAMP);
insert into Message (MessageID, SenderID, ReceiverID, Content, Created, LastUpdate) values (215, 27, 47, 'nulla suscipit ligula in lacus curabitur at', CURRENT_TIMESTAMP, CURRENT_TIMESTAMP);
insert into Message (MessageID, SenderID, ReceiverID, Content, Created, LastUpdate) values (216, 9, 97, 'dis parturient montes nascetur ridiculus', CURRENT_TIMESTAMP, CURRENT_TIMESTAMP);
insert into Message (MessageID, SenderID, ReceiverID, Content, Created, LastUpdate) values (217, 82, 15, 'rutrum ac lobortis vel', CURRENT_TIMESTAMP, CURRENT_TIMESTAMP);
insert into Message (MessageID, SenderID, ReceiverID, Content, Created, LastUpdate) values (218, 25, 44, 'in faucibus orci luctus et ultrices', CURRENT_TIMESTAMP, CURRENT_TIMESTAMP);
insert into Message (MessageID, SenderID, ReceiverID, Content, Created, LastUpdate) values (219, 77, 86, 'etiam vel augue vestibulum rutrum rutrum', CURRENT_TIMESTAMP, CURRENT_TIMESTAMP);
insert into Message (MessageID, SenderID, ReceiverID, Content, Created, LastUpdate) values (220, 28, 1, 'vel augue vestibulum rutrum', CURRENT_TIMESTAMP, CURRENT_TIMESTAMP);
insert into Message (MessageID, SenderID, ReceiverID, Content, Created, LastUpdate) values (221, 92, 79, 'vivamus metus arcu adipiscing molestie hendrerit at vulputate', CURRENT_TIMESTAMP, CURRENT_TIMESTAMP);
insert into Message (MessageID, SenderID, ReceiverID, Content, Created, LastUpdate) values (222, 2, 78, 'consequat varius integer ac leo', CURRENT_TIMESTAMP, CURRENT_TIMESTAMP);
insert into Message (MessageID, SenderID, ReceiverID, Content, Created, LastUpdate) values (223, 35, 53, 'enim blandit mi in porttitor pede justo', CURRENT_TIMESTAMP, CURRENT_TIMESTAMP);
insert into Message (MessageID, SenderID, ReceiverID, Content, Created, LastUpdate) values (224, 67, 18, 'at turpis donec posuere metus vitae ipsum', CURRENT_TIMESTAMP, CURRENT_TIMESTAMP);
insert into Message (MessageID, SenderID, ReceiverID, Content, Created, LastUpdate) values (225, 14, 84, 'tincidunt in leo maecenas pulvinar lobortis', CURRENT_TIMESTAMP, CURRENT_TIMESTAMP);
insert into Message (MessageID, SenderID, ReceiverID, Content, Created, LastUpdate) values (226, 67, 68, 'nisi vulputate nonummy maecenas tincidunt lacus', CURRENT_TIMESTAMP, CURRENT_TIMESTAMP);
insert into Message (MessageID, SenderID, ReceiverID, Content, Created, LastUpdate) values (227, 10, 27, 'nibh ligula nec sem duis aliquam', CURRENT_TIMESTAMP, CURRENT_TIMESTAMP);
insert into Message (MessageID, SenderID, ReceiverID, Content, Created, LastUpdate) values (228, 1, 15, 'vitae quam suspendisse potenti nullam porttitor lacus at', CURRENT_TIMESTAMP, CURRENT_TIMESTAMP);
insert into Message (MessageID, SenderID, ReceiverID, Content, Created, LastUpdate) values (229, 99, 87, 'duis bibendum felis sed', CURRENT_TIMESTAMP, CURRENT_TIMESTAMP);
insert into Message (MessageID, SenderID, ReceiverID, Content, Created, LastUpdate) values (230, 31, 83, 'donec ut mauris eget', CURRENT_TIMESTAMP, CURRENT_TIMESTAMP);
insert into Message (MessageID, SenderID, ReceiverID, Content, Created, LastUpdate) values (231, 24, 38, 'vel dapibus at diam nam', CURRENT_TIMESTAMP, CURRENT_TIMESTAMP);
insert into Message (MessageID, SenderID, ReceiverID, Content, Created, LastUpdate) values (232, 18, 69, 'pede venenatis non sodales sed tincidunt eu felis', CURRENT_TIMESTAMP, CURRENT_TIMESTAMP);
insert into Message (MessageID, SenderID, ReceiverID, Content, Created, LastUpdate) values (233, 92, 85, 'lorem integer tincidunt ante vel ipsum praesent blandit', CURRENT_TIMESTAMP, CURRENT_TIMESTAMP);
insert into Message (MessageID, SenderID, ReceiverID, Content, Created, LastUpdate) values (234, 69, 14, 'cras non velit nec nisi vulputate nonummy', CURRENT_TIMESTAMP, CURRENT_TIMESTAMP);
insert into Message (MessageID, SenderID, ReceiverID, Content, Created, LastUpdate) values (235, 1, 67, 'rhoncus sed vestibulum sit amet cursus id turpis', CURRENT_TIMESTAMP, CURRENT_TIMESTAMP);
insert into Message (MessageID, SenderID, ReceiverID, Content, Created, LastUpdate) values (236, 97, 75, 'lobortis ligula sit amet eleifend pede libero', CURRENT_TIMESTAMP, CURRENT_TIMESTAMP);
insert into Message (MessageID, SenderID, ReceiverID, Content, Created, LastUpdate) values (237, 79, 77, 'praesent blandit nam nulla integer pede justo', CURRENT_TIMESTAMP, CURRENT_TIMESTAMP);
insert into Message (MessageID, SenderID, ReceiverID, Content, Created, LastUpdate) values (238, 41, 77, 'facilisi cras non velit nec nisi vulputate', CURRENT_TIMESTAMP, CURRENT_TIMESTAMP);
insert into Message (MessageID, SenderID, ReceiverID, Content, Created, LastUpdate) values (239, 89, 88, 'aliquam convallis nunc proin at turpis a', CURRENT_TIMESTAMP, CURRENT_TIMESTAMP);
insert into Message (MessageID, SenderID, ReceiverID, Content, Created, LastUpdate) values (240, 55, 34, 'in felis eu sapien cursus vestibulum proin eu', CURRENT_TIMESTAMP, CURRENT_TIMESTAMP);
insert into Message (MessageID, SenderID, ReceiverID, Content, Created, LastUpdate) values (241, 79, 67, 'at turpis a pede posuere nonummy integer non', CURRENT_TIMESTAMP, CURRENT_TIMESTAMP);
insert into Message (MessageID, SenderID, ReceiverID, Content, Created, LastUpdate) values (242, 58, 65, 'felis sed lacus morbi sem mauris laoreet', CURRENT_TIMESTAMP, CURRENT_TIMESTAMP);
insert into Message (MessageID, SenderID, ReceiverID, Content, Created, LastUpdate) values (243, 7, 6, 'ut dolor morbi vel lectus in quam fringilla', CURRENT_TIMESTAMP, CURRENT_TIMESTAMP);
insert into Message (MessageID, SenderID, ReceiverID, Content, Created, LastUpdate) values (244, 5, 46, 'duis ac nibh fusce lacus purus', CURRENT_TIMESTAMP, CURRENT_TIMESTAMP);
insert into Message (MessageID, SenderID, ReceiverID, Content, Created, LastUpdate) values (245, 78, 67, 'orci vehicula condimentum curabitur in', CURRENT_TIMESTAMP, CURRENT_TIMESTAMP);
insert into Message (MessageID, SenderID, ReceiverID, Content, Created, LastUpdate) values (246, 66, 58, 'amet nunc viverra dapibus nulla suscipit', CURRENT_TIMESTAMP, CURRENT_TIMESTAMP);
insert into Message (MessageID, SenderID, ReceiverID, Content, Created, LastUpdate) values (247, 56, 97, 'ultrices erat tortor sollicitudin mi sit amet lobortis', CURRENT_TIMESTAMP, CURRENT_TIMESTAMP);
insert into Message (MessageID, SenderID, ReceiverID, Content, Created, LastUpdate) values (248, 63, 36, 'vulputate justo in blandit ultrices', CURRENT_TIMESTAMP, CURRENT_TIMESTAMP);
insert into Message (MessageID, SenderID, ReceiverID, Content, Created, LastUpdate) values (249, 77, 5, 'lorem id ligula suspendisse ornare consequat lectus in', CURRENT_TIMESTAMP, CURRENT_TIMESTAMP);
insert into Message (MessageID, SenderID, ReceiverID, Content, Created, LastUpdate) values (250, 99, 68, 'duis mattis egestas metus aenean', CURRENT_TIMESTAMP, CURRENT_TIMESTAMP);


-- Assign certain users in User table to coaches.
UPDATE User SET CoachID = 1 WHERE UserID = 1;
UPDATE User SET CoachID = 1 WHERE UserID = 2;
UPDATE User SET CoachID = 1 WHERE UserID = 3;
UPDATE User SET CoachID = 1 WHERE UserID = 4;
UPDATE User SET CoachID = 2 WHERE UserID = 5;
UPDATE User SET CoachID = 2 WHERE UserID = 6;
UPDATE User SET CoachID = 2 WHERE UserID = 7;
UPDATE User SET CoachID = 2 WHERE UserID = 8;
UPDATE User SET CoachID = 3 WHERE UserID = 9;
-- User 10 does not have a coach
UPDATE User SET CoachID = 3 WHERE UserID = 11;
UPDATE User SET CoachID = 3 WHERE UserID = 12;
UPDATE User SET CoachID = 4 WHERE UserID = 13;
UPDATE User SET CoachID = 4 WHERE UserID = 14;
UPDATE User SET CoachID = 4 WHERE UserID = 15;
UPDATE User SET CoachID = 4 WHERE UserID = 16;
UPDATE User SET CoachID = 5 WHERE UserID = 17;
UPDATE User SET CoachID = 5 WHERE UserID = 18;
UPDATE User SET CoachID = 5 WHERE UserID = 19;
-- User 20 does not have a coach
UPDATE User SET CoachID = 6 WHERE UserID = 21;
UPDATE User SET CoachID = 6 WHERE UserID = 22;
UPDATE User SET CoachID = 6 WHERE UserID = 23;
UPDATE User SET CoachID = 6 WHERE UserID = 24;
UPDATE User SET CoachID = 7 WHERE UserID = 25;
UPDATE User SET CoachID = 7 WHERE UserID = 26;
UPDATE User SET CoachID = 7 WHERE UserID = 27;
UPDATE User SET CoachID = 7 WHERE UserID = 28;
UPDATE User SET CoachID = 8 WHERE UserID = 29;
-- User 30 does not have a coach
UPDATE User SET CoachID = 8 WHERE UserID = 31;
UPDATE User SET CoachID = 8 WHERE UserID = 32;
UPDATE User SET CoachID = 9 WHERE UserID = 33;
UPDATE User SET CoachID = 9 WHERE UserID = 34;
UPDATE User SET CoachID = 9 WHERE UserID = 35;
UPDATE User SET CoachID = 9 WHERE UserID = 36;
UPDATE User SET CoachID = 10 WHERE UserID = 37;
UPDATE User SET CoachID = 10 WHERE UserID = 38;
UPDATE User SET CoachID = 10 WHERE UserID = 39;
-- User 40 does not have a coach
UPDATE User SET CoachID = 11 WHERE UserID = 41;
UPDATE User SET CoachID = 11 WHERE UserID = 42;
UPDATE User SET CoachID = 11 WHERE UserID = 43;
UPDATE User SET CoachID = 11 WHERE UserID = 44;
UPDATE User SET CoachID = 12 WHERE UserID = 45;
UPDATE User SET CoachID = 12 WHERE UserID = 46;
UPDATE User SET CoachID = 12 WHERE UserID = 47;
UPDATE User SET CoachID = 12 WHERE UserID = 48;
UPDATE User SET CoachID = 13 WHERE UserID = 49;
-- User 50 does not have a coach
UPDATE User SET CoachID = 13 WHERE UserID = 51;
UPDATE User SET CoachID = 13 WHERE UserID = 52;
UPDATE User SET CoachID = 14 WHERE UserID = 53;
UPDATE User SET CoachID = 14 WHERE UserID = 54;
UPDATE User SET CoachID = 14 WHERE UserID = 55;
UPDATE User SET CoachID = 14 WHERE UserID = 56;
UPDATE User SET CoachID = 15 WHERE UserID = 57;
UPDATE User SET CoachID = 15 WHERE UserID = 58;
UPDATE User SET CoachID = 15 WHERE UserID = 59;
-- User 60 does not have a coach
UPDATE User SET CoachID = 16 WHERE UserID = 61;
UPDATE User SET CoachID = 16 WHERE UserID = 62;
UPDATE User SET CoachID = 16 WHERE UserID = 63;
UPDATE User SET CoachID = 16 WHERE UserID = 64;
UPDATE User SET CoachID = 17 WHERE UserID = 65;
UPDATE User SET CoachID = 17 WHERE UserID = 66;
UPDATE User SET CoachID = 17 WHERE UserID = 67;
UPDATE User SET CoachID = 17 WHERE UserID = 68;
UPDATE User SET CoachID = 18 WHERE UserID = 69;
-- User 70 does not have a coach
UPDATE User SET CoachID = 18 WHERE UserID = 71;
UPDATE User SET CoachID = 18 WHERE UserID = 72;
UPDATE User SET CoachID = 19 WHERE UserID = 73;
UPDATE User SET CoachID = 19 WHERE UserID = 74;
UPDATE User SET CoachID = 19 WHERE UserID = 75;
UPDATE User SET CoachID = 19 WHERE UserID = 76;
UPDATE User SET CoachID = 20 WHERE UserID = 77;
UPDATE User SET CoachID = 20 WHERE UserID = 78;
UPDATE User SET CoachID = 20 WHERE UserID = 79;
-- User 80 does not have a coach
UPDATE User SET CoachID = 21 WHERE UserID = 81;
UPDATE User SET CoachID = 21 WHERE UserID = 82;
UPDATE User SET CoachID = 21 WHERE UserID = 83;
UPDATE User SET CoachID = 21 WHERE UserID = 84;
UPDATE User SET CoachID = 22 WHERE UserID = 85;
UPDATE User SET CoachID = 22 WHERE UserID = 86;
UPDATE User SET CoachID = 22 WHERE UserID = 87;
UPDATE User SET CoachID = 22 WHERE UserID = 88;
UPDATE User SET CoachID = 23 WHERE UserID = 89;
-- User 90 does not have a coach
UPDATE User SET CoachID = 23 WHERE UserID = 91;
UPDATE User SET CoachID = 23 WHERE UserID = 92;
UPDATE User SET CoachID = 24 WHERE UserID = 93;
UPDATE User SET CoachID = 24 WHERE UserID = 94;
UPDATE User SET CoachID = 24 WHERE UserID = 95;
UPDATE User SET CoachID = 24 WHERE UserID = 96;
UPDATE User SET CoachID = 25 WHERE UserID = 97;
UPDATE User SET CoachID = 25 WHERE UserID = 98;
UPDATE User SET CoachID = 25 WHERE UserID = 99;
-- User 100 does not have a coach